ID	HB AXIS	SEMANTIC FIELD (SENSE)	OPTION DESCRIPTON [SL]	SUGGESTED TRANSLATION [TL]
P_D001	ability	other_disabilities	unspec_unspec_unspec_descriptor	糖尿病
P_D002	ability	other_disabilities	unspec_unspec_unspec_descriptor	免疫力低下的
P_D003	ability	intellectual_and_developmental	unspec_unspec_unspec_descriptor	智力迟钝的
P_D004	age	middle_aged	unspec_unspec_unspec_descriptor	四十多岁的
P_D005	age	old	unspec_unspec_unspec_descriptor	成熟的
P_D006	age	child	unspec_unspec_unspec_descriptor	十多岁的
P_D007	age	young	unspec_unspec_unspec_descriptor	二十多岁的
P_D008	body_type	attractive	unspec_unspec_unspec_descriptor	可爱的
P_D009	body_type	attractive	unspec_unspec_unspec_descriptor	有吸引力的
P_D010	body_type	hair	unspec_unspec_unspec_descriptor	留胡子的
P_D011	body_type	attractive	unspec_unspec_unspec_descriptor	美丽的
P_D012	body_type	fit	unspec_unspec_unspec_descriptor	结实的
P_D013	body_type	large_stature	unspec_unspec_unspec_descriptor	骨架大的
P_D014	body_type	large_stature	unspec_unspec_unspec_descriptor	更大的
P_D015	body_type	hair	unspec_unspec_unspec_descriptor	金发
P_D016	body_type	large_stature	unspec_unspec_unspec_descriptor	健壮的
P_D017	body_type	eye_color	unspec_unspec_unspec_descriptor	褐色眼睛的
P_D018	body_type	hair	unspec_unspec_unspec_descriptor	棕发
P_D019	body_type	skin_color	unspec_unspec_unspec_descriptor	棕色皮肤的
P_D020	body_type	hair	unspec_unspec_unspec_descriptor	刮过脸的
P_D021	body_type	shapes	unspec_unspec_unspec_descriptor	有曲线的
P_D022	body_type	thin	unspec_unspec_unspec_descriptor	娇小的
P_D023	body_type	hair	unspec_unspec_unspec_descriptor	卷发的
P_D024	body_type	shapes	unspec_unspec_unspec_descriptor	丰满的
P_D025	body_type	attractive	unspec_unspec_unspec_descriptor	美丽动人的
P_D026	body_type	eye_color	unspec_unspec_unspec_descriptor	绿眼睛的
P_D027	body_type	hair	unspec_unspec_unspec_descriptor	多毛的
P_D028	body_type	eye_color	unspec_unspec_unspec_descriptor	浅褐色眼睛的
P_D029	body_type	overweight	unspec_unspec_unspec_descriptor	重的
P_D030	body_type	unattractive	unspec_unspec_unspec_descriptor	朴素的
P_D031	body_type	attractive	unspec_unspec_unspec_descriptor	欲火中烧的
P_D032	body_type	attractive	unspec_unspec_unspec_descriptor	结实性感的
P_D033	body_type	thin	unspec_unspec_unspec_descriptor	瘦长的
P_D034	body_type	hair	unspec_unspec_unspec_descriptor	浅发色的
P_D035	body_type	skin_color	unspec_unspec_unspec_descriptor	浅肤色的
P_D036	body_type	medium_stature	unspec_unspec_unspec_descriptor	中等身材的
P_D037	body_type	overweight	unspec_unspec_unspec_descriptor	肥胖的
P_D038	body_type	skin_color	unspec_unspec_unspec_descriptor	橄榄色皮肤的
P_D039	body_type	skin_color	unspec_unspec_unspec_descriptor	皮肤苍白的
P_D040	body_type	small_stature	unspec_unspec_unspec_descriptor	小巧的
P_D041	body_type	unattractive	unspec_unspec_unspec_descriptor	相貌平平的
P_D042	body_type	overweight	unspec_unspec_unspec_descriptor	加大尺码的
P_D043	body_type	hair	unspec_unspec_unspec_descriptor	红发女
P_D044	body_type	small_stature	unspec_unspec_unspec_descriptor	骨瘦如柴的
P_D045	body_type	attractive	unspec_unspec_unspec_descriptor	性感的
P_D046	body_type	hair	unspec_unspec_unspec_descriptor	短发
P_D047	body_type	thin	unspec_unspec_unspec_descriptor	苗条的
P_D048	body_type	large_stature	unspec_unspec_unspec_descriptor	矮胖的
P_D049	body_type	hair	unspec_unspec_unspec_descriptor	直发的
P_D050	body_type	thin	unspec_unspec_unspec_descriptor	修长的
P_D051	body_type	unattractive	unspec_unspec_unspec_descriptor	难看的
P_D052	body_type	hair	unspec_unspec_unspec_descriptor	未刮脸的
P_D053	characteristics	handedness	unspec_unspec_unspec_descriptor	双手灵巧的
P_D054	characteristics	job_status	unspec_unspec_unspec_descriptor	蓝领
P_D055	characteristics	children	unspec_unspec_unspec_descriptor	丁克
P_D056	characteristics	miscellaneous	unspec_unspec_unspec_descriptor	不活动的
P_D057	characteristics	handedness	unspec_unspec_unspec_descriptor	左撇子
P_D058	characteristics	children	unspec_unspec_unspec_descriptor	怀孕的
P_D059	characteristics	handedness	unspec_unspec_unspec_descriptor	惯用右手的
P_D060	characteristics	lifestyle	unspec_unspec_unspec_descriptor	非运动型的
P_D061	cultural	cultural_descriptors	unspec_unspec_unspec_descriptor	国际化
P_D062	cultural	cultural_descriptors	unspec_unspec_unspec_descriptor	哥特式
P_D063	cultural	cultural_descriptors	unspec_unspec_unspec_descriptor	主张人工流产合法的
P_D064	cultural	cultural_descriptors	unspec_unspec_unspec_descriptor	反对人工流产的
P_D065	cultural	cultural_descriptors	unspec_unspec_unspec_descriptor	乡巴佬
P_D066	cultural	cultural_descriptors	unspec_unspec_unspec_descriptor	服务水平低下的
P_D067	gender_and_sex	binary	unspec_unspec_unspec_descriptor	女
P_D068	gender_and_sex	descriptors	unspec_unspec_unspec_descriptor	女性化的
P_D069	gender_and_sex	descriptors	unspec_unspec_unspec_descriptor	女性气质的
P_D070	gender_and_sex	descriptors	unspec_unspec_unspec_descriptor	娘娘腔
P_D071	gender_and_sex	sex	unspec_unspec_unspec_descriptor	双性人
P_D072	gender_and_sex	descriptors	unspec_unspec_unspec_descriptor	大男子主义
P_D073	gender_and_sex	descriptors	unspec_unspec_unspec_descriptor	有男子气概的
P_D074	gender_and_sex	transgender	unspec_unspec_unspec_descriptor	男跨女
P_D075	gender_and_sex	non_binary_or_gnc	unspec_unspec_unspec_descriptor	非二元性别的
P_D076	gender_and_sex	non_binary_or_gnc	unspec_unspec_unspec_descriptor	假小子
P_D077	gender_and_sex	transgender	unspec_unspec_unspec_descriptor	变性的
P_D078	gender_and_sex	descriptors	unspec_unspec_unspec_descriptor	女性
P_D079	nationality	mexico	unspec_unspec_unspec_descriptor	奇卡诺人女性
P_D080	nationality	philippines	unspec_unspec_unspec_descriptor	菲律宾妇女
P_D081	nationality	india	unspec_unspec_unspec_descriptor	印裔美国人
P_D082	nationality	south_korea	unspec_unspec_unspec_descriptor	韩裔美国人
P_D083	nationality	vietnam	unspec_unspec_unspec_descriptor	越南人
P_D084	political_ideologies	all	unspec_unspec_unspec_descriptor	无政府主义者
P_D085	political_ideologies	all	unspec_unspec_unspec_descriptor	共产主义者
P_D086	political_ideologies	all	unspec_unspec_unspec_descriptor	自由论者
P_D087	political_ideologies	all	unspec_unspec_unspec_descriptor	民族主义者
P_D088	political_ideologies	all	unspec_unspec_unspec_descriptor	右翼
P_D089	political_ideologies	all	unspec_unspec_unspec_descriptor	社会主义者
P_D090	race_ethnicity	combined	unspec_unspec_unspec_descriptor	亚裔美洲太平洋岛民
P_D091	race_ethnicity	black	unspec_unspec_unspec_descriptor	非洲裔美国人
P_D092	race_ethnicity	asian	unspec_unspec_unspec_descriptor	亚裔美国人
P_D093	race_ethnicity	asian	unspec_unspec_unspec_descriptor	德西
P_D094	race_ethnicity	latinx	unspec_unspec_unspec_descriptor	拉丁人
P_D095	race_ethnicity	latinx	unspec_unspec_unspec_descriptor	拉美裔女人
P_D096	race_ethnicity	asian	unspec_unspec_unspec_descriptor	东方人
P_D097	religion	all	unspec_unspec_unspec_descriptor	不可知论者
P_D098	religion	all	unspec_unspec_unspec_descriptor	人文主义者
P_D099	religion	all	unspec_unspec_unspec_descriptor	什叶派
P_D100	sexual_orientation	asexual_or_aromantic	unspec_unspec_unspec_descriptor	无性恋
P_D101	sexual_orientation	lesbian	unspec_unspec_unspec_descriptor	女同性恋
P_D102	socioeconomic_class	below_poverty_line	unspec_unspec_unspec_descriptor	低收入
P_D103	socioeconomic_class	upper_class	unspec_unspec_unspec_descriptor	上层阶级
F_D001	ability	null	unspec_unspec_unspec_descriptor	耳聋的
F_D002	ability	auditory	unspec_unspec_unspec_descriptor	耳背的
F_D003	ability	auditory	unspec_unspec_unspec_descriptor	听力受损的
F_D004	ability	intellectual_and_developmental	unspec_unspec_unspec_descriptor	学习障碍
F_D005	ability	intellectual_and_developmental	unspec_unspec_unspec_descriptor	迟缓的
F_D006	ability	mobility	unspec_unspec_unspec_descriptor	肢体残疾的
F_D007	ability	mobility	unspec_unspec_unspec_descriptor	截瘫的
F_D008	ability	mobility	unspec_unspec_unspec_descriptor	瘫痪的
F_D009	ability	mobility	unspec_unspec_unspec_descriptor	四肢瘫痪的
F_D010	ability	mobility	unspec_unspec_unspec_descriptor	坐轮椅的
F_D011	ability	neurological	unspec_unspec_unspec_descriptor	患自闭症的
F_D012	ability	neurological	unspec_unspec_unspec_descriptor	有读写障碍的
F_D013	ability	neurological	unspec_unspec_unspec_descriptor	非典型神经发育的
F_D014	ability	neurological	unspec_unspec_unspec_descriptor	神经多样性的
F_D015	ability	neurological	unspec_unspec_unspec_descriptor	典型神经发育的
F_D016	ability	neurological	unspec_unspec_unspec_descriptor	非典型神经的
F_D017	ability	speech	unspec_unspec_unspec_descriptor	患失语症的
F_D018	ability	speech	unspec_unspec_unspec_descriptor	哑的
F_D019	ability	speech	unspec_unspec_unspec_descriptor	无法开口说话的
F_D020	ability	speech	unspec_unspec_unspec_descriptor	无法开口讲话的
F_D021	ability	speech	unspec_unspec_unspec_descriptor	不能说话的
F_D022	ability	visual	unspec_unspec_unspec_descriptor	失明的
F_D023	ability	visual	unspec_unspec_unspec_descriptor	四眼
F_D024	ability	visual	unspec_unspec_unspec_descriptor	视力不佳的
F_D025	ability	visual	unspec_unspec_unspec_descriptor	视觉障碍的
F_D026	ability	visual	unspec_unspec_unspec_descriptor	戴眼镜的
F_D027	ability	other_disabilities	unspec_unspec_unspec_descriptor	不育的
F_D028	ability	unspecific	unspec_unspec_unspec_descriptor	身体健全的
F_D029	ability	unspecific	unspec_unspec_unspec_descriptor	有残疾的
F_D030	ability	unspecific	unspec_unspec_unspec_descriptor	残障的
F_D031	ability	unspecific	unspec_unspec_unspec_descriptor	残疾的
F_D032	ability	unspecific	unspec_unspec_unspec_descriptor	健全的
F_D033	age	puberty	unspec_unspec_unspec_descriptor	青少年的
F_D034	age	puberty	unspec_unspec_unspec_descriptor	十几岁的
F_D035a	age	young	unspec_unspec_unspec_descriptor	年轻的
F_D035b	age	young	unspec_unspec_unspec_descriptor	幼小的
F_D036a	age	young	unspec_unspec_unspec_descriptor	较年轻的
F_D036b	age	young	unspec_unspec_unspec_descriptor	较幼小的
F_D037	age	young	unspec_unspec_unspec_descriptor	二十岁的
F_D038	age	adult	unspec_unspec_unspec_descriptor	三十岁的
F_D039	age	adult	unspec_unspec_unspec_descriptor	四十岁的
F_D040	age	adult	unspec_unspec_unspec_descriptor	三十多岁的
F_D041	age	middle_aged	unspec_unspec_unspec_descriptor	五十岁的
F_D042	age	middle_aged	unspec_unspec_unspec_descriptor	六十岁的
F_D043	age	middle_aged	unspec_unspec_unspec_descriptor	五十多岁的
F_D044	age	middle_aged	unspec_unspec_unspec_descriptor	六十多岁的
F_D045	age	middle_aged	unspec_unspec_unspec_descriptor	中年的
F_D046	age	old	unspec_unspec_unspec_descriptor	七十岁的
F_D047	age	old	unspec_unspec_unspec_descriptor	八十岁的
F_D048	age	old	unspec_unspec_unspec_descriptor	八十五岁的
F_D049	age	old	unspec_unspec_unspec_descriptor	九十岁的
F_D050	age	old	unspec_unspec_unspec_descriptor	七十多岁的
F_D051	age	old	unspec_unspec_unspec_descriptor	八十多岁的
F_D052	age	old	unspec_unspec_unspec_descriptor	九十多岁的
F_D053	age	old	unspec_unspec_unspec_descriptor	八旬老人
F_D054	age	old	unspec_unspec_unspec_descriptor	九旬老人
F_D055	age	old	unspec_unspec_unspec_descriptor	百岁老人
F_D056	age	old	unspec_unspec_unspec_descriptor	较老的
F_D057	age	old	unspec_unspec_unspec_descriptor	老的
F_D058	age	old	unspec_unspec_unspec_descriptor	年老的
F_D059	age	old	unspec_unspec_unspec_descriptor	退休的
F_D060	age	old	unspec_unspec_unspec_descriptor	年长的
F_D061	age	old	unspec_unspec_unspec_descriptor	心态年轻的
F_D062	age	old	unspec_unspec_unspec_descriptor	充满活力的
F_D063	age	old	unspec_unspec_unspec_descriptor	老年的
F_D064	age	adult	unspec_unspec_unspec_descriptor	成人的
F_D065	body_type	thin	unspec_unspec_unspec_descriptor	骨瘦如柴的
F_D066	body_type	thin	unspec_unspec_unspec_descriptor	瘦高的
F_D067	body_type	thin	unspec_unspec_unspec_descriptor	高挑的
F_D068	body_type	thin	unspec_unspec_unspec_descriptor	极瘦的
F_D069	body_type	thin	unspec_unspec_unspec_descriptor	苗条的
F_D070	body_type	thin	unspec_unspec_unspec_descriptor	瘦的
F_D071	body_type	thin	unspec_unspec_unspec_descriptor	体重过轻的
F_D072	body_type	fit	unspec_unspec_unspec_descriptor	健壮的
F_D073	body_type	fit	unspec_unspec_unspec_descriptor	身型健康的
F_D074	body_type	fit	unspec_unspec_unspec_descriptor	肌肉发达的
F_D075	body_type	fit	unspec_unspec_unspec_descriptor	身体健康的
F_D076	body_type	fit	unspec_unspec_unspec_descriptor	有明显肌肉线条的
F_D077	body_type	fit	unspec_unspec_unspec_descriptor	肌肉健硕的
F_D078	body_type	fit	unspec_unspec_unspec_descriptor	结实强壮的
F_D079	body_type	fit	unspec_unspec_unspec_descriptor	体格健美的
F_D080	body_type	fit	unspec_unspec_unspec_descriptor	强壮的
F_D081	body_type	overweight	unspec_unspec_unspec_descriptor	胖乎乎的
F_D082	body_type	overweight	unspec_unspec_unspec_descriptor	敦实的
F_D083	body_type	overweight	unspec_unspec_unspec_descriptor	胖的
F_D084	body_type	overweight	unspec_unspec_unspec_descriptor	体格魁伟的
F_D085	body_type	overweight	unspec_unspec_unspec_descriptor	更健壮的
F_D086	body_type	overweight	unspec_unspec_unspec_descriptor	轻度超重的
F_D087	body_type	overweight	unspec_unspec_unspec_descriptor	病态肥胖的
F_D088	body_type	overweight	unspec_unspec_unspec_descriptor	超重的
F_D089	body_type	overweight	unspec_unspec_unspec_descriptor	丰满的
F_D090	body_type	overweight	unspec_unspec_unspec_descriptor	大腹便便的
F_D091	body_type	overweight	unspec_unspec_unspec_descriptor	轻微超重的
F_D092	body_type	overweight	unspec_unspec_unspec_descriptor	圆胖的
F_D093	body_type	overweight	unspec_unspec_unspec_descriptor	大块头的
F_D094	body_type	attractive	unspec_unspec_unspec_descriptor	可爱的
F_D095	body_type	attractive	unspec_unspec_unspec_descriptor	好看的
F_D096	body_type	attractive	unspec_unspec_unspec_descriptor	帅气的
F_D097	body_type	attractive	unspec_unspec_unspec_descriptor	漂亮的
F_D098	body_type	unattractive	unspec_unspec_unspec_descriptor	难看的
F_D099	body_type	unattractive	unspec_unspec_unspec_descriptor	极丑的
F_D100	body_type	shapes	unspec_unspec_unspec_descriptor	胸肌发达的
F_D101	body_type	large_stature	unspec_unspec_unspec_descriptor	大个子
F_D102	body_type	large_stature	unspec_unspec_unspec_descriptor	魁梧的
F_D103	body_type	large_stature	unspec_unspec_unspec_descriptor	超大个子
F_D104	body_type	large_stature	unspec_unspec_unspec_descriptor	特大个子
F_D105	body_type	large_stature	unspec_unspec_unspec_descriptor	高大的
F_D106	body_type	large_stature	unspec_unspec_unspec_descriptor	身材高大的
F_D107	body_type	large_stature	unspec_unspec_unspec_descriptor	非常魁梧的
F_D108	body_type	large_stature	unspec_unspec_unspec_descriptor	高个子的
F_D109	body_type	large_stature	unspec_unspec_unspec_descriptor	非常高的
F_D110	body_type	large_stature	unspec_unspec_unspec_descriptor	巨大的
F_D111	body_type	medium_stature	unspec_unspec_unspec_descriptor	中等身高的
F_D112	body_type	medium_stature	unspec_unspec_unspec_descriptor	中等身材的
F_D113	body_type	small_stature	unspec_unspec_unspec_descriptor	更小的
F_D114	body_type	small_stature	unspec_unspec_unspec_descriptor	娇小的
F_D115	body_type	small_stature	unspec_unspec_unspec_descriptor	身材娇小的
F_D116	body_type	small_stature	unspec_unspec_unspec_descriptor	矮小的
F_D117	body_type	small_stature	unspec_unspec_unspec_descriptor	身材矮小的
F_D118	body_type	small_stature	unspec_unspec_unspec_descriptor	非常矮的
F_D119	body_type	eye_color	unspec_unspec_unspec_descriptor	蓝眼睛的
F_D120	body_type	eye_color	unspec_unspec_unspec_descriptor	灰眼睛的
F_D121	body_type	eye_color	unspec_unspec_unspec_descriptor	琥珀色眼睛的
F_D122	body_type	hair	unspec_unspec_unspec_descriptor	秃的
F_D123	body_type	hair	unspec_unspec_unspec_descriptor	光头的
F_D124	body_type	hair	unspec_unspec_unspec_descriptor	脱发的
F_D125	body_type	hair	unspec_unspec_unspec_descriptor	黑发的
F_D126	body_type	hair	unspec_unspec_unspec_descriptor	深褐色头发
F_D127	body_type	hair	unspec_unspec_unspec_descriptor	卷曲头发的
F_D128	body_type	hair	unspec_unspec_unspec_descriptor	黑头发的
F_D129	body_type	hair	unspec_unspec_unspec_descriptor	棕黄色头发的
F_D130	body_type	hair	unspec_unspec_unspec_descriptor	梳脏辫的
F_D131	body_type	hair	unspec_unspec_unspec_descriptor	红发的
F_D132	body_type	hair	unspec_unspec_unspec_descriptor	留山羊胡的
F_D133	body_type	hair	unspec_unspec_unspec_descriptor	灰头发的
F_D134	body_type	hair	unspec_unspec_unspec_descriptor	灰发的
F_D135	body_type	hair	unspec_unspec_unspec_descriptor	卷发的
F_D136a	body_type	hair	unspec_unspec_unspec_descriptor	长发的
F_D136b	body_type	hair	unspec_unspec_unspec_descriptor	长头发的
F_D137	body_type	hair	unspec_unspec_unspec_descriptor	大胡子的
F_D138	body_type	hair	unspec_unspec_unspec_descriptor	扎马尾辫的
F_D139	body_type	hair	unspec_unspec_unspec_descriptor	头发黑白相间的
F_D140	body_type	hair	unspec_unspec_unspec_descriptor	邋遢的
F_D141	body_type	hair	unspec_unspec_unspec_descriptor	蓬乱的
F_D142	body_type	hair	unspec_unspec_unspec_descriptor	银发的
F_D143	body_type	hair	unspec_unspec_unspec_descriptor	尖刺发型的
F_D144	body_type	hair	unspec_unspec_unspec_descriptor	白发的
F_D145	body_type	skin_color	unspec_unspec_unspec_descriptor	深肤色的
F_D146	body_type	body_type_miscellaneous	unspec_unspec_unspec_descriptor	满脸青春痘的
F_D147	body_type	body_type_miscellaneous	unspec_unspec_unspec_descriptor	长满青春痘的
F_D148	body_type	body_type_miscellaneous	unspec_unspec_unspec_descriptor	臭乎乎的
F_D149	body_type	body_type_miscellaneous	unspec_unspec_unspec_descriptor	臭烘烘的
F_D150	body_type	shapes	unspec_unspec_unspec_descriptor	走形的
F_D151	body_type	body_type_miscellaneous	unspec_unspec_unspec_descriptor	衣着整洁的
F_D152	body_type	body_type_miscellaneous	unspec_unspec_unspec_descriptor	脏兮兮的
F_D153	body_type	body_type_miscellaneous	unspec_unspec_unspec_descriptor	体格矮小的
F_D154	characteristics	addictions	unspec_unspec_unspec_descriptor	上瘾的人
F_D155	characteristics	addictions	unspec_unspec_unspec_descriptor	酗酒成性的
F_D156	characteristics	addictions	unspec_unspec_unspec_descriptor	酗酒的
F_D157	characteristics	addictions	unspec_unspec_unspec_descriptor	滥用毒品
F_D158	characteristics	addictions	unspec_unspec_unspec_descriptor	吸毒成瘾的
F_D159	characteristics	addictions	unspec_unspec_unspec_descriptor	瘾君子
F_D160	characteristics	addictions	unspec_unspec_unspec_descriptor	吸毒成瘾者
F_D161	characteristics	children	unspec_unspec_unspec_descriptor	无子女的
F_D162	characteristics	domestic_status	unspec_unspec_unspec_descriptor	无家可归的
F_D163	characteristics	domestic_status	unspec_unspec_unspec_descriptor	无住所的
F_D164	characteristics	domestic_status	unspec_unspec_unspec_descriptor	流浪的
F_D165	characteristics	domestic_status	unspec_unspec_unspec_descriptor	孤儿
F_D166	characteristics	domestic_status	unspec_unspec_unspec_descriptor	收养的
F_D167	characteristics	immigration_status	unspec_unspec_unspec_descriptor	外国的
F_D168	characteristics	immigration_status	unspec_unspec_unspec_descriptor	美国出生的
F_D169	characteristics	immigration_status	unspec_unspec_unspec_descriptor	寻求庇护的
F_D170	characteristics	immigration_status	unspec_unspec_unspec_descriptor	国外的
F_D171	characteristics	immigration_status	unspec_unspec_unspec_descriptor	在国外出生的
F_D172	characteristics	immigration_status	unspec_unspec_unspec_descriptor	移民的
F_D173	characteristics	immigration_status	unspec_unspec_unspec_descriptor	本地的
F_D174	characteristics	immigration_status	unspec_unspec_unspec_descriptor	本地出生的
F_D175	characteristics	immigration_status	unspec_unspec_unspec_descriptor	入籍的
F_D176	characteristics	immigration_status	unspec_unspec_unspec_descriptor	非本地的
F_D177	characteristics	immigration_status	unspec_unspec_unspec_descriptor	难民
F_D178	characteristics	immigration_status	unspec_unspec_unspec_descriptor	无国籍的
F_D179	characteristics	immigration_status	unspec_unspec_unspec_descriptor	无证移民
F_D180	characteristics	immigration_status	unspec_unspec_unspec_descriptor	在美国出生的
F_D181	characteristics	job_status	unspec_unspec_unspec_descriptor	被雇用的
F_D182	characteristics	job_status	unspec_unspec_unspec_descriptor	被解雇的
F_D183	characteristics	job_status	unspec_unspec_unspec_descriptor	专业的
F_D184a	characteristics	job_status	feminine_unspec_unspec_descriptor	家庭主妇
F_D184b	characteristics	job_status	masculine_unspec_unspec_descriptor	家庭主夫
F_D185	characteristics	job_status	unspec_unspec_unspec_descriptor	全职照顾家庭的
F_D186	characteristics	job_status	unspec_unspec_unspec_descriptor	未充分就业的
F_D187	characteristics	job_status	unspec_unspec_unspec_descriptor	失业的
F_D188	characteristics	job_status	unspec_unspec_unspec_descriptor	白领
F_D189	characteristics	job_status	unspec_unspec_unspec_descriptor	半日工
F_D190	characteristics	job_status	unspec_unspec_unspec_descriptor	兼职者
F_D191	characteristics	job_status	unspec_unspec_unspec_descriptor	临时工
F_D192	characteristics	job_status	unspec_unspec_unspec_descriptor	财务自由的
F_D193	characteristics	marital_status	unspec_unspec_unspec_descriptor	离异的
F_D194	characteristics	marital_status	unspec_unspec_unspec_descriptor	已婚的
F_D195	characteristics	marital_status	unspec_unspec_unspec_descriptor	分居的
F_D196	characteristics	marital_status	unspec_unspec_unspec_descriptor	单身
F_D197	characteristics	marital_status	unspec_unspec_unspec_descriptor	未订婚的
F_D198	characteristics	marital_status	unspec_unspec_unspec_descriptor	订婚的
F_D199	characteristics	marital_status	unspec_unspec_unspec_descriptor	已订婚的
F_D200	characteristics	marital_status	unspec_unspec_unspec_descriptor	未婚的
F_D201	characteristics	marital_status	unspec_unspec_unspec_descriptor	丧偶的
F_D202	characteristics	marital_status	unspec_unspec_unspec_descriptor	有伴侣的
F_D203	characteristics	marital_status	unspec_unspec_unspec_descriptor	可追求的
F_D204	characteristics	lifestyle	unspec_unspec_unspec_descriptor	运动的
F_D205	characteristics	lifestyle	unspec_unspec_unspec_descriptor	活跃的
F_D206	characteristics	lifestyle	unspec_unspec_unspec_descriptor	久坐的
F_D207	characteristics	literacy	unspec_unspec_unspec_descriptor	识字的
F_D208	characteristics	literacy	unspec_unspec_unspec_descriptor	不识字的
F_D209	cultural	generations	unspec_unspec_unspec_descriptor	最伟大的一代
F_D210	cultural	generations	unspec_unspec_unspec_descriptor	婴儿潮一代
F_D211	cultural	generations	unspec_unspec_unspec_descriptor	生育高峰期一代
F_D212	cultural	generations	unspec_unspec_unspec_descriptor	X世代
F_D213	cultural	generations	unspec_unspec_unspec_descriptor	千禧一代
F_D214	cultural	generations	unspec_unspec_unspec_descriptor	Z世代
F_D215	cultural	generations	unspec_unspec_unspec_descriptor	网络一代
F_D216	cultural	cultural_descriptors	unspec_unspec_unspec_descriptor	追求时尚者
F_D217	cultural	cultural_descriptors	unspec_unspec_unspec_descriptor	乡下人
F_D218	cultural	cultural_descriptors	unspec_unspec_unspec_descriptor	嬉皮士
F_D219	cultural	cultural_descriptors	unspec_unspec_unspec_descriptor	潮人
F_D220	cultural	cultural_descriptors	unspec_unspec_unspec_descriptor	雅皮士
F_D221	cultural	cultural_descriptors	unspec_unspec_unspec_descriptor	社会地位低下的
F_D222	cultural	cultural_descriptors	unspec_unspec_unspec_descriptor	处于危险中的
F_D223	cultural	cultural_descriptors	unspec_unspec_unspec_descriptor	边缘化的
F_D224	cultural	cultural_descriptors	unspec_unspec_unspec_descriptor	享有特权的
F_D225	cultural	cultural_descriptors	unspec_unspec_unspec_descriptor	精英
F_D226	cultural	cultural_descriptors	unspec_unspec_unspec_descriptor	有资格的
F_D227	cultural	cultural_descriptors	unspec_unspec_unspec_descriptor	邻避
F_D228	cultural	cultural_descriptors	unspec_unspec_unspec_descriptor	城市
F_D229	cultural	cultural_descriptors	unspec_unspec_unspec_descriptor	郊区
F_D230	cultural	cultural_descriptors	unspec_unspec_unspec_descriptor	乡村
F_D231	cultural	cultural_descriptors	unspec_unspec_unspec_descriptor	支持疫苗接种的
F_D232	cultural	cultural_descriptors	unspec_unspec_unspec_descriptor	反对疫苗接种的
F_D233	cultural	cultural_descriptors	unspec_unspec_unspec_descriptor	疫苗犹豫的
F_D234	gender_and_sex	binary	unspec_unspec_unspec_descriptor	男性
F_D235	gender_and_sex	binary	unspec_unspec_unspec_descriptor	常规性别
F_D236	gender_and_sex	cisgender	unspec_unspec_unspec_descriptor	顺性别
F_D237	gender_and_sex	cisgender	unspec_unspec_unspec_descriptor	顺性别
F_D238	gender_and_sex	descriptors	unspec_unspec_unspec_descriptor	天生女性
F_D239	gender_and_sex	descriptors	unspec_unspec_unspec_descriptor	天生男性
F_D240	gender_and_sex	descriptors	unspec_unspec_unspec_descriptor	双性化
F_D241	gender_and_sex	descriptors	unspec_unspec_unspec_descriptor	男性化的
F_D242	gender_and_sex	descriptors	unspec_unspec_unspec_descriptor	女人气的
F_D243	gender_and_sex	descriptors	unspec_unspec_unspec_descriptor	基佬
F_D244	gender_and_sex	descriptors	unspec_unspec_unspec_descriptor	男子气概的
F_D245	gender_and_sex	z	unspec_unspec_unspec_descriptor	无性别
F_D246	gender_and_sex	non_binary_or_gnc	unspec_unspec_unspec_descriptor	阴阳人
F_D247	gender_and_sex	non_binary_or_gnc	unspec_unspec_unspec_descriptor	双性人
F_D248	gender_and_sex	non_binary_or_gnc	unspec_unspec_unspec_descriptor	男生
F_D249	gender_and_sex	non_binary_or_gnc	unspec_unspec_unspec_descriptor	半男性
F_D250	gender_and_sex	non_binary_or_gnc	unspec_unspec_unspec_descriptor	半性别
F_D251	gender_and_sex	non_binary_or_gnc	unspec_unspec_unspec_descriptor	半女性
F_D252	gender_and_sex	non_binary_or_gnc	unspec_unspec_unspec_descriptor	非二元性别
F_D253	gender_and_sex	non_binary_or_gnc	unspec_unspec_unspec_descriptor	中心女性
F_D254	gender_and_sex	non_binary_or_gnc	unspec_unspec_unspec_descriptor	性别中立
F_D255	gender_and_sex	non_binary_or_gnc	unspec_unspec_unspec_descriptor	非常规性别
F_D256	gender_and_sex	non_binary_or_gnc	unspec_unspec_unspec_descriptor	性别流动
F_D257	gender_and_sex	non_binary_or_gnc	unspec_unspec_unspec_descriptor	没有性别
F_D258	gender_and_sex	non_binary_or_gnc	unspec_unspec_unspec_descriptor	中性人
F_D259	gender_and_sex	non_binary_or_gnc	unspec_unspec_unspec_descriptor	中心男性化
F_D260	gender_and_sex	non_binary_or_gnc	unspec_unspec_unspec_descriptor	中性的
F_D261	gender_and_sex	non_binary_or_gnc	unspec_unspec_unspec_descriptor	男子气概女性
F_D262	gender_and_sex	non_binary_or_gnc	unspec_unspec_unspec_descriptor	第三性别
F_D263	gender_and_sex	non_binary_or_gnc	unspec_unspec_unspec_descriptor	双灵
F_D264	gender_and_sex	queer	unspec_unspec_unspec_descriptor	LGBT
F_D265	gender_and_sex	queer	unspec_unspec_unspec_descriptor	LGBTQ
F_D266	gender_and_sex	queer	unspec_unspec_unspec_descriptor	LGBTQ+
F_D267	gender_and_sex	queer	unspec_unspec_unspec_descriptor	酷儿
F_D268	gender_and_sex	sex	unspec_unspec_unspec_descriptor	间性人
F_D269	gender_and_sex	sex	unspec_unspec_unspec_descriptor	原始单一性别
F_D270	gender_and_sex	sex	unspec_unspec_unspec_descriptor	跨性别者
F_D271	gender_and_sex	transgender	unspec_unspec_unspec_descriptor	女跨男
F_D272	gender_and_sex	transgender	unspec_unspec_unspec_descriptor	跨性别
F_D273	gender_and_sex	transgender	unspec_unspec_unspec_descriptor	跨性别女性
F_D274	gender_and_sex	transgender	unspec_unspec_unspec_descriptor	跨性别女
F_D275	gender_and_sex	transgender	unspec_unspec_unspec_descriptor	跨性别男性
F_D276	gender_and_sex	transgender	unspec_unspec_unspec_descriptor	跨性别男
F_D277a	nationality	china	unspec_unspec_unspec_descriptor	中国人
F_D277b	nationality	china	unspec_unspec_unspec_descriptor	华人
F_D278	nationality	china	unspec_unspec_unspec_descriptor	美籍华人
F_D279	nationality	china	unspec_unspec_unspec_descriptor	美国出生的华人
F_D280a	nationality	cuba	unspec_unspec_unspec_descriptor	古巴人
F_D280b	nationality	cuba	unspec_unspec_unspec_descriptor	古巴裔
F_D281	nationality	cuba	unspec_unspec_unspec_descriptor	古巴裔美国人
F_D282a	nationality	dominican_republic	unspec_unspec_unspec_descriptor	多米尼加人
F_D282b	nationality	dominican_republic	unspec_unspec_unspec_descriptor	多米尼加裔
F_D283	nationality	dominican_republic	unspec_unspec_unspec_descriptor	多米尼加裔美国人
F_D284a	nationality	el_salvador	unspec_unspec_unspec_descriptor	萨尔瓦多人
F_D284b	nationality	el_salvador	unspec_unspec_unspec_descriptor	萨尔瓦多裔
F_D285	nationality	el_salvador	unspec_unspec_unspec_descriptor	萨尔瓦多裔美国人
F_D286a	nationality	guatemala	unspec_unspec_unspec_descriptor	危地马拉人
F_D286b	nationality	guatemala	unspec_unspec_unspec_descriptor	危地马拉裔
F_D287	nationality	guatemala	unspec_unspec_unspec_descriptor	危地马拉裔美国人
F_D288a	nationality	india	unspec_unspec_unspec_descriptor	印度人
F_D288b	nationality	india	unspec_unspec_unspec_descriptor	印度裔
F_D289a	nationality	mexico	unspec_unspec_unspec_descriptor	墨西哥的
F_D289b	nationality	mexico	unspec_unspec_unspec_descriptor	墨西哥裔
F_D290	nationality	mexico	unspec_unspec_unspec_descriptor	墨西哥裔美国人
F_D291	nationality	mexico	unspec_unspec_unspec_descriptor	奇卡诺人
F_D292	nationality	philippines	unspec_unspec_unspec_descriptor	菲律宾裔美国人
F_D293a	nationality	philippines	unspec_unspec_unspec_descriptor	菲律宾人
F_D293b	nationality	philippines	unspec_unspec_unspec_descriptor	菲律宾裔
F_D294	nationality	philippines	unspec_unspec_unspec_descriptor	菲裔美国人
F_D295a	nationality	south_korea	unspec_unspec_unspec_descriptor	韩国人
F_D295b	nationality	south_korea	unspec_unspec_unspec_descriptor	韩国裔
F_D296	nationality	united_states	unspec_unspec_unspec_descriptor	美国人
F_D297	nationality	vietnam	unspec_unspec_unspec_descriptor	越南裔美国人
F_D298	political_ideologies	political_ideologies	unspec_unspec_unspec_descriptor	自由主义者
F_D299	political_ideologies	political_ideologies	unspec_unspec_unspec_descriptor	保守主义者
F_D300	political_ideologies	political_ideologies	unspec_unspec_unspec_descriptor	民主党人
F_D301	political_ideologies	political_ideologies	unspec_unspec_unspec_descriptor	共和党人
F_D302	political_ideologies	political_ideologies	unspec_unspec_unspec_descriptor	左翼人士
F_D303	political_ideologies	political_ideologies	unspec_unspec_unspec_descriptor	右翼人士
F_D304	political_ideologies	political_ideologies	unspec_unspec_unspec_descriptor	左翼
F_D305	political_ideologies	political_ideologies	unspec_unspec_unspec_descriptor	社会自由主义
F_D306	political_ideologies	political_ideologies	unspec_unspec_unspec_descriptor	财政保守主义
F_D307	political_ideologies	political_ideologies	unspec_unspec_unspec_descriptor	民主社会主义者
F_D308	political_ideologies	political_ideologies	unspec_unspec_unspec_descriptor	中间派
F_D309	political_ideologies	political_ideologies	unspec_unspec_unspec_descriptor	无党派
F_D310	political_ideologies	political_ideologies	unspec_unspec_unspec_descriptor	温和派
F_D311	political_ideologies	political_ideologies	unspec_unspec_unspec_descriptor	进步派
F_D312	political_ideologies	political_ideologies	unspec_unspec_unspec_descriptor	激进派
F_D313	political_ideologies	political_ideologies	unspec_unspec_unspec_descriptor	不关心政治的
F_D314	political_ideologies	political_ideologies	unspec_unspec_unspec_descriptor	极端分子
F_D315	race_ethnicity	alaska_native	unspec_unspec_unspec_descriptor	阿拉斯加土著
F_D316	race_ethnicity	asian	unspec_unspec_unspec_descriptor	亚洲裔
F_D317	race_ethnicity	asian	unspec_unspec_unspec_descriptor	东亚裔
F_D318	race_ethnicity	asian	unspec_unspec_unspec_descriptor	南亚裔
F_D319	race_ethnicity	asian	unspec_unspec_unspec_descriptor	东南亚裔
F_D320	race_ethnicity	black	unspec_unspec_unspec_descriptor	非洲裔
F_D321	race_ethnicity	black	unspec_unspec_unspec_descriptor	黑人
F_D322	race_ethnicity	latinx	unspec_unspec_unspec_descriptor	西班牙裔
F_D323	race_ethnicity	latinx	unspec_unspec_unspec_descriptor	拉丁裔
F_D324	race_ethnicity	latinx	unspec_unspec_unspec_descriptor	拉美裔
F_D325	race_ethnicity	indigenous	unspec_unspec_unspec_descriptor	澳大利亚土著
F_D326	race_ethnicity	indigenous	unspec_unspec_unspec_descriptor	本土的
F_D327	race_ethnicity	indigenous	unspec_unspec_unspec_descriptor	美洲原住民
F_D328	race_ethnicity	indigenous	unspec_unspec_unspec_descriptor	美洲印第安人
F_D329	race_ethnicity	native_hawaiian	unspec_unspec_unspec_descriptor	夏威夷土著
F_D330	race_ethnicity	pacific_islander	unspec_unspec_unspec_descriptor	太平洋岛民
F_D331	race_ethnicity	European	unspec_unspec_unspec_descriptor	欧洲的
F_D332	race_ethnicity	European	unspec_unspec_unspec_descriptor	欧裔美国人
F_D333	race_ethnicity	Middle Eastern	unspec_unspec_unspec_descriptor	中东的
F_D334	race_ethnicity	European	unspec_unspec_unspec_descriptor	白人的
F_D335	race_ethnicity	European	unspec_unspec_unspec_descriptor	白种人的
F_D336	race_ethnicity	Middle Eastern	unspec_unspec_unspec_descriptor	阿拉伯裔
F_D337	race_ethnicity	combined	unspec_unspec_unspec_descriptor	非洲裔、土著及有色人种
F_D338	religion	religion	unspec_unspec_unspec_descriptor	阿米什人
F_D339	religion	religion	unspec_unspec_unspec_descriptor	阿什肯纳兹犹太人
F_D340	religion	religion	unspec_unspec_unspec_descriptor	无神论者
F_D341	religion	religion	unspec_unspec_unspec_descriptor	巴哈伊
F_D342	religion	religion	unspec_unspec_unspec_descriptor	重生的
F_D343	religion	religion	unspec_unspec_unspec_descriptor	佛教
F_D344	religion	religion	unspec_unspec_unspec_descriptor	天主教
F_D345	religion	religion	unspec_unspec_unspec_descriptor	天道教
F_D346	religion	religion	unspec_unspec_unspec_descriptor	基督教
F_D347	religion	religion	unspec_unspec_unspec_descriptor	儒家
F_D348	religion	religion	unspec_unspec_unspec_descriptor	保守派犹太教
F_D349	religion	religion	unspec_unspec_unspec_descriptor	德鲁兹派
F_D350	religion	religion	unspec_unspec_unspec_descriptor	基督教福音派
F_D351	religion	religion	unspec_unspec_unspec_descriptor	哈西德派
F_D352	religion	religion	unspec_unspec_unspec_descriptor	印度教
F_D353	religion	religion	unspec_unspec_unspec_descriptor	无宗教信仰
F_D354	religion	religion	unspec_unspec_unspec_descriptor	耆那教
F_D355	religion	religion	unspec_unspec_unspec_descriptor	耶和华见证会
F_D356	religion	religion	unspec_unspec_unspec_descriptor	犹太教的
F_D357	religion	religion	unspec_unspec_unspec_descriptor	路德教的
F_D358	religion	religion	unspec_unspec_unspec_descriptor	为例工会教派
F_D359	religion	religion	unspec_unspec_unspec_descriptor	摩门教
F_D360	religion	religion	unspec_unspec_unspec_descriptor	穆斯林
F_D361	religion	religion	unspec_unspec_unspec_descriptor	正统犹太教
F_D362	religion	religion	unspec_unspec_unspec_descriptor	异教徒
F_D363	religion	religion	unspec_unspec_unspec_descriptor	新教徒
F_D364	religion	religion	unspec_unspec_unspec_descriptor	拉斯特法里
F_D365	religion	religion	unspec_unspec_unspec_descriptor	拉斯特法里教徒
F_D366	religion	religion	unspec_unspec_unspec_descriptor	改革犹太教派
F_D367a	religion	religion	unspec_unspec_unspec_descriptor	信奉宗教的
F_D367b	religion	religion	unspec_unspec_unspec_descriptor	信教的
F_D368	religion	religion	unspec_unspec_unspec_descriptor	罗马天主教
F_D369	religion	religion	unspec_unspec_unspec_descriptor	非宗教的
F_D370	religion	religion	unspec_unspec_unspec_descriptor	撒旦崇拜者
F_D371	religion	religion	unspec_unspec_unspec_descriptor	山达基教徒
F_D372	religion	religion	unspec_unspec_unspec_descriptor	西班牙系犹太人
F_D373	religion	religion	unspec_unspec_unspec_descriptor	基督复临安息日会信徒
F_D374	religion	religion	unspec_unspec_unspec_descriptor	神道教徒
F_D375	religion	religion	unspec_unspec_unspec_descriptor	锡克教徒
F_D376	religion	religion	unspec_unspec_unspec_descriptor	宗教的
F_D377	religion	religion	unspec_unspec_unspec_descriptor	唯心论者
F_D378	religion	religion	unspec_unspec_unspec_descriptor	逊尼派
F_D379	religion	religion	unspec_unspec_unspec_descriptor	道家
F_D380	religion	religion	unspec_unspec_unspec_descriptor	威卡教
F_D381	religion	religion	unspec_unspec_unspec_descriptor	一神教
F_D382	religion	religion	unspec_unspec_unspec_descriptor	拜火教
F_D383	sexual_orientation	asexual_or_aromantic	unspec_unspec_unspec_descriptor	无性恋
F_D384	sexual_orientation	asexual_or_aromantic	unspec_unspec_unspec_descriptor	无浪漫倾向的
F_D385	sexual_orientation	bi	unspec_unspec_unspec_descriptor	双性
F_D386	sexual_orientation	bi	unspec_unspec_unspec_descriptor	双性恋
F_D387	sexual_orientation	demisexual	unspec_unspec_unspec_descriptor	半性恋
F_D388	sexual_orientation	gay	unspec_unspec_unspec_descriptor	同性恋
F_D389	sexual_orientation	gay	unspec_unspec_unspec_descriptor	同性恋的
F_D390	sexual_orientation	pansexual	unspec_unspec_unspec_descriptor	泛性
F_D391	sexual_orientation	pansexual	unspec_unspec_unspec_descriptor	泛性恋
F_D392	sexual_orientation	polyamorous	unspec_unspec_unspec_descriptor	多重多元恋
F_D393	sexual_orientation	polyamorous	unspec_unspec_unspec_descriptor	多重多元恋的
F_D394	sexual_orientation	straight	unspec_unspec_unspec_descriptor	异性恋
F_D395	sexual_orientation	straight	unspec_unspec_unspec_descriptor	非同性恋
F_D396	sexual_orientation	straight	unspec_unspec_unspec_descriptor	异性恋的
F_D397	socioeconomic_class	upper_class	unspec_unspec_unspec_descriptor	富足
F_D398	socioeconomic_class	upper_class	unspec_unspec_unspec_descriptor	经济富裕
F_D399	socioeconomic_class	upper_class	unspec_unspec_unspec_descriptor	高净值
F_D400	socioeconomic_class	upper_class	unspec_unspec_unspec_descriptor	有钱
F_D401	socioeconomic_class	upper_class	unspec_unspec_unspec_descriptor	富有
F_D402	socioeconomic_class	upper_class	unspec_unspec_unspec_descriptor	百分之一人群
F_D403	socioeconomic_class	upper_class	unspec_unspec_unspec_descriptor	富裕
F_D404	socioeconomic_class	upper_class	unspec_unspec_unspec_descriptor	宽裕
F_D405	socioeconomic_class	upper_class	unspec_unspec_unspec_descriptor	小康
F_D406	socioeconomic_class	middle_class	unspec_unspec_unspec_descriptor	中产阶级
F_D407	socioeconomic_class	working_class	unspec_unspec_unspec_descriptor	工人阶级
F_D408	socioeconomic_class	below_poverty_line	unspec_unspec_unspec_descriptor	贫穷
F_D409	socioeconomic_class	below_poverty_line	unspec_unspec_unspec_descriptor	穷困潦倒
F_D410	socioeconomic_class	educational_attainment	unspec_unspec_unspec_descriptor	高中辍学
F_D411	socioeconomic_class	educational_attainment	unspec_unspec_unspec_descriptor	大学毕业
