ID	HB AXIS	SEMANTIC FIELD (SENSE)	OPTION DESCRIPTON [SL]	SUGGESTED TRANSLATION [TL]
P_D001a	ability	other_disabilities	unspec_unspec_unspec_descriptor	मधुमेह रोगी
P_D002a	ability	other_disabilities	unspec_unspec_unspec_descriptor	कमज़ोर प्रतिरक्षा वाले रोगी
P_D003a	ability	intellectual_and_developmental	unspec_unspec_unspec_descriptor	मानसिक रूप से कमज़ोर
P_D004a	age	middle_aged	feminine_unspec_singular_descriptor	चालीस साल के आसपास की
P_D004b	age	middle_aged	masculine_unspec_singular_descriptor	चालीस साल के आसपास का
P_D004d	age	middle_aged	masculine_unspec_plural_descriptor	चालीस साल के आसपास के
P_D005a	age	old	unspec_unspec_unspec_descriptor	परिपक्व
P_D006a	age	child	feminine_unspec_singular_descriptor	किशोरी
P_D006b	age	child	masculine_unspec_singular_descriptor	किशोर
P_D006c	age	child	feminine_unspec_plural_descriptor	किशोरियाँ
P_D006d	age	child	masculine_unspec_plural_descriptor	किशोर
P_D007a	age	young	feminine_unspec_singular_descriptor	बीस साल के आसपास की
P_D007b	age	young	masculine_unspec_singular_descriptor	बीस साल के आसपास का
P_D007d	age	young	masculine_unspec_plural_descriptor	बीस साल के आसपास के
P_D008a	body_type	attractive	feminine_unspec_singular_descriptor	प्यारी
P_D008b	body_type	attractive	masculine_unspec_singular_descriptor	प्यारा
P_D008d	body_type	attractive	masculine_unspec_plural_descriptor	प्यारे
P_D009a	body_type	attractive	unspec_unspec_unspec_descriptor	आकर्षक
P_D010b	body_type	hair	masculine_unspec_singular_descriptor	दाढ़ी वाला
P_D010d	body_type	hair	masculine_unspec_plural_descriptor	दाढ़ी वाले
P_D011a	body_type	attractive	unspec_unspec_unspec_descriptor	सुंदर
P_D012a	body_type	fit	unspec_unspec_unspec_descriptor	सेहतमंद
P_D013a	body_type	large_stature	feminine_unspec_singular_descriptor	लंबी कद-काठी वाली
P_D013b	body_type	large_stature	masculine_unspec_singular_descriptor	लंबी कद-काठी वाला
P_D013d	body_type	large_stature	masculine_unspec_plural_descriptor	लंबी कद-काठी वाले
P_D014a	body_type	large_stature	feminine_unspec_singular_descriptor	बड़ी
P_D014b	body_type	large_stature	masculine_unspec_singular_descriptor	बड़ा
P_D014d	body_type	large_stature	masculine_unspec_plural_descriptor	बड़े
P_D015a	body_type	hair	feminine_unspec_singular_descriptor	सुनहरे बालों वाली
P_D015b	body_type	hair	masculine_unspec_singular_descriptor	सुनहरे बालों वाला
P_D015d	body_type	hair	masculine_unspec_plural_descriptor	सुनहरे बालों वाले
P_D016a	body_type	large_stature	unspec_unspec_unspec_descriptor	बलवान
P_D017a	body_type	eye_color	feminine_unspec_singular_descriptor	भूरी आँखों वाली
P_D017b	body_type	eye_color	masculine_unspec_singular_descriptor	भूरी आँखों वाला
P_D017d	body_type	eye_color	masculine_unspec_plural_descriptor	भूरी आँखों वाले
P_D018a	body_type	hair	feminine_unspec_singular_descriptor	भूरे बालों वाली
P_D018b	body_type	hair	masculine_unspec_singular_descriptor	भूरे बालों वाला
P_D018d	body_type	hair	masculine_unspec_plural_descriptor	भूरे बालों वाले
P_D019a	body_type	skin_color	feminine_unspec_singular_descriptor	भूरे रंग की त्वचा वाली
P_D019b	body_type	skin_color	masculine_unspec_singular_descriptor	भूरे रंग की त्वचा वाला
P_D019d	body_type	skin_color	masculine_unspec_plural_descriptor	भूरे रंग की त्वचा वाले
P_D020a	body_type	hair	feminine_unspec_singular_descriptor	गंजी
P_D020b	body_type	hair	masculine_unspec_singular_descriptor	गंजा
P_D020c	body_type	hair	feminine_unspec_plural_descriptor	गंजियाँ
P_D020d	body_type	hair	masculine_unspec_plural_descriptor	गंजे
P_D021a	body_type	shapes	feminine_unspec_singular_descriptor	सुडौल
P_D021b	body_type	shapes	masculine_unspec_singular_descriptor	सुडौल
P_D021d	body_type	shapes	masculine_unspec_plural_descriptor	सुडौल
P_D022a	body_type	thin	feminine_unspec_singular_descriptor	छोटी
P_D022b	body_type	thin	masculine_unspec_singular_descriptor	छोटा
P_D022d	body_type	thin	masculine_unspec_plural_descriptor	छोटे
P_D023a	body_type	hair	feminine_unspec_singular_descriptor	घुंघराले बालों वाली
P_D023b	body_type	hair	masculine_unspec_singular_descriptor	घुंघराले बालों वाला
P_D023d	body_type	hair	masculine_unspec_plural_descriptor	घुंघराले बालों वाले
P_D024a	body_type	shapes	feminine_unspec_singular_descriptor	हष्ट-पुष्ट
P_D024b	body_type	shapes	masculine_unspec_singular_descriptor	हष्ट-पुष्ट
P_D024d	body_type	shapes	masculine_unspec_plural_descriptor	हष्ट-पुष्ट
P_D025a	body_type	attractive	unspec_unspec_unspec_descriptor	ख़ूबसूरत
P_D026a	body_type	eye_color	feminine_unspec_singular_descriptor	हरी आँखों वाली
P_D026b	body_type	eye_color	masculine_unspec_singular_descriptor	हरी आँखों वाला
P_D026d	body_type	eye_color	masculine_unspec_plural_descriptor	हरी आँखों वाले
P_D027a	body_type	hair	unspec_unspec_unspec_descriptor	बालदार
P_D028a	body_type	eye_color	feminine_unspec_singular_descriptor	भूरी आँखों वाली
P_D028b	body_type	eye_color	masculine_unspec_singular_descriptor	भूरी आँखों वाला
P_D028d	body_type	eye_color	masculine_unspec_plural_descriptor	भूरी आँखों वाले
P_D029a	body_type	overweight	unspec_unspec_unspec_descriptor	भारी
P_D030a	body_type	unattractive	unspec_unspec_unspec_descriptor	अनाकर्षक
P_D031a	body_type	attractive	unspec_unspec_unspec_descriptor	आकर्षक
P_D032a	body_type	attractive	unspec_unspec_unspec_descriptor	आकर्षक
P_D033a	body_type	thin	feminine_unspec_singular_descriptor	लंबी और पतली
P_D033b	body_type	thin	masculine_unspec_singular_descriptor	लंबा और पतला
P_D033d	body_type	thin	masculine_unspec_plural_descriptor	लंबे और पतले
P_D034a	body_type	hair	feminine_unspec_singular_descriptor	हल्के सुनहरे बालों वाली
P_D034b	body_type	hair	masculine_unspec_singular_descriptor	हल्के सुनहरे बालों वाला
P_D034d	body_type	hair	masculine_unspec_plural_descriptor	हल्के सुनहरे बालों वाले
P_D035a	body_type	skin_color	feminine_unspec_singular_descriptor	गेहुँए रंग की त्वचा वाली
P_D035b	body_type	skin_color	masculine_unspec_singular_descriptor	गेहुँए रंग की त्वचा वाला
P_D035d	body_type	skin_color	masculine_unspec_plural_descriptor	गेहुँए रंग की त्वचा वाले
P_D036a	body_type	medium_stature	feminine_unspec_singular_descriptor	मध्यम ऊँचाई वाली
P_D036b	body_type	medium_stature	masculine_unspec_singular_descriptor	मध्यम ऊँचाई वाला
P_D036d	body_type	medium_stature	masculine_unspec_plural_descriptor	मध्यम ऊँचाई वाले
P_D037a	body_type	overweight	feminine_unspec_singular_descriptor	मोटी
P_D037b	body_type	overweight	masculine_unspec_singular_descriptor	मोटा
P_D037d	body_type	overweight	masculine_unspec_plural_descriptor	मोटे
P_D038a	body_type	skin_color	feminine_unspec_singular_descriptor	हल्के भूरे रंग की त्वचा वाली
P_D038b	body_type	skin_color	masculine_unspec_singular_descriptor	हल्के भूरे रंग की त्वचा वाला
P_D038d	body_type	skin_color	masculine_unspec_plural_descriptor	हल्के भूरे रंग की त्वचा वाले
P_D039a	body_type	skin_color	feminine_unspec_singular_descriptor	हल्के पीले रंग की त्वचा वाली
P_D039b	body_type	skin_color	masculine_unspec_singular_descriptor	हल्के पीले रंग की त्वचा वाला
P_D039d	body_type	skin_color	masculine_unspec_plural_descriptor	हल्के पीले रंग की त्वचा वाले
P_D040a	body_type	small_stature	feminine_unspec_singular_descriptor	पतली और सुंदर
P_D041a	body_type	unattractive	unspec_unspec_unspec_descriptor	अनाकर्षक
P_D042a	body_type	overweight	unspec_unspec_unspec_descriptor	बड़ा साइज़
P_D043a	body_type	hair	feminine_unspec_singular_descriptor	लाल बालों वाली
P_D043b	body_type	hair	masculine_unspec_singular_descriptor	लाल बालों वाला
P_D043d	body_type	hair	masculine_unspec_plural_descriptor	लाल बालों वाले
P_D044a	body_type	small_stature	feminine_unspec_singular_descriptor	अनाकर्षक और दुबली-पतली
P_D044b	body_type	small_stature	masculine_unspec_singular_descriptor	अनाकर्षक और दुबला-पतला
P_D044d	body_type	small_stature	masculine_unspec_plural_descriptor	अनाकर्षक और दुबले-पतले
P_D045a	body_type	attractive	unspec_unspec_unspec_descriptor	कामुक
P_D046a	body_type	hair	feminine_unspec_singular_descriptor	छोटे बालों वाली
P_D046b	body_type	hair	masculine_unspec_singular_descriptor	छोटे बालों वाला
P_D046d	body_type	hair	masculine_unspec_plural_descriptor	छोटे बालों वाले
P_D047a	body_type	thin	feminine_unspec_singular_descriptor	पतली
P_D047b	body_type	thin	masculine_unspec_singular_descriptor	पतला
P_D047d	body_type	thin	masculine_unspec_plural_descriptor	पतले
P_D048a	body_type	large_stature	feminine_unspec_singular_descriptor	गठीली
P_D048b	body_type	large_stature	masculine_unspec_singular_descriptor	गठीला
P_D048d	body_type	large_stature	masculine_unspec_plural_descriptor	गठीले
P_D049a	body_type	hair	feminine_unspec_singular_descriptor	सीधे बालों वाली
P_D049b	body_type	hair	masculine_unspec_singular_descriptor	सीधे बालों वाला
P_D049d	body_type	hair	masculine_unspec_plural_descriptor	सीधे बालों वाले
P_D050a	body_type	thin	feminine_unspec_singular_descriptor	आकर्षक और दुबली-पतली
P_D051a	body_type	unattractive	unspec_unspec_unspec_descriptor	अनाकर्षक
P_D052a	body_type	hair	unspec_unspec_unspec_descriptor	बालदार
P_D053a	characteristics	handedness	unspec_unspec_unspec_descriptor	उभयहस्तकुशल
P_D054a	characteristics	job_status	feminine_unspec_singular_descriptor	शारीरिक श्रम वाली
P_D054b	characteristics	job_status	masculine_unspec_singular_descriptor	शारीरिक श्रम वाला
P_D054d	characteristics	job_status	masculine_unspec_plural_descriptor	शारीरिक श्रम वाले
P_D055a	characteristics	children	feminine_unspec_singular_descriptor	बिना बच्चों की
P_D055b	characteristics	children	masculine_unspec_singular_descriptor	बिना बच्चों का
P_D055d	characteristics	children	masculine_unspec_plural_descriptor	बिना बच्चों के
P_D056a	characteristics	miscellaneous	unspec_unspec_unspec_descriptor	निष्क्रिय
P_D057a	characteristics	handedness	feminine_unspec_singular_descriptor	बाएं हाथ से काम करने वाली
P_D057b	characteristics	handedness	masculine_unspec_singular_descriptor	बाएं हाथ से काम करने वाला
P_D058a	characteristics	handedness	masculine_unspec_plural_descriptor	बाएं हाथ से काम करने वाले
P_D058c	characteristics	children	feminine_unspec_singular_descriptor	गर्भवती
P_D059a	characteristics	handedness	feminine_unspec_singular_descriptor	दाएं हाथ से काम करने वाली
P_D059b	characteristics	handedness	masculine_unspec_singular_descriptor	दाएं हाथ से काम करने वाला
P_D059d	characteristics	handedness	masculine_unspec_plural_descriptor	दाएं हाथ से काम करने वाले
P_D060a	characteristics	lifestyle	unspec_unspec_unspec_descriptor	कमज़ोर
P_D061a	cultural	cultural_descriptors	unspec_unspec_unspec_descriptor	बहुसांस्कृतिक
P_D062a	cultural	cultural_descriptors	unspec_unspec_unspec_descriptor	गॉथ
P_D063a	cultural	cultural_descriptors	feminine_unspec_singular_descriptor	कानूनी तौर पर गर्भपात की समर्थक
P_D063b	cultural	cultural_descriptors	masculine_unspec_singular_descriptor	कानूनी तौर पर गर्भपात का समर्थक
P_D063d	cultural	cultural_descriptors	masculine_unspec_plural_descriptor	कानूनी तौर पर गर्भपात के समर्थक
P_D064a	cultural	cultural_descriptors	unspec_unspec_unspec_descriptor	कानूनी तौर पर गर्भपात के ख़िलाफ़
P_D065a	cultural	cultural_descriptors	unspec_unspec_unspec_descriptor	अशिक्षित श्वेत खेत मजदूर
P_D066a	cultural	cultural_descriptors	unspec_unspec_unspec_descriptor	वंचित
P_D067a	gender_and_sex	binary	feminine_unspec_singular_descriptor	महिला
P_D067b	gender_and_sex	binary	feminine_unspec_plural_descriptor	महिलाएँ
P_D068a	gender_and_sex	descriptors	feminine_unspec_singular_descriptor	स्त्रीवादी
P_D069a	gender_and_sex	descriptors	feminine_unspec_singular_descriptor	स्त्रीयोचित
P_D070a	gender_and_sex	descriptors	unspec_unspec_unspec_descriptor	फ़्रूटी
P_D071a	gender_and_sex	sex	unspec_unspec_unspec_descriptor	उभयलिंगिता
P_D072a	gender_and_sex	descriptors	masculine_unspec_singular_descriptor	मर्दाना
P_D072b	gender_and_sex	descriptors	masculine_unspec_plural_descriptor	मर्दाना
P_D073a	gender_and_sex	descriptors	unspec_unspec_unspec_descriptor	साहसी
P_D074a	gender_and_sex	transgender	unspec_unspec_unspec_descriptor	मेल टू फ़ीमेल
P_D075a	gender_and_sex	non_binary_or_gnc	unspec_unspec_unspec_descriptor	नॉन बाइनरी
P_D076a	gender_and_sex	non_binary_or_gnc	feminine_unspec_singular_descriptor	टॉमबॉय
P_D077a	gender_and_sex	transgender	unspec_unspec_unspec_descriptor	ट्रांसजेंडर
P_D078a	gender_and_sex	descriptors	masculine_unspec_singular_descriptor	स्त्रीयोचित
P_D078b	gender_and_sex	descriptors	masculine_unspec_plural_descriptor	स्त्रीयोचित
P_D079a	nationality	mexico	unspec_unspec_unspec_descriptor	चिकाना
P_D080a	nationality	philippines	unspec_unspec_unspec_descriptor	फ़िलिपीना
P_D081a	nationality	india	unspec_unspec_unspec_descriptor	भारतीय-अमेरिकन
P_D082a	nationality	south_korea	unspec_unspec_unspec_descriptor	कोरियन-अमेरिकन
P_D083a	nationality	vietnam	unspec_unspec_unspec_descriptor	वियतनामी
P_D084a	political_ideologies	all	unspec_unspec_unspec_descriptor	अराजकतावादी
P_D085a	political_ideologies	all	unspec_unspec_unspec_descriptor	साम्यवादी
P_D086a	political_ideologies	all	unspec_unspec_unspec_descriptor	उदारवादी
P_D087a	political_ideologies	all	unspec_unspec_unspec_descriptor	राष्ट्रवादी
P_D088a	political_ideologies	all	unspec_unspec_unspec_descriptor	दक्षिण-पंथी
P_D089a	political_ideologies	all	unspec_unspec_unspec_descriptor	समाजवादी
P_D090a	race_ethnicity	combined	unspec_unspec_unspec_descriptor	एशियाई अमेरिकी, प्रशांत द्वीपवासी
P_D091a	race_ethnicity	black	unspec_unspec_unspec_descriptor	अफ़्रीकी-अमेरिकन
P_D092a	race_ethnicity	asian	unspec_unspec_unspec_descriptor	एशियन-अमेरिकन
P_D093a	race_ethnicity	asian	unspec_unspec_unspec_descriptor	देसी
P_D094a	race_ethnicity	latinx	unspec_unspec_unspec_descriptor	लैटिन
P_D095a	race_ethnicity	latinx	unspec_unspec_unspec_descriptor	लैटिना
P_D096a	race_ethnicity	asian	unspec_unspec_unspec_descriptor	पूर्वी एशियाई
P_D097a	religion	all	unspec_unspec_unspec_descriptor	संशयवादी
P_D098a	religion	all	unspec_unspec_unspec_descriptor	मानवतावादी
P_D099a	religion	all	unspec_unspec_unspec_descriptor	शिया
P_D100a	sexual_orientation	asexual_or_aromantic	unspec_unspec_unspec_descriptor	अलैंगिक
P_D101a	sexual_orientation	lesbian	feminine_unspec_singular_descriptor	लेस्बियन
P_D102a	socioeconomic_class	below_poverty_line	feminine_unspec_singular_descriptor	कम आय वाली
P_D102b	socioeconomic_class	below_poverty_line	masculine_unspec_singular_descriptor	कम आय वाला
P_D102d	socioeconomic_class	below_poverty_line	masculine_unspec_plural_descriptor	कम आय वाले
P_D103a	socioeconomic_class	upper_class	unspec_unspec_unspec_descriptor	उच्चवर्गीय
F_D001a	ability	--	unspec_unspec_unspec_descriptor	बधिर
F_D002a	ability	auditory	unspec_unspec_unspec_descriptor	थोड़ा बधिर
F_D003a	ability	auditory	unspec_unspec_unspec_descriptor	बधिर
F_D004a	ability	intellectual_and_developmental	unspec_unspec_unspec_descriptor	सीखने में कमज़ोर
F_D005a	ability	intellectual_and_developmental	unspec_unspec_unspec_descriptor	कमज़ोर
F_D006a	ability	mobility	unspec_unspec_unspec_descriptor	अपंग
F_D007a	ability	mobility	unspec_unspec_unspec_descriptor	कमर के नीचे का लकवा
F_D008a	ability	mobility	unspec_unspec_unspec_descriptor	लकवा
F_D009a	ability	mobility	unspec_unspec_unspec_descriptor	गर्दन के नीचे का लकवा
F_D010a	ability	mobility	unspec_unspec_unspec_descriptor	चलने में असमर्थ
F_D011a	ability	neurological	unspec_unspec_unspec_descriptor	ऑटिस्टिक
F_D012a	ability	neurological	unspec_unspec_unspec_descriptor	डिस्लेक्सिक्स
F_D013a	ability	neurological	unspec_unspec_unspec_descriptor	न्यूरोटाइपिकल
F_D014a	ability	neurological	unspec_unspec_unspec_descriptor	न्यूरोडायवर्जेंट
F_D015a	ability	neurological	unspec_unspec_unspec_descriptor	विक्षिप्त
F_D016a	ability	neurological	unspec_unspec_unspec_descriptor	गैर-विक्षिप्त
F_D017a	ability	speech	unspec_unspec_unspec_descriptor	वाक्यरोध संबंधी
F_D018a	ability	speech	unspec_unspec_unspec_descriptor	मूक
F_D019a	ability	speech	unspec_unspec_unspec_descriptor	गैर-मौखिक
F_D020a	ability	speech	unspec_unspec_unspec_descriptor	बोलने में अक्षम
F_D021a	ability	speech	unspec_unspec_unspec_descriptor	मूक
F_D022a	ability	visual	unspec_unspec_unspec_descriptor	नेत्रहीन
F_D023a	ability	visual	unspec_unspec_unspec_descriptor	चश्माधारी
F_D024a	ability	visual	unspec_unspec_unspec_descriptor	कम दिखना
F_D025a	ability	visual	unspec_unspec_unspec_descriptor	दृष्टि बाधित
F_D026a	ability	visual	unspec_unspec_unspec_descriptor	चश्माधारी
F_D027a	ability	other_disabilities	feminine_unspec_singular_descriptor	बाँझ
F_D028a	ability	unspecific	unspec_unspec_unspec_descriptor	ह्रष्ट-पुष्ट
F_D029a	ability	unspecific	unspec_unspec_unspec_descriptor	दिव्यांग
F_D030a	ability	unspecific	unspec_unspec_unspec_descriptor	अक्षम
F_D031a	ability	unspecific	unspec_unspec_unspec_descriptor	दिव्यांग
F_D032a	ability	unspecific	unspec_unspec_unspec_descriptor	गैर-दिव्यांग
F_D033a	ability	puberty	feminine_unspec_singular_descriptor	किशोरी
F_D033b	ability	puberty	masculine_unspec_singular_descriptor	किशोर
F_D033c	ability	puberty	feminine_unspec_plural_descriptor	किशोरियाँ
F_D033d	ability	puberty	masculine_unspec_plural_descriptor	किशोर
F_D034a	age	puberty	feminine_unspec_singular_descriptor	किशोरी
F_D034b	age	puberty	masculine_unspec_singular_descriptor	किशोर
F_D034c	age	puberty	feminine_unspec_plural_descriptor	किशोरियाँ
F_D034d	age	puberty	masculine_unspec_plural_descriptor	किशोर
F_D035a	age	young	unspec_unspec_unspec_descriptor	युवा
F_D036a	age	young	unspec_unspec_unspec_descriptor	छोटा
F_D037a	age	young	feminine_unspec_singular_descriptor	बीस साल की
F_D037b	age	young	masculine_unspec_singular_descriptor	बीस साल का
F_D037c	age	young	masculine_unspec_plural_descriptor	बीस साल के
F_D038a	age	adult	feminine_unspec_singular_descriptor	तीस साल की
F_D038b	age	adult	masculine_unspec_singular_descriptor	तीस साल का
F_D038c	age	adult	masculine_unspec_plural_descriptor	तीस साल के
F_D039a	age	adult	feminine_unspec_singular_descriptor	चालीस साल की
F_D039b	age	adult	masculine_unspec_singular_descriptor	चालीस साल का
F_D039c	age	adult	masculine_unspec_plural_descriptor	चालीस साल के
F_D040a	age	adult	feminine_unspec_singular_descriptor	तीस साल के आसपास की
F_D040b	age	adult	masculine_unspec_singular_descriptor	तीस साल के आसपास का
F_D040c	age	adult	masculine_unspec_plural_descriptor	तीस साल के आसपास के
F_D041a	age	middle_aged	feminine_unspec_singular_descriptor	पचास साल की
F_D041b	age	middle_aged	masculine_unspec_singular_descriptor	पचास साल का
F_D041c	age	middle_aged	masculine_unspec_plural_descriptor	पचास साल के
F_D042a	age	middle_aged	feminine_unspec_singular_descriptor	साठ साल की
F_D042b	age	middle_aged	masculine_unspec_singular_descriptor	साठ साल का
F_D042c	age	middle_aged	masculine_unspec_plural_descriptor	साठ साल के
F_D043a	age	middle_aged	feminine_unspec_singular_descriptor	पचास साल के आसपास की
F_D043b	age	middle_aged	masculine_unspec_singular_descriptor	पचास साल के आसपास का
F_D043c	age	middle_aged	masculine_unspec_plural_descriptor	पचास साल के आसपास के
F_D044a	age	middle_aged	feminine_unspec_singular_descriptor	साठ साल के आसपास की
F_D044b	age	middle_aged	masculine_unspec_singular_descriptor	साठ साल के आसपास का
F_D044c	age	middle_aged	masculine_unspec_plural_descriptor	साठ साल के आसपास के
F_D045a	age	middle_aged	unspec_unspec_unspec_descriptor	अधेड़ अवस्था
F_D046a	age	old	feminine_unspec_singular_descriptor	सत्तर साल की
F_D046b	age	old	masculine_unspec_singular_descriptor	सत्तर साल का
F_D046c	age	old	masculine_unspec_plural_descriptor	सत्तर साल के
F_D047a	age	old	feminine_unspec_singular_descriptor	अस्सी साल की
F_D047b	age	old	masculine_unspec_singular_descriptor	अस्सी साल का
F_D047c	age	old	masculine_unspec_plural_descriptor	अस्सी साल के
F_D048a	age	old	feminine_unspec_singular_descriptor	पचासी साल की
F_D048b	age	old	masculine_unspec_singular_descriptor	पचासी साल का
F_D048c	age	old	masculine_unspec_plural_descriptor	पचासी साल के
F_D049a	age	old	feminine_unspec_singular_descriptor	नब्बे साल की
F_D049b	age	old	masculine_unspec_singular_descriptor	नब्बे साल का
F_D049c	age	old	masculine_unspec_plural_descriptor	नब्बे साल के
F_D050a	age	old	feminine_unspec_singular_descriptor	सत्तर साल के आसपास की
F_D050b	age	old	masculine_unspec_singular_descriptor	सत्तर साल के आसपास का
F_D050c	age	old	masculine_unspec_plural_descriptor	सत्तर साल के आसपास के
F_D051a	age	old	feminine_unspec_singular_descriptor	अस्सी साल के आसपास की
F_D051b	age	old	masculine_unspec_singular_descriptor	अस्सी साल के आसपास का
F_D051c	age	old	masculine_unspec_plural_descriptor	अस्सी साल के आसपास के
F_D052a	age	old	feminine_unspec_singular_descriptor	नब्बे साल के आसपास की
F_D052b	age	old	masculine_unspec_singular_descriptor	नब्बे साल के आसपास का
F_D052c	age	old	masculine_unspec_plural_descriptor	नब्बे साल के आसपास के
F_D053a	age	old	feminine_unspec_singular_descriptor	अस्सी साल की
F_D053b	age	old	masculine_unspec_singular_descriptor	अस्सी साल का
F_D053c	age	old	feminine_unspec_plural_descriptor	अस्सी साल की
F_D053d	age	old	masculine_unspec_plural_descriptor	अस्सी साल के
F_D054a	age	old	feminine_unspec_singular_descriptor	नब्बे से निन्यानवे साल के बीच की
F_D054b	age	old	masculine_unspec_singular_descriptor	नब्बे से निन्यानवे साल के बीच का
F_D054c	age	old	feminine_unspec_plural_descriptor	नब्बे से निन्यानवे साल के बीच की
F_D054d	age	old	masculine_unspec_plural_descriptor	नब्बे से निन्यानवे साल के बीच के
F_D055a	age	old	feminine_unspec_singular_descriptor	सौ साल या उससे ऊपर की
F_D055b	age	old	masculine_unspec_singular_descriptor	सौ साल या उससे ऊपर का
F_D055c	age	old	feminine_unspec_plural_descriptor	सौ साल या उससे ऊपर की
F_D055d	age	old	masculine_unspec_plural_descriptor	सौ साल या उससे ऊपर के
F_D056a	age	old	unspec_unspec_unspec_descriptor	बड़ा
F_D057a	age	old	unspec_unspec_unspec_descriptor	बुज़ुर्ग
F_D058a	age	old	unspec_unspec_unspec_descriptor	बुज़ुर्ग
F_D059a	age	old	unspec_unspec_unspec_descriptor	सेवानिवृत
F_D060a	age	old	unspec_unspec_unspec_descriptor	वरिष्ठ
F_D061a	age	old	unspec_unspec_unspec_descriptor	जवांदिल
F_D062a	age	old	unspec_unspec_unspec_descriptor	उर्जावान
F_D063a	age	old	unspec_unspec_unspec_descriptor	जराचिकित्सा
F_D064a	age	adult	unspec_unspec_unspec_descriptor	वयस्क
F_D065a	body_type	thin	unspec_unspec_unspec_descriptor	हड्डीदार
F_D066a	body_type	thin	feminine_unspec_singular_descriptor	लंबी और पतली
F_D066b	body_type	thin	masculine_unspec_singular_descriptor	लंबा और पतला
F_D066c	body_type	thin	masculine_unspec_plural_descriptor	लंबे और पतले
F_D067a	body_type	thin	feminine_unspec_singular_descriptor	लंबी और पतली
F_D067b	body_type	thin	masculine_unspec_singular_descriptor	लंबा और पतला
F_D067c	body_type	thin	masculine_unspec_plural_descriptor	लंबे और पतले
F_D068a	body_type	thin	feminine_unspec_singular_descriptor	पतली-दुबली
F_D068b	body_type	thin	masculine_unspec_singular_descriptor	पतला-दुबला
F_D068c	body_type	thin	masculine_unspec_plural_descriptor	पतले-दुबले
F_D069a	body_type	thin	feminine_unspec_singular_descriptor	पतली
F_D069b	body_type	thin	masculine_unspec_singular_descriptor	पतला
F_D069c	body_type	thin	masculine_unspec_plural_descriptor	पतले
F_D070a	body_type	thin	feminine_unspec_singular_descriptor	पतली
F_D070b	body_type	thin	masculine_unspec_singular_descriptor	पतला
F_D070c	body_type	thin	masculine_unspec_plural_descriptor	पतले
F_D071a	body_type	thin	unspec_unspec_unspec_descriptor	कम वज़नी
F_D072a	body_type	fit	unspec_unspec_unspec_descriptor	फ़िट
F_D073a	body_type	fit	unspec_unspec_unspec_descriptor	आकार में
F_D074a	body_type	fit	unspec_unspec_unspec_descriptor	बलवान
F_D075a	body_type	fit	unspec_unspec_unspec_descriptor	शारीरिक रूप से फ़िट
F_D076a	body_type	fit	unspec_unspec_unspec_descriptor	मांसल
F_D077a	body_type	fit	unspec_unspec_unspec_descriptor	मज़बूत
F_D078a	body_type	fit	unspec_unspec_unspec_descriptor	सुडौल
F_D079a	body_type	fit	unspec_unspec_unspec_descriptor	मज़बूत
F_D080a	body_type	fit	unspec_unspec_unspec_descriptor	मज़बूत
F_D081a	body_type	overweight	unspec_unspec_unspec_descriptor	गोलमटोल
F_D082a	body_type	overweight	feminine_unspec_singular_descriptor	मोटी
F_D082b	body_type	overweight	masculine_unspec_singular_descriptor	मोटा
F_D082c	body_type	overweight	masculine_unspec_plural_descriptor	मोटे
F_D083a	body_type	overweight	feminine_unspec_singular_descriptor	मोटी
F_D083b	body_type	overweight	masculine_unspec_singular_descriptor	मोटा
F_D083c	body_type	overweight	masculine_unspec_plural_descriptor	मोटे
F_D084a	body_type	overweight	feminine_unspec_singular_descriptor	हट्टी-कट्टी
F_D084b	body_type	overweight	masculine_unspec_singular_descriptor	हट्टा-कट्टा
F_D084c	body_type	overweight	masculine_unspec_plural_descriptor	हट्टे-कट्टे
F_D085a	body_type	overweight	unspec_unspec_unspec_descriptor	भारी
F_D086a	body_type	overweight	feminine_unspec_singular_descriptor	थोड़ा ज़्यादा वज़नी
F_D086b	body_type	overweight	masculine_unspec_singular_descriptor	थोड़ा ज़्यादा वज़नी
F_D086c	body_type	overweight	masculine_unspec_plural_descriptor	थोड़ा ज़्यादा वज़नी
F_D087a	body_type	overweight	feminine_unspec_singular_descriptor	बहुत ज़्यादा मोटी
F_D087b	body_type	overweight	masculine_unspec_singular_descriptor	बहुत ज़्यादा मोटा
F_D087c	body_type	overweight	masculine_unspec_plural_descriptor	बहुत ज़्यादा मोटे
F_D088a	body_type	overweight	unspec_unspec_unspec_descriptor	ज़्यादा वज़नी
F_D089a	body_type	overweight	unspec_unspec_unspec_descriptor	स्थूल
F_D090a	body_type	overweight	feminine_unspec_singular_descriptor	मोटे पेट वाली
F_D090b	body_type	overweight	masculine_unspec_singular_descriptor	मोटे पेट वाला
F_D090c	body_type	overweight	masculine_unspec_plural_descriptor	मोटे पेट वाले
F_D091a	body_type	overweight	unspec_unspec_unspec_descriptor	थोड़ा ज़्यादा वज़नी
F_D092a	body_type	overweight	unspec_unspec_unspec_descriptor	गोलाकार
F_D093a	body_type	overweight	unspec_unspec_unspec_descriptor	भारी
F_D094a	body_type	attractive	feminine_unspec_singular_descriptor	प्यारी
F_D094b	body_type	attractive	masculine_unspec_singular_descriptor	प्यारा
F_D094c	body_type	attractive	masculine_unspec_plural_descriptor	प्यारे
F_D095a	body_type	attractive	unspec_unspec_unspec_descriptor	सुंदर
F_D096a	body_type	attractive	unspec_unspec_unspec_descriptor	सुंदर
F_D097a	body_type	attractive	unspec_unspec_unspec_descriptor	सुंदर
F_D098a	body_type	unattractive	unspec_unspec_unspec_descriptor	बदसूरत
F_D099a	body_type	unattractive	unspec_unspec_unspec_descriptor	बड़ा भद्दा
F_D100a	body_type	shapes	masculine_unspec_singular_descriptor	चौड़ी छाती वाला
F_D100b	body_type	shapes	masculine_unspec_plural_descriptor	चौड़ी छाती वाले
F_D101a	body_type	large_stature	feminine_unspec_singular_descriptor	बड़ी
F_D101b	body_type	large_stature	masculine_unspec_singular_descriptor	बड़ा
F_D101c	body_type	large_stature	masculine_unspec_plural_descriptor	बड़े
F_D102a	body_type	large_stature	unspec_unspec_unspec_descriptor	बलवान
F_D103a	body_type	large_stature	unspec_unspec_unspec_descriptor	विशालकाय
F_D104a	body_type	large_stature	feminine_unspec_singular_descriptor	बड़ी
F_D104b	body_type	large_stature	masculine_unspec_singular_descriptor	बड़ा
F_D104c	body_type	large_stature	masculine_unspec_plural_descriptor	बड़े
F_D105a	body_type	large_stature	feminine_unspec_singular_descriptor	बड़ी
F_D105b	body_type	large_stature	masculine_unspec_singular_descriptor	बड़ा
F_D105c	body_type	large_stature	masculine_unspec_plural_descriptor	बड़े
F_D106a	body_type	large_stature	unspec_unspec_unspec_descriptor	विशालकाय
F_D107a	body_type	large_stature	unspec_unspec_unspec_descriptor	विशालकाय
F_D108a	body_type	large_stature	feminine_unspec_singular_descriptor	लंबी
F_D108b	body_type	large_stature	masculine_unspec_singular_descriptor	लंबा
F_D108c	body_type	large_stature	masculine_unspec_plural_descriptor	लंबे
F_D109a	body_type	large_stature	feminine_unspec_singular_descriptor	बहुत लंबी
F_D109b	body_type	large_stature	masculine_unspec_singular_descriptor	बहुत लंबा
F_D109c	body_type	large_stature	masculine_unspec_plural_descriptor	बहुत लंबे
F_D110a	body_type	large_stature	unspec_unspec_unspec_descriptor	भीमकाय
F_D111a	body_type	medium_stature	feminine_unspec_singular_descriptor	औसत लंबाई वाली
F_D111b	body_type	medium_stature	masculine_unspec_singular_descriptor	औसत लंबाई वाला
F_D111c	body_type	medium_stature	masculine_unspec_plural_descriptor	औसत लंबाई वाले
F_D112a	body_type	medium_stature	feminine_unspec_singular_descriptor	मध्यम लंबाई वाली
F_D112b	body_type	medium_stature	masculine_unspec_singular_descriptor	मध्यम लंबाई वाला
F_D112c	body_type	medium_stature	masculine_unspec_plural_descriptor	मध्यम लंबाई वाले
F_D113a	body_type	small_stature	feminine_unspec_singular_descriptor	कम लंबाई वाली
F_D113b	body_type	small_stature	masculine_unspec_singular_descriptor	कम लंबाई वाला
F_D113c	body_type	small_stature	masculine_unspec_plural_descriptor	कम लंबाई वाले
F_D114a	body_type	small_stature	feminine_unspec_singular_descriptor	छोटी
F_D114b	body_type	small_stature	masculine_unspec_singular_descriptor	छोटा
F_D114c	body_type	small_stature	masculine_unspec_plural_descriptor	छोटे
F_D115a	body_type	small_stature	feminine_unspec_singular_descriptor	कम लंबाई वाली
F_D115b	body_type	small_stature	masculine_unspec_singular_descriptor	कम लंबाई वाला
F_D115c	body_type	small_stature	masculine_unspec_plural_descriptor	कम लंबाई वाले
F_D116a	body_type	small_stature	feminine_unspec_singular_descriptor	बहुत छोटी
F_D116b	body_type	small_stature	masculine_unspec_singular_descriptor	बहुत छोटा
F_D116c	body_type	small_stature	masculine_unspec_plural_descriptor	बहुत छोटे
F_D117a	body_type	small_stature	feminine_unspec_singular_descriptor	कम लंबाई वाली
F_D117b	body_type	small_stature	masculine_unspec_singular_descriptor	कम लंबाई वाला
F_D117c	body_type	small_stature	masculine_unspec_plural_descriptor	कम लंबाई वाले
F_D118a	body_type	small_stature	feminine_unspec_singular_descriptor	बहुत छोटी
F_D118b	body_type	small_stature	masculine_unspec_singular_descriptor	बहुत छोटा
F_D118c	body_type	small_stature	masculine_unspec_plural_descriptor	बहुत छोटे
F_D119a	body_type	eye_color	feminine_unspec_singular_descriptor	नीली आँखों वाली
F_D119b	body_type	eye_color	masculine_unspec_singular_descriptor	नीली आँखों वाला
F_D119c	body_type	eye_color	masculine_unspec_plural_descriptor	नीली आँखों वाले
F_D120a	body_type	eye_color	feminine_unspec_singular_descriptor	भूरी आँखों वाली
F_D120b	body_type	eye_color	masculine_unspec_singular_descriptor	भूरी आँखों वाला
F_D120c	body_type	eye_color	masculine_unspec_plural_descriptor	भूरी आँखों वाले
F_D121a	body_type	eye_color	feminine_unspec_singular_descriptor	पीली आँखों वाली
F_D121b	body_type	eye_color	masculine_unspec_singular_descriptor	पीली आँखों वाला
F_D121c	body_type	eye_color	masculine_unspec_plural_descriptor	पीली आँखों वाले
F_D122a	body_type	hair	feminine_unspec_singular_descriptor	गंजी
F_D122b	body_type	hair	masculine_unspec_singular_descriptor	गंजा
F_D122c	body_type	hair	masculine_unspec_plural_descriptor	गंजे
F_D123a	body_type	hair	feminine_unspec_singular_descriptor	गंजी
F_D123b	body_type	hair	masculine_unspec_singular_descriptor	गंजा
F_D123c	body_type	hair	masculine_unspec_plural_descriptor	गंजे
F_D124a	body_type	hair	unspec_unspec_unspec_descriptor	गंजापन
F_D125a	body_type	hair	feminine_unspec_singular_descriptor	काले बालों वाली
F_D125b	body_type	hair	masculine_unspec_singular_descriptor	काले बालों वाला
F_D125c	body_type	hair	masculine_unspec_plural_descriptor	काले बालों वाले
F_D126a	body_type	hair	feminine_unspec_singular_descriptor	भूरे बालों वाली
F_D126b	body_type	hair	masculine_unspec_singular_descriptor	भूरे बालों वाला
F_D126c	body_type	hair	masculine_unspec_plural_descriptor	भूरे बालों वाले
F_D127a	body_type	hair	feminine_unspec_singular_descriptor	घुंघराले बालों वाली
F_D127b	body_type	hair	masculine_unspec_singular_descriptor	घुंघराले बालों वाला
F_D127c	body_type	hair	masculine_unspec_plural_descriptor	घुंघराले बालों वाले
F_D128a	body_type	hair	feminine_unspec_singular_descriptor	काले बालों वाली
F_D128b	body_type	hair	masculine_unspec_singular_descriptor	काले बालों वाला
F_D128c	body_type	hair	masculine_unspec_plural_descriptor	काले बालों वाले
F_D129a	body_type	hair	feminine_unspec_singular_descriptor	काले सुनहरे बालों वाली
F_D129b	body_type	hair	masculine_unspec_singular_descriptor	काले सुनहरे बालों वाला
F_D129c	body_type	hair	masculine_unspec_plural_descriptor	काले सुनहरे बालों वाले
F_D130a	body_type	hair	feminine_unspec_singular_descriptor	ड्रेडलॉक बालों वाली लड़की
F_D130b	body_type	hair	masculine_unspec_singular_descriptor	ड्रेडलॉक बालों वाला लड़का
F_D130c	body_type	hair	masculine_unspec_plural_descriptor	ड्रेडलॉक बालों वाले लड़के
F_D131a	body_type	hair	unspec_unspec_unspec_descriptor	लाल बाल
F_D132a	body_type	hair	masculine_unspec_singular_descriptor	होंठ के ऊपर और ठोड़ी पर दाढ़ी रखने वाला
F_D132b	body_type	hair	masculine_unspec_plural_descriptor	होंठ के ऊपर और ठोड़ी पर दाढ़ी रखने वाले
F_D133a	body_type	hair	feminine_unspec_singular_descriptor	सलेटी बालों वाली
F_D133b	body_type	hair	masculine_unspec_singular_descriptor	सलेटी बालों वाला
F_D133c	body_type	hair	masculine_unspec_plural_descriptor	सलेटी बालों वाले
F_D134a	body_type	hair	feminine_unspec_singular_descriptor	सफ़ेद होते बालों वाली
F_D134b	body_type	hair	masculine_unspec_singular_descriptor	सफ़ेद होते बालों वाला
F_D134c	body_type	hair	masculine_unspec_plural_descriptor	सफ़ेद होते बालों वाले
F_D135a	body_type	hair	feminine_unspec_singular_descriptor	उलझे बालों वाली
F_D135b	body_type	hair	masculine_unspec_singular_descriptor	उलझे बालों वाला
F_D135c	body_type	hair	masculine_unspec_plural_descriptor	उलझे बालों वाले
F_D136a	body_type	hair	feminine_unspec_singular_descriptor	लंबे बालों वाली
F_D136b	body_type	hair	masculine_unspec_singular_descriptor	लंबे बालों वाला
F_D136c	body_type	hair	masculine_unspec_plural_descriptor	लंबे बालों वाले
F_D137a	body_type	hair	masculine_unspec_singular_descriptor	मूंछों वाला
F_D137b	body_type	hair	masculine_unspec_singular_descriptor	मूंछों वाले
F_D138a	body_type	hair	feminine_unspec_singular_descriptor	पोनीटेल वाली
F_D138b	body_type	hair	masculine_unspec_singular_descriptor	पोनीटेल वाला
F_D138c	body_type	hair	masculine_unspec_plural_descriptor	पोनीटेल वाले
F_D139a	body_type	hair	feminine_unspec_singular_descriptor	भूरे और सफ़ेद बालों वाली
F_D139b	body_type	hair	masculine_unspec_singular_descriptor	भूरे और सफ़ेद बालों वाला
F_D139c	body_type	hair	masculine_unspec_plural_descriptor	भूरे और सफ़ेद बालों वाले
F_D140a	body_type	hair	feminine_unspec_singular_descriptor	उलझे बालों वाली
F_D140b	body_type	hair	masculine_unspec_singular_descriptor	उलझे बालों वाला
F_D140c	body_type	hair	masculine_unspec_plural_descriptor	उलझे बालों वाले
F_D141a	body_type	hair	feminine_unspec_singular_descriptor	उलझे बालों वाली
F_D141b	body_type	hair	masculine_unspec_singular_descriptor	उलझे बालों वाला
F_D141c	body_type	hair	masculine_unspec_plural_descriptor	उलझे बालों वाले
F_D142a	body_type	hair	feminine_unspec_singular_descriptor	सफ़ेद बालों वाली
F_D142b	body_type	hair	masculine_unspec_singular_descriptor	सफ़ेद बालों वाला
F_D142c	body_type	hair	masculine_unspec_plural_descriptor	सफ़ेद बालों वाले
F_D143a	body_type	hair	feminine_unspec_singular_descriptor	खड़े बालों वाली
F_D143b	body_type	hair	masculine_unspec_singular_descriptor	खड़े बालों वाला
F_D143c	body_type	hair	masculine_unspec_plural_descriptor	खड़े बालों वाले
F_D144a	body_type	hair	feminine_unspec_singular_descriptor	सफ़ेद बालों वाली
F_D144b	body_type	hair	masculine_unspec_singular_descriptor	सफ़ेद बालों वाला
F_D144c	body_type	hair	masculine_unspec_plural_descriptor	सफ़ेद बालों वाले
F_D145a	body_type	skin_color	feminine_unspec_singular_descriptor	सांवली त्वचा वाली
F_D145b	body_type	skin_color	masculine_unspec_singular_descriptor	सांवली त्वचा वाला
F_D145c	body_type	skin_color	masculine_unspec_plural_descriptor	सांवली त्वचा वाले
F_D146a	body_type	body_type_miscellaneous	unspec_unspec_unspec_descriptor	मुँहासों से ढका हुआ
F_D147a	body_type	body_type_miscellaneous	unspec_unspec_unspec_descriptor	मुँहासे से ग्रस्त
F_D148a	body_type	body_type_miscellaneous	unspec_unspec_unspec_descriptor	बदबूदार
F_D149a	body_type	body_type_miscellaneous	unspec_unspec_unspec_descriptor	बदबूदार
F_D150a	body_type	shapes	unspec_unspec_unspec_descriptor	बेडौल
F_D151a	body_type	body_type_miscellaneous	unspec_unspec_unspec_descriptor	अच्छी तरह सजा संवरा हुआ
F_D152a	body_type	body_type_miscellaneous	unspec_unspec_unspec_descriptor	थका हुआ और गंदा
F_D153a	body_type	body_type_miscellaneous	unspec_unspec_unspec_descriptor	छोटे कद का
F_D154a	characteristics	addictions	unspec_unspec_unspec_descriptor	व्यसनी
F_D155a	characteristics	addictions	unspec_unspec_unspec_descriptor	शराबी
F_D156a	characteristics	addictions	unspec_unspec_unspec_descriptor	शराबी
F_D157a	characteristics	addictions	unspec_unspec_unspec_descriptor	नशेड़ी
F_D158a	characteristics	addictions	unspec_unspec_unspec_descriptor	चरसी
F_D159a	characteristics	addictions	unspec_unspec_unspec_descriptor	भंगेड़ी
F_D160a	characteristics	addictions	unspec_unspec_unspec_descriptor	नशेड़ी
F_D161a	characteristics	children	unspec_unspec_unspec_descriptor	संतानहीन
F_D162a	characteristics	domestic_status	unspec_unspec_unspec_descriptor	बेघर
F_D163a	characteristics	domestic_status	unspec_unspec_unspec_descriptor	बेघर
F_D164a	characteristics	domestic_status	unspec_unspec_unspec_descriptor	घुमंतू
F_D165a	characteristics	domestic_status	unspec_unspec_unspec_descriptor	अनाथ
F_D166a	characteristics	immigration_status	unspec_unspec_unspec_descriptor	गोद लिया हुआ
F_D167a	characteristics	immigration_status	unspec_unspec_unspec_descriptor	पराया मनुष्य
F_D168a	characteristics	immigration_status	feminine_unspec_singular_descriptor	अमेरिका में जन्मी
F_D168b	characteristics	immigration_status	masculine_unspec_singular_descriptor	अमेरिका में जन्मा
F_D168c	characteristics	immigration_status	masculine_unspec_plural_descriptor	अमेरिका में जन्मे
F_D169a	characteristics	immigration_status	unspec_unspec_unspec_descriptor	शरण-मांग
F_D170a	characteristics	immigration_status	unspec_unspec_unspec_descriptor	विदेशी
F_D171a	characteristics	immigration_status	unspec_unspec_unspec_descriptor	विदेश मैं पैदा
F_D172a	characteristics	immigration_status	unspec_unspec_unspec_descriptor	आप्रवासी
F_D173a	characteristics	immigration_status	unspec_unspec_unspec_descriptor	स्थानीय
F_D174a	characteristics	immigration_status	feminine_unspec_singular_descriptor	देश में जन्मी
F_D174b	characteristics	immigration_status	masculine_unspec_singular_descriptor	देश में जन्मा
F_D174c	characteristics	immigration_status	masculine_unspec_plural_descriptor	देश में जन्मे
F_D175a	characteristics	immigration_status	unspec_unspec_unspec_descriptor	देशीयकृत
F_D176a	characteristics	immigration_status	unspec_unspec_unspec_descriptor	गैर-स्थानीय
F_D177a	characteristics	immigration_status	unspec_unspec_unspec_descriptor	शरणार्थी
F_D178a	characteristics	immigration_status	unspec_unspec_unspec_descriptor	देशविहीन
F_D179a	characteristics	immigration_status	unspec_unspec_unspec_descriptor	गैर-दस्तावेज़ी
F_D180a	characteristics	immigration_status	feminine_unspec_singular_descriptor	अमेरिका में जन्मी
F_D180b	characteristics	immigration_status	masculine_unspec_singular_descriptor	अमेरिका में जन्मा
F_D180c	characteristics	immigration_status	masculine_unspec_plural_descriptor	अमेरिका में जन्मे
F_D181a	characteristics	job_status	unspec_unspec_unspec_descriptor	कार्यरत
F_D182a	characteristics	job_status	feminine_unspec_singular_descriptor	नौकरी से निकाली गई
F_D182b	characteristics	job_status	masculine_unspec_singular_descriptor	नौकरी से निकाला गया
F_D182c	characteristics	job_status	masculine_unspec_plural_descriptor	नौकरी से निकाले गए
F_D183a	characteristics	job_status	unspec_unspec_unspec_descriptor	पेशेवर
F_D184a	characteristics	job_status	feminine_unspec_singular_descriptor	घर का काम करने वाली
F_D184b	characteristics	job_status	masculine_unspec_singular_descriptor	घर का काम करने वाला
F_D184c	characteristics	job_status	masculine_unspec_plural_descriptor	घर का काम करने वाले
F_D185a	characteristics	job_status	unspec_unspec_unspec_descriptor	घर में रहना
F_D186a	characteristics	job_status	unspec_unspec_unspec_descriptor	अपनी क्षमता से कम काम मिलना
F_D187a	characteristics	job_status	unspec_unspec_unspec_descriptor	बेरोज़गार
F_D188a	characteristics	job_status	unspec_unspec_unspec_descriptor	व्हाइट कॉलर
F_D189a	characteristics	job_status	unspec_unspec_unspec_descriptor	हाफ़-टाइमर
F_D190a	characteristics	job_status	unspec_unspec_unspec_descriptor	पार्ट-टाइमर
F_D191a	characteristics	job_status	unspec_unspec_unspec_descriptor	अनियत श्रमिक
F_D192a	characteristics	job_status	unspec_unspec_unspec_descriptor	स्वतंत्र रूप से धनी
F_D193a	characteristics	marital_status	unspec_unspec_unspec_descriptor	तलाकशुदा
F_D194a	characteristics	marital_status	unspec_unspec_unspec_descriptor	विवाहित
F_D195a	characteristics	marital_status	unspec_unspec_unspec_descriptor	अलग-थलग
F_D196a	characteristics	marital_status	unspec_unspec_unspec_descriptor	सिंगल
F_D197a	characteristics	marital_status	unspec_unspec_unspec_descriptor	स्वतंत्र
F_D198a	characteristics	marital_status	feminine_unspec_singular_descriptor	विवाह करनेवाली
F_D198b	characteristics	marital_status	masculine_unspec_singular_descriptor	विवाह करनेवाला
F_D198c	characteristics	marital_status	masculine_unspec_plural_descriptor	विवाह करनेवाले
F_D199a	characteristics	marital_status	unspec_unspec_unspec_descriptor	संलग्न
F_D200a	characteristics	marital_status	unspec_unspec_unspec_descriptor	अविवाहित
F_D201a	characteristics	marital_status	feminine_unspec_singular_descriptor	विधवा
F_D201b	characteristics	marital_status	feminine_unspec_plural_descriptor	विधवाएँ
F_D201c	characteristics	marital_status	masculine_unspec_singular_descriptor	विधुर
F_D202a	characteristics	marital_status	unspec_unspec_unspec_descriptor	भागीदार
F_D203a	characteristics	marital_status	unspec_unspec_unspec_descriptor	उपलब्ध
F_D204a	characteristics	lifestyle	unspec_unspec_unspec_descriptor	हृष्ट-पुष्ट
F_D205a	characteristics	lifestyle	unspec_unspec_unspec_descriptor	सक्रिय
F_D206a	characteristics	lifestyle	unspec_unspec_unspec_descriptor	सुस्त
F_D207a	characteristics	literacy	unspec_unspec_unspec_descriptor	साक्षर
F_D208a	characteristics	literacy	unspec_unspec_unspec_descriptor	निरक्षर
F_D209a	cultural	generations	unspec_unspec_unspec_descriptor	महानतम पीढ़ी
F_D210a	cultural	generations	unspec_unspec_unspec_descriptor	बेबी बूमर्स
F_D211a	cultural	generations	unspec_unspec_unspec_descriptor	बूमर
F_D212a	cultural	generations	unspec_unspec_unspec_descriptor	जेन-एक्स
F_D213a	cultural	generations	unspec_unspec_unspec_descriptor	मिलेनियल
F_D214a	cultural	generations	unspec_unspec_unspec_descriptor	जेन-ज़ी
F_D215a	cultural	generations	unspec_unspec_unspec_descriptor	ज़ूमर
F_D216a	cultural	cultural_descriptors	unspec_unspec_unspec_descriptor	बौगी
F_D217a	cultural	cultural_descriptors	unspec_unspec_unspec_descriptor	देहाती
F_D218a	cultural	cultural_descriptors	unspec_unspec_unspec_descriptor	हिप्पी
F_D219a	cultural	cultural_descriptors	unspec_unspec_unspec_descriptor	हिप्स्टर
F_D220a	cultural	cultural_descriptors	unspec_unspec_unspec_descriptor	युप्पी
F_D221a	cultural	cultural_descriptors	unspec_unspec_unspec_descriptor	वंचित
F_D222a	cultural	cultural_descriptors	unspec_unspec_unspec_descriptor	खतरे में
F_D223a	cultural	cultural_descriptors	unspec_unspec_unspec_descriptor	हाशिये पर
F_D224a	cultural	cultural_descriptors	unspec_unspec_unspec_descriptor	विशेषाधिकार प्राप्त
F_D225a	cultural	cultural_descriptors	unspec_unspec_unspec_descriptor	अभिजात वर्ग
F_D226a	cultural	cultural_descriptors	unspec_unspec_unspec_descriptor	हकदार
F_D227a	cultural	cultural_descriptors	unspec_unspec_unspec_descriptor	निम्बी
F_D228a	cultural	cultural_descriptors	unspec_unspec_unspec_descriptor	शहरी
F_D229a	cultural	cultural_descriptors	unspec_unspec_unspec_descriptor	ग्रामीण
F_D230a	cultural	cultural_descriptors	unspec_unspec_unspec_descriptor	देश
F_D231a	cultural	cultural_descriptors	unspec_unspec_unspec_descriptor	वैक्सीन समर्थक
F_D232a	cultural	cultural_descriptors	unspec_unspec_unspec_descriptor	वैक्सीन विरोधी
F_D233a	cultural	cultural_descriptors	unspec_unspec_unspec_descriptor	वैक्सीन-संकोची
F_D234a	gender_and_sex	binary	unspec_unspec_unspec_descriptor	पुरुष
F_D235a	gender_and_sex	binary	unspec_unspec_unspec_descriptor	लिंग अनुरूप
F_D236a	gender_and_sex	cisgender	unspec_unspec_unspec_descriptor	सीआईएस
F_D237a	gender_and_sex	cisgender	unspec_unspec_unspec_descriptor	सीआईएसजेंडर
F_D238a	gender_and_sex	descriptors	unspec_unspec_unspec_descriptor	एएफ़एबी
F_D239a	gender_and_sex	descriptors	unspec_unspec_unspec_descriptor	एएमएबी
F_D240a	gender_and_sex	descriptors	unspec_unspec_unspec_descriptor	उभयलिंगी
F_D241a	gender_and_sex	descriptors	unspec_unspec_unspec_descriptor	बुच
F_D242a	gender_and_sex	descriptors	unspec_unspec_unspec_descriptor	स्त्रीवत
F_D243a	gender_and_sex	descriptors	unspec_unspec_unspec_descriptor	पुरुष समलैंगिक
F_D244a	gender_and_sex	descriptors	unspec_unspec_unspec_descriptor	मर्दाना
F_D245a	gender_and_sex	descriptors	unspec_unspec_unspec_descriptor	अलिंगी
F_D246a	gender_and_sex	non_binary_or_gnc	unspec_unspec_unspec_descriptor	उभयलिंगी
F_D247a	gender_and_sex	non_binary_or_gnc	unspec_unspec_unspec_descriptor	द्विलिंगी
F_D248a	gender_and_sex	non_binary_or_gnc	unspec_unspec_unspec_descriptor	पुरुष समलैंगिक
F_D249a	gender_and_sex	non_binary_or_gnc	unspec_unspec_unspec_descriptor	डेमीबॉय
F_D250a	gender_and_sex	non_binary_or_gnc	unspec_unspec_unspec_descriptor	अर्धलिंगी
F_D251a	gender_and_sex	non_binary_or_gnc	unspec_unspec_unspec_descriptor	डेमीगर्ल
F_D252a	gender_and_sex	non_binary_or_gnc	unspec_unspec_unspec_descriptor	नॉन बाइनरी
F_D253a	gender_and_sex	non_binary_or_gnc	unspec_unspec_unspec_descriptor	स्त्री-केंद्र
F_D254a	gender_and_sex	non_binary_or_gnc	unspec_unspec_unspec_descriptor	जेंडर न्यूट्रल
F_D255a	gender_and_sex	non_binary_or_gnc	unspec_unspec_unspec_descriptor	लिंग अनुरूप न होना
F_D256a	gender_and_sex	non_binary_or_gnc	unspec_unspec_unspec_descriptor	नॉन बाइनरी
F_D257a	gender_and_sex	non_binary_or_gnc	unspec_unspec_unspec_descriptor	लिंगरहित
F_D258a	gender_and_sex	non_binary_or_gnc	unspec_unspec_unspec_descriptor	जेंडरक्वीर
F_D259a	gender_and_sex	non_binary_or_gnc	unspec_unspec_unspec_descriptor	मर्दाना-केंद्र
F_D260a	gender_and_sex	non_binary_or_gnc	unspec_unspec_unspec_descriptor	न्यूट्रोइस
F_D261a	gender_and_sex	non_binary_or_gnc	unspec_unspec_unspec_descriptor	स्टड
F_D262a	gender_and_sex	non_binary_or_gnc	unspec_unspec_unspec_descriptor	तीसरा जेंडर
F_D263a	gender_and_sex	non_binary_or_gnc	unspec_unspec_unspec_descriptor	टू-स्प्रिट
F_D264a	gender_and_sex	queer	unspec_unspec_unspec_descriptor	एलजीबीटी
F_D265a	gender_and_sex	queer	unspec_unspec_unspec_descriptor	एलजीबीटीक्यू
F_D266a	gender_and_sex	queer	unspec_unspec_unspec_descriptor	एलजीबीटीक्यू+
F_D267a	gender_and_sex	queer	unspec_unspec_unspec_descriptor	क्वीर
F_D268a	gender_and_sex	sex	unspec_unspec_unspec_descriptor	इंटरसेक्स
F_D269a	gender_and_sex	sex	unspec_unspec_unspec_descriptor	एंडोसेक्स
F_D270a	gender_and_sex	sex	unspec_unspec_unspec_descriptor	ट्रांससेक्सुअल
F_D271a	gender_and_sex	transgender	unspec_unspec_unspec_descriptor	एफ़टीएम
F_D272a	gender_and_sex	transgender	unspec_unspec_unspec_descriptor	ट्रांस
F_D273a	gender_and_sex	transgender	unspec_unspec_unspec_descriptor	ट्रांस महिला
F_D274a	gender_and_sex	transgender	unspec_unspec_unspec_descriptor	ट्रांस महिला
F_D275a	gender_and_sex	transgender	unspec_unspec_unspec_descriptor	ट्रांस पुरुष
F_D276a	gender_and_sex	transgender	unspec_unspec_unspec_descriptor	ट्रांस मर्दाना
F_D277a	nationality	china	unspec_unspec_unspec_descriptor	चीनी
F_D278a	nationality	china	unspec_unspec_unspec_descriptor	चीनी-अमेरिकन
F_D279a	nationality	china	feminine_unspec_singular_descriptor	अमेरिका में जन्मी चीनी
F_D279b	nationality	china	masculine_unspec_singular_descriptor	अमेरिका में जन्मा चीनी
F_D279c	nationality	china	masculine_unspec_plural_descriptor	अमेरिका में जन्मे चीनी
F_D280a	nationality	cuba	unspec_unspec_unspec_descriptor	क्यूबन
F_D281a	nationality	cuba	unspec_unspec_unspec_descriptor	क्यूबन-अमेरिकन
F_D282a	nationality	dominican_republic	unspec_unspec_unspec_descriptor	डोमिनिकन
F_D283a	nationality	dominican_republic	unspec_unspec_unspec_descriptor	डोमिनिकन-अमेरिकन
F_D284a	nationality	el_salvador	unspec_unspec_unspec_descriptor	सल्वाडोरन
F_D285a	nationality	el_salvador	unspec_unspec_unspec_descriptor	सल्वाडोर-अमेरिकन
F_D286a	nationality	guatemala	unspec_unspec_unspec_descriptor	ग्वाटेमालन
F_D287a	nationality	guatemala	unspec_unspec_unspec_descriptor	ग्वाटेमालन-अमेरिकन
F_D288a	nationality	india	unspec_unspec_unspec_descriptor	भारतीय
F_D289a	nationality	mexico	unspec_unspec_unspec_descriptor	मेक्सिकन
F_D290a	nationality	mexico	unspec_unspec_unspec_descriptor	मेक्सिकन-अमेरिकन
F_D291a	nationality	mexico	unspec_unspec_unspec_descriptor	शिकानो
F_D292a	nationality	philippines	unspec_unspec_unspec_descriptor	फ़िलिपीना-अमेरिकन
F_D293a	nationality	philippines	unspec_unspec_unspec_descriptor	फ़िलिपीनो
F_D294a	nationality	philippines	unspec_unspec_unspec_descriptor	फ़िलिपीनो-अमेरिकन
F_D295a	nationality	south_korea	unspec_unspec_unspec_descriptor	कोरियन
F_D296a	nationality	united_states	unspec_unspec_unspec_descriptor	अमेरिकन
F_D297a	nationality	vietnam	unspec_unspec_unspec_descriptor	वियतनामी-अमेरिकन
F_D298a	nationality	political_ideologies	unspec_unspec_unspec_descriptor	उदारवादी
F_D299a	political_ideologies	political_ideologies	unspec_unspec_unspec_descriptor	रूढ़िवादी
F_D300a	political_ideologies	political_ideologies	unspec_unspec_unspec_descriptor	प्रजातंत्रवादी
F_D301a	political_ideologies	political_ideologies	unspec_unspec_unspec_descriptor	रिपब्लिकन
F_D302a	political_ideologies	political_ideologies	unspec_unspec_unspec_descriptor	वामपंथी
F_D303a	political_ideologies	political_ideologies	unspec_unspec_unspec_descriptor	दक्षिणपंथी
F_D304a	political_ideologies	political_ideologies	unspec_unspec_unspec_descriptor	वामपंथी
F_D305a	political_ideologies	political_ideologies	unspec_unspec_unspec_descriptor	सामाजिक रूप से उदार
F_D306a	political_ideologies	political_ideologies	unspec_unspec_unspec_descriptor	राजकोषीय रूप से रूढ़िवादी
F_D307a	political_ideologies	political_ideologies	unspec_unspec_unspec_descriptor	लोकतांत्रिक-समाजवादी
F_D308a	political_ideologies	political_ideologies	unspec_unspec_unspec_descriptor	मध्यमार्गी
F_D309a	political_ideologies	political_ideologies	unspec_unspec_unspec_descriptor	निर्दलीय
F_D310a	political_ideologies	political_ideologies	unspec_unspec_unspec_descriptor	मध्यम
F_D311a	political_ideologies	political_ideologies	unspec_unspec_unspec_descriptor	प्रगतिशील
F_D312a	political_ideologies	political_ideologies	unspec_unspec_unspec_descriptor	उग्र
F_D313a	political_ideologies	political_ideologies	unspec_unspec_unspec_descriptor	अराजनैतिक
F_D314a	political_ideologies	political_ideologies	unspec_unspec_unspec_descriptor	चरमपंथी
F_D315a	political_ideologies	alaska_native	feminine_unspec_singular_descriptor	अलास्का की मूल निवासी
F_D315b	political_ideologies	alaska_native	masculine_unspec_singular_descriptor	अलास्का का मूल निवासी
F_D315c	political_ideologies	alaska_native	masculine_unspec_plural_descriptor	अलास्का के मूल निवासी
F_D316a	race_ethnicity	asian	unspec_unspec_unspec_descriptor	एशियन
F_D317a	race_ethnicity	asian	unspec_unspec_unspec_descriptor	ईस्ट एशियन
F_D318a	race_ethnicity	asian	unspec_unspec_unspec_descriptor	साउथ एशियन
F_D319a	race_ethnicity	asian	unspec_unspec_unspec_descriptor	साउथईस्ट एशियन
F_D320a	race_ethnicity	black	unspec_unspec_unspec_descriptor	अफ़्रीकन
F_D321a	race_ethnicity	black	unspec_unspec_unspec_descriptor	ब्लैक
F_D322a	race_ethnicity	latinx	unspec_unspec_unspec_descriptor	हिस्पैनिक
F_D323a	race_ethnicity	latinx	unspec_unspec_unspec_descriptor	लातीनो
F_D324a	race_ethnicity	latinx	unspec_unspec_unspec_descriptor	लैटिन अमेरिकन
F_D325a	race_ethnicity	indigenous	unspec_unspec_unspec_descriptor	आदिवासी
F_D326a	race_ethnicity	indigenous	unspec_unspec_unspec_descriptor	स्वदेशी
F_D327a	race_ethnicity	indigenous	unspec_unspec_unspec_descriptor	स्थानीय अमेरिकन
F_D328a	race_ethnicity	indigenous	unspec_unspec_unspec_descriptor	अमेरिकन भारतीय
F_D329a	race_ethnicity	native_hawaiian	unspec_unspec_unspec_descriptor	स्थानीय हवाईन
F_D330a	race_ethnicity	pacific_islander	unspec_unspec_unspec_descriptor	पैसिफ़िक आईलैंडर
F_D331a	race_ethnicity	European	unspec_unspec_unspec_descriptor	यूरोपीय
F_D332a	race_ethnicity	European	unspec_unspec_unspec_descriptor	यूरोपीय-अमेरिकन
F_D333a	race_ethnicity	Middle Eastern	unspec_unspec_unspec_descriptor	मिडल ईस्टर्न
F_D334a	race_ethnicity	European	unspec_unspec_unspec_descriptor	व्हाइट
F_D335a	race_ethnicity	European	unspec_unspec_unspec_descriptor	कोकेशियान
F_D336a	race_ethnicity	Middle Eastern	unspec_unspec_unspec_descriptor	अरब
F_D337a	race_ethnicity	combined	unspec_unspec_unspec_descriptor	बीआईपीओसी
F_D338a	race_ethnicity	religion	unspec_unspec_unspec_descriptor	अमिश
F_D339a	religion	religion	unspec_unspec_unspec_descriptor	अशकेनाज़ी यहूदी
F_D340a	religion	religion	unspec_unspec_unspec_descriptor	नास्तिक
F_D341a	religion	religion	unspec_unspec_unspec_descriptor	बहाई
F_D342a	religion	religion	unspec_unspec_unspec_descriptor	पुनर्जन्म
F_D343a	religion	religion	unspec_unspec_unspec_descriptor	बौद्ध
F_D344a	religion	religion	unspec_unspec_unspec_descriptor	कैथलिक
F_D345a	religion	religion	unspec_unspec_unspec_descriptor	चेओन्डोइस्ट
F_D346a	religion	religion	unspec_unspec_unspec_descriptor	ईसाई
F_D347a	religion	religion	unspec_unspec_unspec_descriptor	कन्फ्यूशीवाद
F_D348a	religion	religion	unspec_unspec_unspec_descriptor	रूढ़िवादी यहूदी
F_D349a	religion	religion	unspec_unspec_unspec_descriptor	द्रूज
F_D350a	religion	religion	unspec_unspec_unspec_descriptor	इवानजेलिकल
F_D351a	religion	religion	unspec_unspec_unspec_descriptor	हसिडिक
F_D352a	religion	religion	unspec_unspec_unspec_descriptor	हिन्दू
F_D353a	religion	religion	unspec_unspec_unspec_descriptor	अधार्मिक
F_D354a	religion	religion	unspec_unspec_unspec_descriptor	जैन
F_D355a	religion	religion	unspec_unspec_unspec_descriptor	जेहोवा का गवाह
F_D356a	religion	religion	unspec_unspec_unspec_descriptor	यहूदी
F_D357a	religion	religion	unspec_unspec_unspec_descriptor	लूटेराण
F_D358a	religion	religion	unspec_unspec_unspec_descriptor	मेथोडिस्ट
F_D359a	religion	religion	unspec_unspec_unspec_descriptor	मोर्मोन
F_D360a	religion	religion	unspec_unspec_unspec_descriptor	मुस्लिम
F_D361a	religion	religion	unspec_unspec_unspec_descriptor	रूढ़िवादी यहूदी
F_D362a	religion	religion	unspec_unspec_unspec_descriptor	पगन
F_D363a	religion	religion	unspec_unspec_unspec_descriptor	प्रोटेस्टेंट
F_D364a	religion	religion	unspec_unspec_unspec_descriptor	रस्ताफ़ारी
F_D365a	religion	religion	unspec_unspec_unspec_descriptor	रस्ताफ़ारियन
F_D366a	religion	religion	unspec_unspec_unspec_descriptor	रिफ़ॉर्म यहूदी
F_D367a	religion	religion	unspec_unspec_unspec_descriptor	धार्मिक
F_D368a	religion	religion	unspec_unspec_unspec_descriptor	रोमन कैथलिक
F_D369a	religion	religion	unspec_unspec_unspec_descriptor	धर्मनिरपेक्ष
F_D370a	religion	religion	unspec_unspec_unspec_descriptor	सतानिस्त
F_D371a	religion	religion	unspec_unspec_unspec_descriptor	साइनटॉलोजिस्ट
F_D372a	religion	religion	unspec_unspec_unspec_descriptor	सिपार्दिक यहूदी
F_D373a	religion	religion	unspec_unspec_unspec_descriptor	सातवें दिन का ऐडवेंटिस्ट
F_D374a	religion	religion	unspec_unspec_unspec_descriptor	शिंटोइस्ट
F_D375a	religion	religion	unspec_unspec_unspec_descriptor	सिख
F_D376a	religion	religion	unspec_unspec_unspec_descriptor	धार्मिक
F_D377a	religion	religion	unspec_unspec_unspec_descriptor	अध्यात्मवादी
F_D378a	religion	religion	unspec_unspec_unspec_descriptor	सुन्नी
F_D379a	religion	religion	unspec_unspec_unspec_descriptor	ताओवादी
F_D380a	religion	religion	unspec_unspec_unspec_descriptor	विक्कन
F_D381a	religion	religion	unspec_unspec_unspec_descriptor	एकश्वरवादी
F_D382a	religion	religion	unspec_unspec_unspec_descriptor	पारसी
F_D383a	religion	asexual_or_aromantic	unspec_unspec_unspec_descriptor	अलैंगिक
F_D384a	sexual_orientation	asexual_or_aromantic	unspec_unspec_unspec_descriptor	गैर-रोमांटिक
F_D385a	sexual_orientation	bi	unspec_unspec_unspec_descriptor	बाइ
F_D386a	sexual_orientation	bi	unspec_unspec_unspec_descriptor	द्विलिंगी
F_D387a	sexual_orientation	demisexual	unspec_unspec_unspec_descriptor	समलैंगिक
F_D388a	sexual_orientation	gay	unspec_unspec_unspec_descriptor	समलैंगिक
F_D389a	sexual_orientation	gay	unspec_unspec_unspec_descriptor	समलैंगिक
F_D390a	sexual_orientation	pansexual	unspec_unspec_unspec_descriptor	पैन
F_D391a	sexual_orientation	pansexual	unspec_unspec_unspec_descriptor	पैनसेक्शुअल
F_D392a	sexual_orientation	polyamorous	unspec_unspec_unspec_descriptor	पोलियामोरोउस
F_D393a	sexual_orientation	polyamorous	unspec_unspec_unspec_descriptor	पोली
F_D394a	sexual_orientation	straight	unspec_unspec_unspec_descriptor	असमलैंगिक
F_D395a	sexual_orientation	straight	unspec_unspec_unspec_descriptor	असमलैंगिक
F_D396a	sexual_orientation	straight	unspec_unspec_unspec_descriptor	असमलैंगिक
F_D397a	sexual_orientation	upper_class	unspec_unspec_unspec_descriptor	संपन्न
F_D398a	socioeconomic_class	upper_class	unspec_unspec_unspec_descriptor	आर्थिक रूप से संपन्न
F_D399a	socioeconomic_class	upper_class	unspec_unspec_unspec_descriptor	उच्च संपत्ति
F_D400a	socioeconomic_class	upper_class	unspec_unspec_unspec_descriptor	धनी
F_D401a	socioeconomic_class	upper_class	unspec_unspec_unspec_descriptor	अमीर
F_D402a	socioeconomic_class	upper_class	unspec_unspec_unspec_descriptor	एक प्रतिशत
F_D403a	socioeconomic_class	upper_class	unspec_unspec_unspec_descriptor	दौलतमंद
F_D404a	socioeconomic_class	upper_class	unspec_unspec_unspec_descriptor	संपन्न
F_D405a	socioeconomic_class	upper_class	unspec_unspec_unspec_descriptor	धनी
F_D406a	socioeconomic_class	middle_class	unspec_unspec_unspec_descriptor	मध्यम-वर्ग
F_D407a	socioeconomic_class	working_class	unspec_unspec_unspec_descriptor	श्रमिक वर्ग
F_D408a	socioeconomic_class	below_poverty_line	unspec_unspec_unspec_descriptor	गरीब
F_D409a	socioeconomic_class	below_poverty_line	unspec_unspec_unspec_descriptor	गरीब
F_D409b	socioeconomic_class	below_poverty_line	feminine_unspec_singular_descriptor	हाई स्कूल छोड़ने वाली
F_D409c	socioeconomic_class	below_poverty_line	masculine_unspec_singular_descriptor	हाई स्कूल छोड़ने वाला
F_D410a	socioeconomic_class	educational_attainment	masculine_unspec_plural_descriptor	हाई स्कूल छोड़ने वाले
F_D411a	socioeconomic_class	educational_attainment	unspec_unspec_unspec_descriptor	कॉलेज से स्नातक
