ID	HB AXIS	SEMANTIC FIELD (SENSE)	OPTION DESCRIPTON [SL]	SUGGESTED TRANSLATION [TL]
P_D001	ability	other_disabilities	unspec_unspec_unspec_descriptor	diabetik
P_D002	ability	other_disabilities	unspec_unspec_unspec_descriptor	imunitas yang menurun
P_D003	ability	intellectual_and_developmental	unspec_unspec_unspec_descriptor	terbelakang
P_D004	age	middle_aged	unspec_unspec_unspec_descriptor	berumur empat puluh sekian
P_D005	age	old	unspec_unspec_unspec_descriptor	matang
P_D006	age	child	unspec_unspec_unspec_descriptor	remaja
P_D007	age	young	unspec_unspec_unspec_descriptor	berumur dua puluh sekian
P_D008	body_type	attractive	unspec_unspec_unspec_descriptor	yang menggemaskan
P_D009	body_type	attractive	unspec_unspec_unspec_descriptor	yang menarik
P_D010	body_type	hair	unspec_unspec_unspec_descriptor	berjenggot
P_D011	body_type	attractive	feminine_unspec_unspec_descriptor	cantik
P_D012	body_type	fit	unspec_unspec_unspec_descriptor	berotot
P_D013	body_type	large_stature	unspec_unspec_unspec_descriptor	berbadan besar
P_D014	body_type	large_stature	unspec_unspec_unspec_descriptor	lebih besar
P_D015	body_type	hair	unspec_unspec_unspec_descriptor	pirang
P_D016	body_type	large_stature	unspec_unspec_unspec_descriptor	kekar
P_D017	body_type	eye_color	unspec_unspec_unspec_descriptor	mata cokelat
P_D018	body_type	hair	unspec_unspec_unspec_descriptor	rambut cokelat
P_D019	body_type	skin_color	unspec_unspec_unspec_descriptor	kulit cokelat
P_D020	body_type	hair	unspec_unspec_unspec_descriptor	cukur bersih
P_D021	body_type	shapes	unspec_unspec_unspec_descriptor	berlekuk
P_D022	body_type	thin	unspec_unspec_unspec_descriptor	anggun
P_D023	body_type	hair	unspec_unspec_unspec_descriptor	rambut keriting
P_D024	body_type	shapes	unspec_unspec_unspec_descriptor	berbadan penuh
P_D025	body_type	attractive	unspec_unspec_unspec_descriptor	mempesona
P_D026	body_type	eye_color	unspec_unspec_unspec_descriptor	mata hijau
P_D027	body_type	hair	unspec_unspec_unspec_descriptor	berbulu
P_D028	body_type	eye_color	unspec_unspec_unspec_descriptor	mata hazel
P_D029	body_type	overweight	unspec_unspec_unspec_descriptor	berat
P_D030	body_type	unattractive	unspec_unspec_unspec_descriptor	sederhana
P_D031	body_type	attractive	unspec_unspec_unspec_descriptor	seksi
P_D032	body_type	attractive	unspec_unspec_unspec_descriptor	gagah
P_D033	body_type	thin	unspec_unspec_unspec_descriptor	jangkung
P_D034	body_type	hair	unspec_unspec_unspec_descriptor	rambut terang
P_D035	body_type	skin_color	unspec_unspec_unspec_descriptor	kulit terang
P_D036	body_type	medium_stature	unspec_unspec_unspec_descriptor	tinggi sedang
P_D037	body_type	overweight	unspec_unspec_unspec_descriptor	obesitas
P_D038	body_type	skin_color	unspec_unspec_unspec_descriptor	berkulit zaitun
P_D039	body_type	skin_color	unspec_unspec_unspec_descriptor	berkulit pucat
P_D040	body_type	small_stature	unspec_unspec_unspec_descriptor	mungil
P_D041	body_type	unattractive	unspec_unspec_unspec_descriptor	tampak sederhana
P_D042	body_type	overweight	unspec_unspec_unspec_descriptor	berukuran besar
P_D043	body_type	hair	unspec_unspec_unspec_descriptor	rambut merah
P_D044	body_type	small_stature	unspec_unspec_unspec_descriptor	kurus kering
P_D045	body_type	attractive	unspec_unspec_unspec_descriptor	seksi
P_D046	body_type	hair	unspec_unspec_unspec_descriptor	rambut pendek
P_D047	body_type	thin	unspec_unspec_unspec_descriptor	langsing
P_D048	body_type	large_stature	unspec_unspec_unspec_descriptor	kekar
P_D049	body_type	hair	unspec_unspec_unspec_descriptor	rambut lurus
P_D050	body_type	thin	unspec_unspec_unspec_descriptor	ramping
P_D051	body_type	unattractive	unspec_unspec_unspec_descriptor	tidak menarik
P_D052	body_type	hair	unspec_unspec_unspec_descriptor	tidak bercukur
P_D053	characteristics	handedness	unspec_unspec_unspec_descriptor	ambidekstrus
P_D054	characteristics	job_status	unspec_unspec_unspec_descriptor	pekerja kasar
P_D055	characteristics	children	unspec_unspec_unspec_descriptor	tidak memiliki anak
P_D056	characteristics	miscellaneous	unspec_unspec_unspec_descriptor	tidak aktif
P_D057	characteristics	handedness	unspec_unspec_unspec_descriptor	kidal
P_D058	characteristics	children	feminine_unspec_unspec_descriptor	hamil
P_D059	characteristics	handedness	unspec_unspec_unspec_descriptor	dominan tangan kanan
P_D060	characteristics	lifestyle	unspec_unspec_unspec_descriptor	tidak atletis
P_D061	cultural	cultural_descriptors	unspec_unspec_unspec_descriptor	kosmopolitan
P_D062	cultural	cultural_descriptors	unspec_unspec_unspec_descriptor	gotik
P_D063	cultural	cultural_descriptors	unspec_unspec_unspec_descriptor	pro-pilihan
P_D064	cultural	cultural_descriptors	unspec_unspec_unspec_descriptor	pro-kehidupan
P_D065	cultural	cultural_descriptors	unspec_unspec_unspec_descriptor	udik
P_D066	cultural	cultural_descriptors	unspec_unspec_unspec_descriptor	kurang dilayani
P_D067	gender_and_sex	binary	feminine_unspec_unspec_descriptor	perempuan
P_D068	gender_and_sex	descriptors	feminine_unspec_unspec_descriptor	feminin
P_D069	gender_and_sex	descriptors	feminine_unspec_unspec_descriptor	feminin
P_D070	gender_and_sex	descriptors	unspec_unspec_unspec_descriptor	flamboyan
P_D071	gender_and_sex	sex	unspec_unspec_unspec_descriptor	hermafrodit
P_D072	gender_and_sex	descriptors	unspec_unspec_unspec_descriptor	jantan
P_D073	gender_and_sex	descriptors	unspec_unspec_unspec_descriptor	maskulin
P_D074	gender_and_sex	transgender	unspec_unspec_unspec_descriptor	transpuan
P_D075	gender_and_sex	non_binary_or_gnc	unspec_unspec_unspec_descriptor	non-biner
P_D076	gender_and_sex	non_binary_or_gnc	unspec_unspec_unspec_descriptor	tomboi
P_D077	gender_and_sex	transgender	unspec_unspec_unspec_descriptor	transgender
P_D078	gender_and_sex	descriptors	unspec_unspec_unspec_descriptor	keibuan
P_D079	nationality	mexico	unspec_unspec_unspec_descriptor	orang Chicana
P_D080	nationality	philippines	unspec_unspec_unspec_descriptor	orang Filipina
P_D081	nationality	india	unspec_unspec_unspec_descriptor	India-Amerika
P_D082	nationality	south_korea	unspec_unspec_unspec_descriptor	Korea-Amerika
P_D083	nationality	vietnam	unspec_unspec_unspec_descriptor	Vietnam
P_D084	political_ideologies	all	unspec_unspec_unspec_descriptor	anarkis
P_D085	political_ideologies	all	unspec_unspec_unspec_descriptor	komunis
P_D086	political_ideologies	all	unspec_unspec_unspec_descriptor	libertarian
P_D087	political_ideologies	all	unspec_unspec_unspec_descriptor	nasionalis
P_D088	political_ideologies	all	unspec_unspec_unspec_descriptor	sayap kanan
P_D089	political_ideologies	all	unspec_unspec_unspec_descriptor	sosialis
P_D090	race_ethnicity	combined	unspec_unspec_unspec_descriptor	Asia-Amerika dan Kepulauan Pasifik
P_D091	race_ethnicity	black	unspec_unspec_unspec_descriptor	Afro-Amerika
P_D092	race_ethnicity	asian	unspec_unspec_unspec_descriptor	Asia-Amerika
P_D093	race_ethnicity	asian	unspec_unspec_unspec_descriptor	Desi
P_D094	race_ethnicity	latinx	unspec_unspec_unspec_descriptor	orang Latin
P_D095	race_ethnicity	latinx	unspec_unspec_unspec_descriptor	orang Latin
P_D096	race_ethnicity	asian	unspec_unspec_unspec_descriptor	Oriental
P_D097	religion	all	unspec_unspec_unspec_descriptor	agnostik
P_D098	religion	all	unspec_unspec_unspec_descriptor	humanis
P_D099	religion	all	unspec_unspec_unspec_descriptor	Syiah
P_D100	sexual_orientation	asexual_or_aromantic	unspec_unspec_unspec_descriptor	aseksual
P_D101	sexual_orientation	lesbian	feminine_unspec_unspec_descriptor	lesbian
P_D102	socioeconomic_class	below_poverty_line	unspec_unspec_unspec_descriptor	berpenghasilan rendah
P_D103	socioeconomic_class	upper_class	unspec_unspec_unspec_descriptor	kelas atas
F_D001	ability	--	unspec_unspec_unspec_descriptor	tunarungu
F_D002	ability	auditory	unspec_unspec_unspec_descriptor	susah mendengar
F_D003	ability	auditory	unspec_unspec_unspec_descriptor	gangguan pendengaran
F_D004	ability	intellectual_and_developmental	unspec_unspec_unspec_descriptor	berkebutuhan khusus dalam belajar
F_D005	ability	intellectual_and_developmental	unspec_unspec_unspec_descriptor	lambat
F_D006	ability	mobility	unspec_unspec_unspec_descriptor	cacat
F_D007	ability	mobility	unspec_unspec_unspec_descriptor	paraplegia
F_D008	ability	mobility	unspec_unspec_unspec_descriptor	lumpuh
F_D009	ability	mobility	unspec_unspec_unspec_descriptor	lumpuh total
F_D010	ability	mobility	unspec_unspec_unspec_descriptor	terikat pada kursi roda
F_D011	ability	neurological	unspec_unspec_unspec_descriptor	autis
F_D012	ability	neurological	unspec_unspec_unspec_descriptor	disleksia
F_D013	ability	neurological	unspec_unspec_unspec_descriptor	neuroatipikal
F_D014	ability	neurological	unspec_unspec_unspec_descriptor	neurodivergen
F_D015	ability	neurological	unspec_unspec_unspec_descriptor	neurotipikal
F_D016	ability	neurological	unspec_unspec_unspec_descriptor	non-neurotipikal
F_D017	ability	speech	unspec_unspec_unspec_descriptor	afasia
F_D018	ability	speech	unspec_unspec_unspec_descriptor	bisu
F_D019	ability	speech	unspec_unspec_unspec_descriptor	non-verbal
F_D020	ability	speech	unspec_unspec_unspec_descriptor	gangguan bicara
F_D021	ability	speech	unspec_unspec_unspec_descriptor	tunawicara
F_D022	ability	visual	unspec_unspec_unspec_descriptor	buta
F_D023	ability	visual	unspec_unspec_unspec_descriptor	empat mata
F_D024	ability	visual	unspec_unspec_unspec_descriptor	penglihatan rendah
F_D025	ability	visual	unspec_unspec_unspec_descriptor	dengan gangguan penglihatan
F_D026	ability	visual	unspec_unspec_unspec_descriptor	memakai kacamata
F_D027	ability	other_disabilities	unspec_unspec_unspec_descriptor	mandul
F_D028	ability	unspecific	unspec_unspec_unspec_descriptor	berbadan sehat
F_D029	ability	unspecific	unspec_unspec_unspec_descriptor	berkebutuhan khusus
F_D030	ability	unspecific	unspec_unspec_unspec_descriptor	disabilitas
F_D031	ability	unspecific	unspec_unspec_unspec_descriptor	cacat
F_D032	ability	unspecific	unspec_unspec_unspec_descriptor	tidak cacat
F_D033	age	puberty	unspec_unspec_unspec_descriptor	remaja
F_D034	age	puberty	unspec_unspec_unspec_descriptor	usia remaja
F_D035	age	young	unspec_unspec_unspec_descriptor	muda
F_D036	age	young	unspec_unspec_unspec_descriptor	lebih muda
F_D037	age	young	unspec_unspec_unspec_descriptor	yang berusia dua puluh tahun
F_D038	age	adult	unspec_unspec_unspec_descriptor	yang berusia tiga puluh tahun
F_D039	age	adult	unspec_unspec_unspec_descriptor	yang berusia empat puluh tahun
F_D040	age	adult	unspec_unspec_unspec_descriptor	yang berusia tiga puluhan
F_D041	age	middle_aged	unspec_unspec_unspec_descriptor	yang berusia lima puluh tahun
F_D042	age	middle_aged	unspec_unspec_unspec_descriptor	yang berusia enam puluh tahun
F_D043	age	middle_aged	unspec_unspec_unspec_descriptor	yang berusia lima puluhan
F_D044	age	middle_aged	unspec_unspec_unspec_descriptor	yang berusia enam puluhan
F_D045	age	middle_aged	unspec_unspec_unspec_descriptor	paruh baya
F_D046	age	old	unspec_unspec_unspec_descriptor	yang berusia tujuh puluh tahun
F_D047	age	old	unspec_unspec_unspec_descriptor	yang berusia delapan puluh tahun
F_D048	age	old	unspec_unspec_unspec_descriptor	yang berusia delapan puluh lima tahun
F_D049	age	old	unspec_unspec_unspec_descriptor	yang berusia sembilan puluh tahun
F_D050	age	old	unspec_unspec_unspec_descriptor	yang berusia tujuh puluhan
F_D051	age	old	unspec_unspec_unspec_descriptor	yang berusia delapan puluhan
F_D052	age	old	unspec_unspec_unspec_descriptor	yang berusia sembilan puluhan
F_D053	age	old	unspec_unspec_unspec_descriptor	yang berusia sekitar delapan puluhan
F_D054	age	old	unspec_unspec_unspec_descriptor	yang berusia sekitar sembilan puluhan
F_D055	age	old	unspec_unspec_unspec_descriptor	yang berusia sekitar seratusan
F_D056	age	old	unspec_unspec_unspec_descriptor	lebih tua
F_D057	age	old	unspec_unspec_unspec_descriptor	tua
F_D058	age	old	unspec_unspec_unspec_descriptor	lansia
F_D059	age	old	unspec_unspec_unspec_descriptor	pensiunan
F_D060	age	old	unspec_unspec_unspec_descriptor	senior
F_D061	age	old	unspec_unspec_unspec_descriptor	muda di hati
F_D062	age	old	unspec_unspec_unspec_descriptor	lincah
F_D063	age	old	unspec_unspec_unspec_descriptor	geriatri
F_D064	age	adult	unspec_unspec_unspec_descriptor	dewasa
F_D065	body_type	thin	unspec_unspec_unspec_descriptor	kurus kering
F_D066	body_type	thin	unspec_unspec_unspec_descriptor	tinggi kurus
F_D067	body_type	thin	unspec_unspec_unspec_descriptor	tinggi langsing
F_D068	body_type	thin	unspec_unspec_unspec_descriptor	sangat kurus
F_D069	body_type	thin	unspec_unspec_unspec_descriptor	langsing
F_D070	body_type	thin	unspec_unspec_unspec_descriptor	kurus
F_D071	body_type	thin	unspec_unspec_unspec_descriptor	berat badan kurang
F_D072	body_type	fit	unspec_unspec_unspec_descriptor	bugar
F_D073	body_type	fit	unspec_unspec_unspec_descriptor	bentuk tubuh yang baik
F_D074	body_type	fit	unspec_unspec_unspec_descriptor	berotot
F_D075	body_type	fit	unspec_unspec_unspec_descriptor	fisik bugar
F_D076	body_type	fit	unspec_unspec_unspec_descriptor	tubuh sangat atletis
F_D077	body_type	fit	unspec_unspec_unspec_descriptor	besar berotot
F_D078	body_type	fit	unspec_unspec_unspec_descriptor	berotot kencang
F_D079	body_type	fit	unspec_unspec_unspec_descriptor	badan kekar
F_D080	body_type	fit	unspec_unspec_unspec_descriptor	kuat
F_D081	body_type	overweight	unspec_unspec_unspec_descriptor	gemuk lucu
F_D082	body_type	overweight	unspec_unspec_unspec_descriptor	gemuk padat
F_D083	body_type	overweight	unspec_unspec_unspec_descriptor	gemuk
F_D084	body_type	overweight	unspec_unspec_unspec_descriptor	badan besar
F_D085	body_type	overweight	unspec_unspec_unspec_descriptor	lebih berisi
F_D086	body_type	overweight	unspec_unspec_unspec_descriptor	sedikit kelebihan berat badan
F_D087	body_type	overweight	unspec_unspec_unspec_descriptor	obesitas morbid
F_D088	body_type	overweight	unspec_unspec_unspec_descriptor	kelebihan berat badan
F_D089	body_type	overweight	unspec_unspec_unspec_descriptor	gendut
F_D090	body_type	overweight	unspec_unspec_unspec_descriptor	buncit
F_D091	body_type	overweight	unspec_unspec_unspec_descriptor	sedikit gemuk
F_D092	body_type	overweight	unspec_unspec_unspec_descriptor	bulat
F_D093	body_type	overweight	unspec_unspec_unspec_descriptor	badan besar dan kuat
F_D094	body_type	attractive	unspec_unspec_unspec_descriptor	lucu
F_D095	body_type	attractive	unspec_unspec_unspec_descriptor	menarik
F_D096	body_type	attractive	unspec_unspec_unspec_descriptor	tampan
F_D097	body_type	attractive	unspec_unspec_unspec_descriptor	cantik
F_D098	body_type	unattractive	unspec_unspec_unspec_descriptor	jelek
F_D099	body_type	unattractive	unspec_unspec_unspec_descriptor	sangat jelek
F_D100	body_type	shapes	unspec_unspec_unspec_descriptor	dada bidang
F_D101	body_type	large_stature	unspec_unspec_unspec_descriptor	besar
F_D102	body_type	large_stature	unspec_unspec_unspec_descriptor	kekar
F_D103	body_type	large_stature	unspec_unspec_unspec_descriptor	raksasa
F_D104	body_type	large_stature	unspec_unspec_unspec_descriptor	besar sekali
F_D105	body_type	large_stature	unspec_unspec_unspec_descriptor	besar
F_D106	body_type	large_stature	unspec_unspec_unspec_descriptor	tubuh besar
F_D107	body_type	large_stature	unspec_unspec_unspec_descriptor	masif
F_D108	body_type	large_stature	unspec_unspec_unspec_descriptor	tinggi
F_D109	body_type	large_stature	unspec_unspec_unspec_descriptor	sangat tinggi
F_D110	body_type	large_stature	unspec_unspec_unspec_descriptor	gigantik
F_D111	body_type	medium_stature	unspec_unspec_unspec_descriptor	tinggi badan rata-rata
F_D112	body_type	medium_stature	unspec_unspec_unspec_descriptor	tinggi badan sedang
F_D113	body_type	small_stature	unspec_unspec_unspec_descriptor	lebih kecil
F_D114	body_type	small_stature	unspec_unspec_unspec_descriptor	kecil
F_D115	body_type	small_stature	unspec_unspec_unspec_descriptor	bertubuh kecil
F_D116	body_type	small_stature	unspec_unspec_unspec_descriptor	mungil
F_D117	body_type	small_stature	unspec_unspec_unspec_descriptor	bertubuh pendek
F_D118	body_type	small_stature	unspec_unspec_unspec_descriptor	sangat pendek
F_D119	body_type	eye_color	unspec_unspec_unspec_descriptor	bermata biru
F_D120	body_type	eye_color	unspec_unspec_unspec_descriptor	bermata abu-abu
F_D121	body_type	eye_color	unspec_unspec_unspec_descriptor	bermata kecoklatan
F_D122	body_type	hair	unspec_unspec_unspec_descriptor	botak
F_D123	body_type	hair	unspec_unspec_unspec_descriptor	kepala botak
F_D124	body_type	hair	unspec_unspec_unspec_descriptor	mengalami kebotakan
F_D125	body_type	hair	unspec_unspec_unspec_descriptor	berambut hitam
F_D126	body_type	hair	unspec_unspec_unspec_descriptor	berambut cokelat
F_D127	body_type	hair	unspec_unspec_unspec_descriptor	berambut keriting
F_D128	body_type	hair	unspec_unspec_unspec_descriptor	berambut gelap
F_D129	body_type	hair	unspec_unspec_unspec_descriptor	pirang kecokelatan
F_D130	body_type	hair	unspec_unspec_unspec_descriptor	berambut gimbal
F_D131	body_type	hair	unspec_unspec_unspec_descriptor	berambut merah
F_D132	body_type	hair	masculine_unspec_unspec_descriptor	berjenggot
F_D133	body_type	hair	unspec_unspec_unspec_descriptor	berambut abu-abu
F_D134	body_type	hair	unspec_unspec_unspec_descriptor	beruban
F_D135	body_type	hair	unspec_unspec_unspec_descriptor	berambut keriting kusut
F_D136	body_type	hair	unspec_unspec_unspec_descriptor	berambut panjang
F_D137	body_type	hair	masculine_unspec_unspec_descriptor	berkumis
F_D138	body_type	hair	unspec_unspec_unspec_descriptor	dikuncir kuda
F_D139	body_type	hair	unspec_unspec_unspec_descriptor	berambut uban
F_D140	body_type	hair	unspec_unspec_unspec_descriptor	kucel
F_D141	body_type	hair	unspec_unspec_unspec_descriptor	gondrong
F_D142	body_type	hair	unspec_unspec_unspec_descriptor	berambut perak
F_D143	body_type	hair	unspec_unspec_unspec_descriptor	berambut runcing
F_D144	body_type	hair	unspec_unspec_unspec_descriptor	berambut putih
F_D145	body_type	skin_color	unspec_unspec_unspec_descriptor	berkulit gelap
F_D146	body_type	body_type_miscellaneous	unspec_unspec_unspec_descriptor	penuh jerawat
F_D147	body_type	body_type_miscellaneous	unspec_unspec_unspec_descriptor	berjerawat parah
F_D148	body_type	body_type_miscellaneous	unspec_unspec_unspec_descriptor	bau
F_D149	body_type	body_type_miscellaneous	unspec_unspec_unspec_descriptor	sangat bau
F_D150	body_type	shapes	unspec_unspec_unspec_descriptor	tidak bugar
F_D151	body_type	body_type_miscellaneous	unspec_unspec_unspec_descriptor	berpenampilan rapi
F_D152	body_type	body_type_miscellaneous	unspec_unspec_unspec_descriptor	kusam
F_D153	body_type	body_type_miscellaneous	unspec_unspec_unspec_descriptor	kumal
F_D154	characteristics	addictions	unspec_unspec_unspec_descriptor	pecandu
F_D155	characteristics	addictions	unspec_unspec_unspec_descriptor	penyalahgunaan alkohol
F_D156	characteristics	addictions	unspec_unspec_unspec_descriptor	alkoholik
F_D157	characteristics	addictions	unspec_unspec_unspec_descriptor	penyalahgunaan narkoba
F_D158	characteristics	addictions	unspec_unspec_unspec_descriptor	pecandu narkoba
F_D159	characteristics	addictions	unspec_unspec_unspec_descriptor	pengguna narkoba
F_D160	characteristics	addictions	unspec_unspec_unspec_descriptor	pecandu
F_D161	characteristics	children	unspec_unspec_unspec_descriptor	tanpa anak
F_D162	characteristics	domestic_status	unspec_unspec_unspec_descriptor	tunawisma
F_D163	characteristics	domestic_status	unspec_unspec_unspec_descriptor	tidak bertempat tinggal
F_D164	characteristics	domestic_status	unspec_unspec_unspec_descriptor	nomaden
F_D165	characteristics	domestic_status	unspec_unspec_unspec_descriptor	yatim piatu
F_D166	characteristics	domestic_status	unspec_unspec_unspec_descriptor	diadopsi
F_D167	characteristics	immigration_status	unspec_unspec_unspec_descriptor	orang asing
F_D168	characteristics	immigration_status	unspec_unspec_unspec_descriptor	kelahiran Amerika Serikat
F_D169	characteristics	immigration_status	unspec_unspec_unspec_descriptor	pencari suaka
F_D170	characteristics	immigration_status	unspec_unspec_unspec_descriptor	warga negara asing
F_D171	characteristics	immigration_status	unspec_unspec_unspec_descriptor	kelahiran luar negeri
F_D172	characteristics	immigration_status	unspec_unspec_unspec_descriptor	imigran
F_D173	characteristics	immigration_status	unspec_unspec_unspec_descriptor	penduduk asli
F_D174	characteristics	immigration_status	unspec_unspec_unspec_descriptor	kelahiran asli
F_D175	characteristics	immigration_status	unspec_unspec_unspec_descriptor	dinaturalisasi
F_D176	characteristics	immigration_status	unspec_unspec_unspec_descriptor	bukan penduduk asli
F_D177	characteristics	immigration_status	unspec_unspec_unspec_descriptor	pengungsi
F_D178	characteristics	immigration_status	unspec_unspec_unspec_descriptor	tanpa kewarganegaraan
F_D179	characteristics	immigration_status	unspec_unspec_unspec_descriptor	tidak berdokumen
F_D180	characteristics	immigration_status	unspec_unspec_unspec_descriptor	kelahiran AS
F_D181	characteristics	job_status	unspec_unspec_unspec_descriptor	dipekerjakan
F_D182	characteristics	job_status	unspec_unspec_unspec_descriptor	diberhentikan
F_D183	characteristics	job_status	unspec_unspec_unspec_descriptor	profesional
F_D184	characteristics	job_status	unspec_unspec_unspec_descriptor	ibu rumah tangga
F_D185	characteristics	job_status	unspec_unspec_unspec_descriptor	tinggal di rumah
F_D186	characteristics	job_status	unspec_unspec_unspec_descriptor	kurang dimanfaatkan
F_D187	characteristics	job_status	unspec_unspec_unspec_descriptor	menganggur
F_D188	characteristics	job_status	unspec_unspec_unspec_descriptor	kerah putih
F_D189	characteristics	job_status	unspec_unspec_unspec_descriptor	pekerja paruh waktu
F_D190	characteristics	job_status	unspec_unspec_unspec_descriptor	pekerja paruh waktu
F_D191	characteristics	job_status	unspec_unspec_unspec_descriptor	pekerja lepas
F_D192	characteristics	job_status	unspec_unspec_unspec_descriptor	kaya secara mandiri
F_D193	characteristics	marital_status	unspec_unspec_unspec_descriptor	bercerai
F_D194	characteristics	marital_status	unspec_unspec_unspec_descriptor	menikah
F_D195	characteristics	marital_status	unspec_unspec_unspec_descriptor	berpisah
F_D196	characteristics	marital_status	unspec_unspec_unspec_descriptor	tunggal
F_D197	characteristics	marital_status	unspec_unspec_unspec_descriptor	tidak terikat
F_D198	characteristics	marital_status	unspec_unspec_unspec_descriptor	bertunangan
F_D199	characteristics	marital_status	unspec_unspec_unspec_descriptor	bertunangan
F_D200	characteristics	marital_status	unspec_unspec_unspec_descriptor	belum menikah
F_D201	characteristics	marital_status	feminine_unspec_unspec_descriptor	janda
F_D202	characteristics	marital_status	unspec_unspec_unspec_descriptor	bermitra
F_D203	characteristics	marital_status	unspec_unspec_unspec_descriptor	tersedia
F_D204	characteristics	lifestyle	unspec_unspec_unspec_descriptor	atletis
F_D205	characteristics	lifestyle	unspec_unspec_unspec_descriptor	aktif
F_D206	characteristics	lifestyle	unspec_unspec_unspec_descriptor	menetap
F_D207	characteristics	literacy	unspec_unspec_unspec_descriptor	melek huruf
F_D208	characteristics	literacy	unspec_unspec_unspec_descriptor	buta huruf
F_D209	cultural	generations	unspec_unspec_unspec_descriptor	Generasi Terhebat
F_D210	cultural	generations	unspec_unspec_unspec_descriptor	Baby Boomer
F_D211	cultural	generations	unspec_unspec_unspec_descriptor	Boomer
F_D212	cultural	generations	unspec_unspec_unspec_descriptor	Gen-X
F_D213	cultural	generations	unspec_unspec_unspec_descriptor	Milenial
F_D214	cultural	generations	unspec_unspec_unspec_descriptor	Gen-Z
F_D215	cultural	generations	unspec_unspec_unspec_descriptor	Zoomer
F_D216	cultural	cultural_descriptors	unspec_unspec_unspec_descriptor	borjouis
F_D217	cultural	cultural_descriptors	unspec_unspec_unspec_descriptor	dusun
F_D218	cultural	cultural_descriptors	unspec_unspec_unspec_descriptor	hippi
F_D219	cultural	cultural_descriptors	unspec_unspec_unspec_descriptor	hipster
F_D220	cultural	cultural_descriptors	unspec_unspec_unspec_descriptor	yupi
F_D221	cultural	cultural_descriptors	unspec_unspec_unspec_descriptor	kurang beruntung
F_D222	cultural	cultural_descriptors	unspec_unspec_unspec_descriptor	berisiko
F_D223	cultural	cultural_descriptors	unspec_unspec_unspec_descriptor	termarjinalkan
F_D224	cultural	cultural_descriptors	unspec_unspec_unspec_descriptor	berprivilese
F_D225	cultural	cultural_descriptors	unspec_unspec_unspec_descriptor	elit
F_D226	cultural	cultural_descriptors	unspec_unspec_unspec_descriptor	merasa berhak
F_D227	cultural	cultural_descriptors	unspec_unspec_unspec_descriptor	tidak di kampung saya
F_D228	cultural	cultural_descriptors	unspec_unspec_unspec_descriptor	kota
F_D229	cultural	cultural_descriptors	unspec_unspec_unspec_descriptor	desa
F_D230	cultural	cultural_descriptors	unspec_unspec_unspec_descriptor	pedesaan
F_D231	cultural	cultural_descriptors	unspec_unspec_unspec_descriptor	pro-vaksin
F_D232	cultural	cultural_descriptors	unspec_unspec_unspec_descriptor	anti-vaksin
F_D233	cultural	cultural_descriptors	unspec_unspec_unspec_descriptor	ragu terhadap vaksin
F_D234	gender_and_sex	binary	masculine_unspec_unspec_descriptor	laki-laki
F_D235	gender_and_sex	binary	unspec_unspec_unspec_descriptor	sesuai dengan gender
F_D236	gender_and_sex	cisgender	unspec_unspec_unspec_descriptor	cis
F_D237	gender_and_sex	cisgender	unspec_unspec_unspec_descriptor	cisgender
F_D238	gender_and_sex	descriptors	feminine_unspec_unspec_descriptor	ditentukan perempuan saat lahir
F_D239	gender_and_sex	descriptors	masculine_unspec_unspec_descriptor	ditentukan laki-laki saat lahir
F_D240	gender_and_sex	descriptors	unspec_unspec_unspec_descriptor	androgini
F_D241	gender_and_sex	descriptors	unspec_unspec_unspec_descriptor	butch
F_D242	gender_and_sex	descriptors	masculine_unspec_unspec_descriptor	banci
F_D243	gender_and_sex	descriptors	masculine_unspec_unspec_descriptor	pria gay
F_D244	gender_and_sex	descriptors	masculine_unspec_unspec_descriptor	maskulin
F_D245	gender_and_sex	z	unspec_unspec_unspec_descriptor	agender
F_D246	gender_and_sex	non_binary_or_gnc	unspec_unspec_unspec_descriptor	androgini
F_D247	gender_and_sex	non_binary_or_gnc	unspec_unspec_unspec_descriptor	bigender
F_D248	gender_and_sex	non_binary_or_gnc	masculine_unspec_unspec_descriptor	boi
F_D249	gender_and_sex	non_binary_or_gnc	masculine_unspec_unspec_descriptor	demiboy
F_D250	gender_and_sex	non_binary_or_gnc	unspec_unspec_unspec_descriptor	demigender
F_D251	gender_and_sex	non_binary_or_gnc	feminine_unspec_unspec_descriptor	demiperempuan
F_D252	gender_and_sex	non_binary_or_gnc	unspec_unspec_unspec_descriptor	enby
F_D253	gender_and_sex	non_binary_or_gnc	unspec_unspec_unspec_descriptor	feminin-sentris
F_D254	gender_and_sex	non_binary_or_gnc	unspec_unspec_unspec_descriptor	netral gender
F_D255	gender_and_sex	non_binary_or_gnc	unspec_unspec_unspec_descriptor	tidak sesuai norma gender
F_D256	gender_and_sex	non_binary_or_gnc	unspec_unspec_unspec_descriptor	genderfluid
F_D257	gender_and_sex	non_binary_or_gnc	unspec_unspec_unspec_descriptor	tanpa gender
F_D258	gender_and_sex	non_binary_or_gnc	unspec_unspec_unspec_descriptor	genderqueer
F_D259	gender_and_sex	non_binary_or_gnc	unspec_unspec_unspec_descriptor	maskulin-sentris
F_D260	gender_and_sex	non_binary_or_gnc	unspec_unspec_unspec_descriptor	neutrois
F_D261	gender_and_sex	non_binary_or_gnc	feminine_unspec_unspec_descriptor	pejantan
F_D262	gender_and_sex	non_binary_or_gnc	unspec_unspec_unspec_descriptor	gender ketiga
F_D263	gender_and_sex	non_binary_or_gnc	unspec_unspec_unspec_descriptor	dua roh
F_D264	gender_and_sex	queer	unspec_unspec_unspec_descriptor	LGBT
F_D265	gender_and_sex	queer	unspec_unspec_unspec_descriptor	LGBTQ
F_D266	gender_and_sex	queer	unspec_unspec_unspec_descriptor	LGBTQ+
F_D267	gender_and_sex	queer	unspec_unspec_unspec_descriptor	queer
F_D268	gender_and_sex	sex	unspec_unspec_unspec_descriptor	interseks
F_D269	gender_and_sex	sex	unspec_unspec_unspec_descriptor	endosex
F_D270	gender_and_sex	sex	unspec_unspec_unspec_descriptor	transeksual
F_D271	gender_and_sex	transgender	feminine_unspec_unspec_descriptor	Perempuan ke Laki-laki
F_D272	gender_and_sex	transgender	unspec_unspec_unspec_descriptor	trans
F_D273	gender_and_sex	transgender	masculine_unspec_unspec_descriptor	trans perempuan
F_D274	gender_and_sex	transgender	masculine_unspec_unspec_descriptor	trans fem
F_D275	gender_and_sex	transgender	feminine_unspec_unspec_descriptor	trans laki-laki
F_D276	gender_and_sex	transgender	feminine_unspec_unspec_descriptor	transmaskulin
F_D277	nationality	china	unspec_unspec_unspec_descriptor	China
F_D278	nationality	china	unspec_unspec_unspec_descriptor	China-Amerika
F_D279	nationality	china	unspec_unspec_unspec_descriptor	Orang China Kelahiran Amerika
F_D280	nationality	cuba	unspec_unspec_unspec_descriptor	Kuba
F_D281	nationality	cuba	unspec_unspec_unspec_descriptor	Kuba-Amerika
F_D282	nationality	dominican_republic	unspec_unspec_unspec_descriptor	Dominika
F_D283	nationality	dominican_republic	unspec_unspec_unspec_descriptor	Dominika-Amerika
F_D284	nationality	el_salvador	unspec_unspec_unspec_descriptor	Salvador
F_D285	nationality	el_salvador	unspec_unspec_unspec_descriptor	Salvador-Amerika
F_D286	nationality	guatemala	unspec_unspec_unspec_descriptor	Guatemala
F_D287	nationality	guatemala	unspec_unspec_unspec_descriptor	Guatemala-Amerika
F_D288	nationality	india	unspec_unspec_unspec_descriptor	India
F_D289	nationality	mexico	unspec_unspec_unspec_descriptor	Meksiko
F_D290	nationality	mexico	unspec_unspec_unspec_descriptor	Meksiko-Amerika
F_D291	nationality	mexico	unspec_unspec_unspec_descriptor	Chicano
F_D292	nationality	philippines	unspec_unspec_unspec_descriptor	orang Filipina-Amerika
F_D293	nationality	philippines	unspec_unspec_unspec_descriptor	orang Filipina
F_D294	nationality	philippines	unspec_unspec_unspec_descriptor	orang Filipina-Amerika
F_D295	nationality	south_korea	unspec_unspec_unspec_descriptor	Korea
F_D296	nationality	united_states	unspec_unspec_unspec_descriptor	Amerika
F_D297	nationality	vietnam	unspec_unspec_unspec_descriptor	Vietnam-Amerika
F_D298	political_ideologies	political_ideologies	unspec_unspec_unspec_descriptor	liberal
F_D299	political_ideologies	political_ideologies	unspec_unspec_unspec_descriptor	konservatif
F_D300	political_ideologies	political_ideologies	unspec_unspec_unspec_descriptor	Demokrat
F_D301	political_ideologies	political_ideologies	unspec_unspec_unspec_descriptor	Republik
F_D302	political_ideologies	political_ideologies	unspec_unspec_unspec_descriptor	kiri
F_D303	political_ideologies	political_ideologies	unspec_unspec_unspec_descriptor	kanan
F_D304	political_ideologies	political_ideologies	unspec_unspec_unspec_descriptor	sayap kiri
F_D305	political_ideologies	political_ideologies	unspec_unspec_unspec_descriptor	liberal secara sosial
F_D306	political_ideologies	political_ideologies	unspec_unspec_unspec_descriptor	konservatif secara fiskal
F_D307	political_ideologies	political_ideologies	unspec_unspec_unspec_descriptor	demokratis-sosialis
F_D308	political_ideologies	political_ideologies	unspec_unspec_unspec_descriptor	sentris
F_D309	political_ideologies	political_ideologies	unspec_unspec_unspec_descriptor	independen
F_D310	political_ideologies	political_ideologies	unspec_unspec_unspec_descriptor	moderat
F_D311	political_ideologies	political_ideologies	unspec_unspec_unspec_descriptor	progresif
F_D312	political_ideologies	political_ideologies	unspec_unspec_unspec_descriptor	radikal
F_D313	political_ideologies	political_ideologies	unspec_unspec_unspec_descriptor	apolitis
F_D314	political_ideologies	political_ideologies	unspec_unspec_unspec_descriptor	ekstremis
F_D315	race_ethnicity	alaska_native	unspec_unspec_unspec_descriptor	Penduduk asli Alaska
F_D316	race_ethnicity	asian	unspec_unspec_unspec_descriptor	Asia
F_D317	race_ethnicity	asian	unspec_unspec_unspec_descriptor	Asia Timur
F_D318	race_ethnicity	asian	unspec_unspec_unspec_descriptor	Asia Selatan
F_D319	race_ethnicity	asian	unspec_unspec_unspec_descriptor	Asia Tenggara
F_D320	race_ethnicity	black	unspec_unspec_unspec_descriptor	Afrika
F_D321	race_ethnicity	black	unspec_unspec_unspec_descriptor	Hitam
F_D322	race_ethnicity	latinx	unspec_unspec_unspec_descriptor	Hispanik
F_D323	race_ethnicity	latinx	unspec_unspec_unspec_descriptor	Orang Latin
F_D324	race_ethnicity	latinx	unspec_unspec_unspec_descriptor	Amerika Latin
F_D325	race_ethnicity	indigenous	unspec_unspec_unspec_descriptor	Aborigin
F_D326	race_ethnicity	indigenous	unspec_unspec_unspec_descriptor	Pribumi
F_D327	race_ethnicity	indigenous	unspec_unspec_unspec_descriptor	Penduduk asli Amerika
F_D328	race_ethnicity	indigenous	unspec_unspec_unspec_descriptor	Indian Amerika
F_D329	race_ethnicity	native_hawaiian	unspec_unspec_unspec_descriptor	Penduduk asli Hawaii
F_D330	race_ethnicity	pacific_islander	unspec_unspec_unspec_descriptor	Penduduk Kepulauan Pasifik
F_D331	race_ethnicity	European	unspec_unspec_unspec_descriptor	Eropa
F_D332	race_ethnicity	European	unspec_unspec_unspec_descriptor	Eropa-Amerika
F_D333	race_ethnicity	Middle Eastern	unspec_unspec_unspec_descriptor	Timur Tengah
F_D334	race_ethnicity	European	unspec_unspec_unspec_descriptor	putih
F_D335	race_ethnicity	European	unspec_unspec_unspec_descriptor	Kaukasia
F_D336	race_ethnicity	Middle Eastern	unspec_unspec_unspec_descriptor	Arab
F_D337	race_ethnicity	combined	unspec_unspec_unspec_descriptor	BIPOC
F_D338	religion	religion	unspec_unspec_unspec_descriptor	Amish
F_D339	religion	religion	unspec_unspec_unspec_descriptor	Yahudi Ashkenazi
F_D340	religion	religion	unspec_unspec_unspec_descriptor	ateis
F_D341	religion	religion	unspec_unspec_unspec_descriptor	Bahá'í
F_D342	religion	religion	unspec_unspec_unspec_descriptor	dilahirkan kembali
F_D343	religion	religion	unspec_unspec_unspec_descriptor	Buddha
F_D344	religion	religion	unspec_unspec_unspec_descriptor	Katolik
F_D345	religion	religion	unspec_unspec_unspec_descriptor	Cheondoist
F_D346	religion	religion	unspec_unspec_unspec_descriptor	Kristen
F_D347	religion	religion	unspec_unspec_unspec_descriptor	Konfusianis
F_D348	religion	religion	unspec_unspec_unspec_descriptor	Yahudi Konservatif
F_D349	religion	religion	unspec_unspec_unspec_descriptor	Druze
F_D350	religion	religion	unspec_unspec_unspec_descriptor	Evangelis
F_D351	religion	religion	unspec_unspec_unspec_descriptor	Hasidic
F_D352	religion	religion	unspec_unspec_unspec_descriptor	Hindu
F_D353	religion	religion	unspec_unspec_unspec_descriptor	tidak beragama
F_D354	religion	religion	unspec_unspec_unspec_descriptor	Jain
F_D355	religion	religion	unspec_unspec_unspec_descriptor	Saksi-Saksi Yehuwa
F_D356	religion	religion	unspec_unspec_unspec_descriptor	Yahudi
F_D357	religion	religion	unspec_unspec_unspec_descriptor	Lutheran
F_D358	religion	religion	unspec_unspec_unspec_descriptor	Methodist
F_D359	religion	religion	unspec_unspec_unspec_descriptor	Mormon
F_D360	religion	religion	unspec_unspec_unspec_descriptor	Muslim
F_D361	religion	religion	unspec_unspec_unspec_descriptor	Yahudi Ortodoks
F_D362	religion	religion	unspec_unspec_unspec_descriptor	Pagan
F_D363	religion	religion	unspec_unspec_unspec_descriptor	Protestan
F_D364	religion	religion	unspec_unspec_unspec_descriptor	Rastafari
F_D365	religion	religion	unspec_unspec_unspec_descriptor	Rastafarian
F_D366	religion	religion	unspec_unspec_unspec_descriptor	Reformasi Yahudi
F_D367	religion	religion	unspec_unspec_unspec_descriptor	religius
F_D368	religion	religion	unspec_unspec_unspec_descriptor	Katolik Roma
F_D369	religion	religion	unspec_unspec_unspec_descriptor	sekuler
F_D370	religion	religion	unspec_unspec_unspec_descriptor	Satanis
F_D371	religion	religion	unspec_unspec_unspec_descriptor	Scientologis
F_D372	religion	religion	unspec_unspec_unspec_descriptor	Yahudi Sephardic
F_D373	religion	religion	unspec_unspec_unspec_descriptor	Advent Hari Ketujuh
F_D374	religion	religion	unspec_unspec_unspec_descriptor	Pemeluk Shinto
F_D375	religion	religion	unspec_unspec_unspec_descriptor	Sikh
F_D376	religion	religion	unspec_unspec_unspec_descriptor	spiritual
F_D377	religion	religion	unspec_unspec_unspec_descriptor	Spiritualis
F_D378	religion	religion	unspec_unspec_unspec_descriptor	Sunni
F_D379	religion	religion	unspec_unspec_unspec_descriptor	Tao
F_D380	religion	religion	unspec_unspec_unspec_descriptor	Wiccan
F_D381	religion	religion	unspec_unspec_unspec_descriptor	Unitarian
F_D382	religion	religion	unspec_unspec_unspec_descriptor	Zoroastrian
F_D383	sexual_orientation	asexual_or_aromantic	unspec_unspec_unspec_descriptor	aseksual
F_D384	sexual_orientation	asexual_or_aromantic	unspec_unspec_unspec_descriptor	aromantik
F_D385	sexual_orientation	bi	unspec_unspec_unspec_descriptor	bi
F_D386	sexual_orientation	bi	unspec_unspec_unspec_descriptor	biseksual
F_D387	sexual_orientation	demisexual	unspec_unspec_unspec_descriptor	demiseksual
F_D388	sexual_orientation	gay	masculine_unspec_unspec_descriptor	gay
F_D389	sexual_orientation	gay	unspec_unspec_unspec_descriptor	homoseksual
F_D390	sexual_orientation	pansexual	unspec_unspec_unspec_descriptor	pan
F_D391	sexual_orientation	pansexual	unspec_unspec_unspec_descriptor	panseksual
F_D392	sexual_orientation	polyamorous	unspec_unspec_unspec_descriptor	poliamori
F_D393	sexual_orientation	polyamorous	unspec_unspec_unspec_descriptor	poli
F_D394	sexual_orientation	straight	unspec_unspec_unspec_descriptor	normal
F_D395	sexual_orientation	straight	unspec_unspec_unspec_descriptor	hetero
F_D396	sexual_orientation	straight	unspec_unspec_unspec_descriptor	heteroseksual
F_D397	socioeconomic_class	upper_class	unspec_unspec_unspec_descriptor	makmur
F_D398	socioeconomic_class	upper_class	unspec_unspec_unspec_descriptor	mampu secara finansial
F_D399	socioeconomic_class	upper_class	unspec_unspec_unspec_descriptor	kekayaan bersih yang tinggi
F_D400	socioeconomic_class	upper_class	unspec_unspec_unspec_descriptor	uang
F_D401	socioeconomic_class	upper_class	unspec_unspec_unspec_descriptor	kaya
F_D402	socioeconomic_class	upper_class	unspec_unspec_unspec_descriptor	satu persen teratas
F_D403	socioeconomic_class	upper_class	unspec_unspec_unspec_descriptor	kaya
F_D404	socioeconomic_class	upper_class	unspec_unspec_unspec_descriptor	orang kaya
F_D405	socioeconomic_class	upper_class	unspec_unspec_unspec_descriptor	berkecukupan
F_D406	socioeconomic_class	middle_class	unspec_unspec_unspec_descriptor	kelas menengah
F_D407	socioeconomic_class	working_class	unspec_unspec_unspec_descriptor	kelas pekerja
F_D408	socioeconomic_class	below_poverty_line	unspec_unspec_unspec_descriptor	miskin
F_D409	socioeconomic_class	below_poverty_line	unspec_unspec_unspec_descriptor	bangkrut
F_D410	socioeconomic_class	educational_attainment	unspec_unspec_unspec_descriptor	putus sekolah menengah atas
F_D411	socioeconomic_class	educational_attainment	unspec_unspec_unspec_descriptor	lulusan perguruan tinggi
