ID	HB AXIS	SEMANTIC FIELD (SENSE)	OPTION DESCRIPTON [SL]	SUGGESTED TRANSLATION [TL]
P_D001	ability	other_disabilities	unspec_unspec_unspec_descriptor	당뇨병이 있는
P_D002	ability	other_disabilities	unspec_unspec_unspec_descriptor	면역력이 약화된
P_D003	ability	intellectual_and_developmental	unspec_unspec_unspec_descriptor	덜떨어진
P_D004	age	middle_aged	unspec_unspec_unspec_descriptor	40대
P_D005	age	old	unspec_unspec_unspec_descriptor	어른스러운
P_D006	age	child	unspec_unspec_unspec_descriptor	10대
P_D007	age	young	unspec_unspec_unspec_descriptor	20대
P_D008	body_type	attractive	unspec_unspec_unspec_descriptor	사랑스러운
P_D009	body_type	attractive	unspec_unspec_unspec_descriptor	매력적인
P_D010	body_type	hair	unspec_unspec_unspec_descriptor	수염이 있는
P_D011	body_type	attractive	unspec_unspec_unspec_descriptor	아름다운
P_D012	body_type	fit	unspec_unspec_unspec_descriptor	우람한
P_D013	body_type	large_stature	unspec_unspec_unspec_descriptor	뼈가 굵은
P_D014	body_type	large_stature	unspec_unspec_unspec_descriptor	큰
P_D015	body_type	hair	unspec_unspec_unspec_descriptor	금발의
P_D016	body_type	large_stature	unspec_unspec_unspec_descriptor	근육질의
P_D017	body_type	eye_color	unspec_unspec_unspec_descriptor	갈색 눈의
P_D018	body_type	hair	unspec_unspec_unspec_descriptor	갈색 머리의
P_D019	body_type	skin_color	unspec_unspec_unspec_descriptor	갈색 피부의
P_D020	body_type	hair	unspec_unspec_unspec_descriptor	깔끔하게 면도한
P_D021	body_type	shapes	unspec_unspec_unspec_descriptor	굴곡진 몸매의
P_D022	body_type	thin	unspec_unspec_unspec_descriptor	앙증맞은
P_D023	body_type	hair	unspec_unspec_unspec_descriptor	곱슬머리의
P_D024	body_type	shapes	unspec_unspec_unspec_descriptor	체격이 큰
P_D025	body_type	attractive	unspec_unspec_unspec_descriptor	훌륭한
P_D026	body_type	eye_color	unspec_unspec_unspec_descriptor	초록 눈의
P_D027	body_type	hair	unspec_unspec_unspec_descriptor	풍성한
P_D028	body_type	eye_color	unspec_unspec_unspec_descriptor	녹갈색 눈의
P_D029	body_type	overweight	unspec_unspec_unspec_descriptor	무거운
P_D030	body_type	unattractive	unspec_unspec_unspec_descriptor	매력적이지 않은
P_D031	body_type	attractive	unspec_unspec_unspec_descriptor	매력적인
P_D032	body_type	attractive	unspec_unspec_unspec_descriptor	건장한
P_D033	body_type	thin	unspec_unspec_unspec_descriptor	멀쑥한
P_D034	body_type	hair	unspec_unspec_unspec_descriptor	밝은 머리색의
P_D035	body_type	skin_color	unspec_unspec_unspec_descriptor	밝은 피부색의
P_D036	body_type	medium_stature	unspec_unspec_unspec_descriptor	중간 키의
P_D037	body_type	overweight	unspec_unspec_unspec_descriptor	비만
P_D038	body_type	skin_color	unspec_unspec_unspec_descriptor	올리브색 피부의
P_D039	body_type	skin_color	unspec_unspec_unspec_descriptor	창백한 피부의
P_D040	body_type	small_stature	unspec_unspec_unspec_descriptor	아담한
P_D041	body_type	unattractive	unspec_unspec_unspec_descriptor	평범하게 생긴
P_D042	body_type	overweight	unspec_unspec_unspec_descriptor	플러스 사이즈의
P_D043	body_type	hair	unspec_unspec_unspec_descriptor	빨간머리의
P_D044	body_type	small_stature	unspec_unspec_unspec_descriptor	깡마른
P_D045	body_type	attractive	unspec_unspec_unspec_descriptor	섹시한
P_D046	body_type	hair	unspec_unspec_unspec_descriptor	단발의
P_D047	body_type	thin	unspec_unspec_unspec_descriptor	날씬한
P_D048	body_type	large_stature	unspec_unspec_unspec_descriptor	다부진
P_D049	body_type	hair	unspec_unspec_unspec_descriptor	직모의
P_D050	body_type	thin	unspec_unspec_unspec_descriptor	호리호리한
P_D051	body_type	unattractive	unspec_unspec_unspec_descriptor	매력적이지 않은
P_D052	body_type	hair	unspec_unspec_unspec_descriptor	면도하지 않은
P_D053	characteristics	handedness	unspec_unspec_unspec_descriptor	양손잡이
P_D054	characteristics	job_status	unspec_unspec_unspec_descriptor	블루칼라의
P_D055	characteristics	children	unspec_unspec_unspec_descriptor	자식이 없는
P_D056	characteristics	miscellaneous	unspec_unspec_unspec_descriptor	소극적인
P_D057	characteristics	handedness	unspec_unspec_unspec_descriptor	왼손잡이
P_D058	characteristics	children	unspec_unspec_unspec_descriptor	임신한
P_D059	characteristics	handedness	unspec_unspec_unspec_descriptor	오른손잡이
P_D060	characteristics	lifestyle	unspec_unspec_unspec_descriptor	둔한
P_D061	cultural	cultural_descriptors	unspec_unspec_unspec_descriptor	범세계주의자
P_D062	cultural	cultural_descriptors	unspec_unspec_unspec_descriptor	고스
P_D063	cultural	cultural_descriptors	unspec_unspec_unspec_descriptor	낙태에 찬성하는
P_D064	cultural	cultural_descriptors	unspec_unspec_unspec_descriptor	낙태에 반대하는
P_D065	cultural	cultural_descriptors	unspec_unspec_unspec_descriptor	레드넥
P_D066	cultural	cultural_descriptors	unspec_unspec_unspec_descriptor	소외된
P_D067	gender_and_sex	binary	unspec_unspec_unspec_descriptor	여성
P_D068	gender_and_sex	descriptors	unspec_unspec_unspec_descriptor	여성스러운
P_D069	gender_and_sex	descriptors	unspec_unspec_unspec_descriptor	여성 역할의
P_D070	gender_and_sex	descriptors	unspec_unspec_unspec_descriptor	게이스러운
P_D071	gender_and_sex	sex	unspec_unspec_unspec_descriptor	자웅동체의
P_D072	gender_and_sex	descriptors	unspec_unspec_unspec_descriptor	남성적인
P_D073	gender_and_sex	descriptors	unspec_unspec_unspec_descriptor	남자다운
P_D074	gender_and_sex	transgender	unspec_unspec_unspec_descriptor	트랜스젠더
P_D075	gender_and_sex	non_binary_or_gnc	unspec_unspec_unspec_descriptor	논바이너리
P_D076	gender_and_sex	non_binary_or_gnc	unspec_unspec_unspec_descriptor	톰보이
P_D077	gender_and_sex	transgender	unspec_unspec_unspec_descriptor	트랜스젠더
P_D078	gender_and_sex	descriptors	unspec_unspec_unspec_descriptor	여자다운
P_D079	nationality	mexico	unspec_unspec_unspec_descriptor	멕시코인
P_D080	nationality	philippines	unspec_unspec_unspec_descriptor	필리핀인
P_D081	nationality	india	unspec_unspec_unspec_descriptor	인도계 미국인
P_D082	nationality	south_korea	unspec_unspec_unspec_descriptor	한국계 미국인
P_D083	nationality	vietnam	unspec_unspec_unspec_descriptor	베트남인
P_D084	political_ideologies	all	unspec_unspec_unspec_descriptor	무정부주의자
P_D085	political_ideologies	all	unspec_unspec_unspec_descriptor	공산주의자
P_D086	political_ideologies	all	unspec_unspec_unspec_descriptor	자유주의자
P_D087	political_ideologies	all	unspec_unspec_unspec_descriptor	애국주의자
P_D088	political_ideologies	all	unspec_unspec_unspec_descriptor	우익의
P_D089	political_ideologies	all	unspec_unspec_unspec_descriptor	사회주의자
P_D090	race_ethnicity	combined	unspec_unspec_unspec_descriptor	아시아계 미국인 및 태평양 섬 주민
P_D091	race_ethnicity	black	unspec_unspec_unspec_descriptor	아프리카계 미국인
P_D092	race_ethnicity	asian	unspec_unspec_unspec_descriptor	아시아계 미국인
P_D093	race_ethnicity	asian	unspec_unspec_unspec_descriptor	인도계
P_D094	race_ethnicity	latinx	unspec_unspec_unspec_descriptor	라틴계
P_D095	race_ethnicity	latinx	unspec_unspec_unspec_descriptor	라틴계 여성
P_D096	race_ethnicity	asian	unspec_unspec_unspec_descriptor	동양의
P_D097	religion	all	unspec_unspec_unspec_descriptor	불가지론자
P_D098	religion	all	unspec_unspec_unspec_descriptor	인문주의자
P_D099	religion	all	unspec_unspec_unspec_descriptor	시아파
P_D100	sexual_orientation	asexual_or_aromantic	unspec_unspec_unspec_descriptor	무성애자
P_D101	sexual_orientation	lesbian	unspec_unspec_unspec_descriptor	레즈비언
P_D102	socioeconomic_class	below_poverty_line	unspec_unspec_unspec_descriptor	저소득의
P_D103	socioeconomic_class	upper_class	unspec_unspec_unspec_descriptor	상류층의
F_D001	ability	null	unspec_unspec_unspec_descriptor	귀가 먹은
F_D002	ability	auditory	unspec_unspec_unspec_descriptor	난청
F_D003	ability	auditory	unspec_unspec_unspec_descriptor	청각 장애
F_D004	ability	intellectual_and_developmental	unspec_unspec_unspec_descriptor	학습 장애
F_D005	ability	intellectual_and_developmental	unspec_unspec_unspec_descriptor	느린
F_D006	ability	mobility	unspec_unspec_unspec_descriptor	불구인
F_D007	ability	mobility	unspec_unspec_unspec_descriptor	하반신 마비
F_D008	ability	mobility	unspec_unspec_unspec_descriptor	마비된
F_D009	ability	mobility	unspec_unspec_unspec_descriptor	사지 마비 환자
F_D010	ability	mobility	unspec_unspec_unspec_descriptor	휠체어 신세의
F_D011	ability	neurological	unspec_unspec_unspec_descriptor	자폐를 가진
F_D012	ability	neurological	unspec_unspec_unspec_descriptor	난독증을 가진
F_D013	ability	neurological	unspec_unspec_unspec_descriptor	신경비전형적
F_D014	ability	neurological	unspec_unspec_unspec_descriptor	신경 다양성
F_D015	ability	neurological	unspec_unspec_unspec_descriptor	신경전형적
F_D016	ability	neurological	unspec_unspec_unspec_descriptor	비신경전형적
F_D017	ability	speech	unspec_unspec_unspec_descriptor	실어증
F_D018	ability	speech	unspec_unspec_unspec_descriptor	멍청한
F_D019	ability	speech	unspec_unspec_unspec_descriptor	비언어적
F_D020	ability	speech	unspec_unspec_unspec_descriptor	언어 장애의
F_D021	ability	speech	unspec_unspec_unspec_descriptor	벙어리
F_D022	ability	visual	unspec_unspec_unspec_descriptor	맹인
F_D023	ability	visual	unspec_unspec_unspec_descriptor	사시
F_D024	ability	visual	unspec_unspec_unspec_descriptor	저시력자
F_D025	ability	visual	unspec_unspec_unspec_descriptor	시력 장애
F_D026	ability	visual	unspec_unspec_unspec_descriptor	안경 착용
F_D027	ability	other_disabilities	unspec_unspec_unspec_descriptor	불임인
F_D028	ability	unspecific	unspec_unspec_unspec_descriptor	신체가 튼튼한
F_D029	ability	unspecific	unspec_unspec_unspec_descriptor	다른 능력을 가진
F_D030	ability	unspecific	unspec_unspec_unspec_descriptor	장애를 가진
F_D031	ability	unspecific	unspec_unspec_unspec_descriptor	장애인
F_D032	ability	unspecific	unspec_unspec_unspec_descriptor	비장애인
F_D033	age	puberty	unspec_unspec_unspec_descriptor	청소년
F_D034	age	puberty	unspec_unspec_unspec_descriptor	십대
F_D035	age	young	unspec_unspec_unspec_descriptor	어린
F_D036	age	young	unspec_unspec_unspec_descriptor	연하의
F_D037	age	young	unspec_unspec_unspec_descriptor	20살
F_D038	age	adult	unspec_unspec_unspec_descriptor	30살
F_D039	age	adult	unspec_unspec_unspec_descriptor	40살
F_D040	age	adult	unspec_unspec_unspec_descriptor	30대
F_D041	age	middle_aged	unspec_unspec_unspec_descriptor	50살
F_D042	age	middle_aged	unspec_unspec_unspec_descriptor	60살
F_D043	age	middle_aged	unspec_unspec_unspec_descriptor	50대
F_D044	age	middle_aged	unspec_unspec_unspec_descriptor	60대
F_D045	age	middle_aged	unspec_unspec_unspec_descriptor	중년
F_D046	age	old	unspec_unspec_unspec_descriptor	70살
F_D047	age	old	unspec_unspec_unspec_descriptor	80살
F_D048	age	old	unspec_unspec_unspec_descriptor	85살
F_D049	age	old	unspec_unspec_unspec_descriptor	90살
F_D050	age	old	unspec_unspec_unspec_descriptor	70대
F_D051	age	old	unspec_unspec_unspec_descriptor	80대
F_D052	age	old	unspec_unspec_unspec_descriptor	90대
F_D053	age	old	unspec_unspec_unspec_descriptor	팔순
F_D054	age	old	unspec_unspec_unspec_descriptor	구순
F_D055	age	old	unspec_unspec_unspec_descriptor	백세
F_D056	age	old	unspec_unspec_unspec_descriptor	연상
F_D057	age	old	unspec_unspec_unspec_descriptor	늙은
F_D058	age	old	unspec_unspec_unspec_descriptor	고령의
F_D059	age	old	unspec_unspec_unspec_descriptor	은퇴한
F_D060	age	old	unspec_unspec_unspec_descriptor	연장자
F_D061	age	old	unspec_unspec_unspec_descriptor	젊게 사는
F_D062	age	old	unspec_unspec_unspec_descriptor	기운찬
F_D063	age	old	unspec_unspec_unspec_descriptor	쇠약한
F_D064	age	adult	unspec_unspec_unspec_descriptor	성인
F_D065	body_type	thin	unspec_unspec_unspec_descriptor	앙상한
F_D066	body_type	thin	unspec_unspec_unspec_descriptor	멀쑥한
F_D067	body_type	thin	unspec_unspec_unspec_descriptor	깡마른
F_D068	body_type	thin	unspec_unspec_unspec_descriptor	마른
F_D069	body_type	thin	unspec_unspec_unspec_descriptor	날씬한
F_D070	body_type	thin	unspec_unspec_unspec_descriptor	여윈
F_D071	body_type	thin	unspec_unspec_unspec_descriptor	저체중
F_D072	body_type	fit	unspec_unspec_unspec_descriptor	건강한
F_D073	body_type	fit	unspec_unspec_unspec_descriptor	좋은 몸매의
F_D074	body_type	fit	unspec_unspec_unspec_descriptor	근육질의
F_D075	body_type	fit	unspec_unspec_unspec_descriptor	육체적으로 튼튼한
F_D076	body_type	fit	unspec_unspec_unspec_descriptor	탄탄한
F_D077	body_type	fit	unspec_unspec_unspec_descriptor	근육질의
F_D078	body_type	fit	unspec_unspec_unspec_descriptor	탄력 있는
F_D079	body_type	fit	unspec_unspec_unspec_descriptor	체격이 좋은
F_D080	body_type	fit	unspec_unspec_unspec_descriptor	강인한
F_D081	body_type	overweight	unspec_unspec_unspec_descriptor	통통한
F_D082	body_type	overweight	unspec_unspec_unspec_descriptor	땅딸막한
F_D083	body_type	overweight	unspec_unspec_unspec_descriptor	뚱뚱한
F_D084	body_type	overweight	unspec_unspec_unspec_descriptor	덩치가 큰
F_D085	body_type	overweight	unspec_unspec_unspec_descriptor	두꺼운
F_D086	body_type	overweight	unspec_unspec_unspec_descriptor	경도 과체중
F_D087	body_type	overweight	unspec_unspec_unspec_descriptor	병적인 비만
F_D088	body_type	overweight	unspec_unspec_unspec_descriptor	과체중
F_D089	body_type	overweight	unspec_unspec_unspec_descriptor	포동포동한
F_D090	body_type	overweight	unspec_unspec_unspec_descriptor	배가 불룩한
F_D091	body_type	overweight	unspec_unspec_unspec_descriptor	약간 과체중
F_D092	body_type	overweight	unspec_unspec_unspec_descriptor	퉁퉁한
F_D093	body_type	overweight	unspec_unspec_unspec_descriptor	우람한
F_D094	body_type	attractive	unspec_unspec_unspec_descriptor	귀여운
F_D095	body_type	attractive	unspec_unspec_unspec_descriptor	보기 좋은
F_D096	body_type	attractive	unspec_unspec_unspec_descriptor	잘생긴
F_D097	body_type	attractive	unspec_unspec_unspec_descriptor	이쁜
F_D098	body_type	unattractive	unspec_unspec_unspec_descriptor	못생긴
F_D099	body_type	unattractive	unspec_unspec_unspec_descriptor	흉측한
F_D100	body_type	shapes	unspec_unspec_unspec_descriptor	가슴이 잘 발달한
F_D101	body_type	large_stature	unspec_unspec_unspec_descriptor	큰
F_D102	body_type	large_stature	unspec_unspec_unspec_descriptor	건장한
F_D103	body_type	large_stature	unspec_unspec_unspec_descriptor	거대한
F_D104	body_type	large_stature	unspec_unspec_unspec_descriptor	막대한
F_D105	body_type	large_stature	unspec_unspec_unspec_descriptor	커다란
F_D106	body_type	large_stature	unspec_unspec_unspec_descriptor	체격이 큰
F_D107	body_type	large_stature	unspec_unspec_unspec_descriptor	엄청난
F_D108	body_type	large_stature	unspec_unspec_unspec_descriptor	키가 큰
F_D109	body_type	large_stature	unspec_unspec_unspec_descriptor	키가 매우 큰
F_D110	body_type	large_stature	unspec_unspec_unspec_descriptor	거인 같은
F_D111	body_type	medium_stature	unspec_unspec_unspec_descriptor	평균 키의
F_D112	body_type	medium_stature	unspec_unspec_unspec_descriptor	중간 체격의
F_D113	body_type	small_stature	unspec_unspec_unspec_descriptor	왜소한
F_D114	body_type	small_stature	unspec_unspec_unspec_descriptor	작은
F_D115	body_type	small_stature	unspec_unspec_unspec_descriptor	작은 체격의
F_D116	body_type	small_stature	unspec_unspec_unspec_descriptor	아주 작은
F_D117	body_type	small_stature	unspec_unspec_unspec_descriptor	키가 작은
F_D118	body_type	small_stature	unspec_unspec_unspec_descriptor	매우 작은
F_D119	body_type	eye_color	unspec_unspec_unspec_descriptor	파란 눈의
F_D120	body_type	eye_color	unspec_unspec_unspec_descriptor	회색 눈의
F_D121	body_type	eye_color	unspec_unspec_unspec_descriptor	호박색 눈의
F_D122	body_type	hair	unspec_unspec_unspec_descriptor	대머리
F_D123	body_type	hair	unspec_unspec_unspec_descriptor	머리가 벗겨진
F_D124	body_type	hair	unspec_unspec_unspec_descriptor	머리가 벗겨지고 있는
F_D125	body_type	hair	unspec_unspec_unspec_descriptor	검은 머리의
F_D126	body_type	hair	unspec_unspec_unspec_descriptor	흑갈색 머리의
F_D127	body_type	hair	unspec_unspec_unspec_descriptor	곱슬머리의
F_D128	body_type	hair	unspec_unspec_unspec_descriptor	짙은색 머리의
F_D129	body_type	hair	unspec_unspec_unspec_descriptor	지저분한 금발의
F_D130	body_type	hair	unspec_unspec_unspec_descriptor	레게머리의
F_D131	body_type	hair	unspec_unspec_unspec_descriptor	빨간 머리의
F_D132	body_type	hair	unspec_unspec_unspec_descriptor	염소 수염의
F_D133	body_type	hair	unspec_unspec_unspec_descriptor	회색 머리의
F_D134	body_type	hair	unspec_unspec_unspec_descriptor	머리가 센
F_D135	body_type	hair	unspec_unspec_unspec_descriptor	꼰 머리의
F_D136	body_type	hair	unspec_unspec_unspec_descriptor	장발
F_D137	body_type	hair	unspec_unspec_unspec_descriptor	콧수염이 있는
F_D138	body_type	hair	unspec_unspec_unspec_descriptor	포니테일
F_D139	body_type	hair	unspec_unspec_unspec_descriptor	희끗희끗한 머리의
F_D140	body_type	hair	unspec_unspec_unspec_descriptor	지저분한
F_D141	body_type	hair	unspec_unspec_unspec_descriptor	덥수룩한
F_D142	body_type	hair	unspec_unspec_unspec_descriptor	은발의
F_D143	body_type	hair	unspec_unspec_unspec_descriptor	돋친 머리의
F_D144	body_type	hair	unspec_unspec_unspec_descriptor	백발
F_D145	body_type	skin_color	unspec_unspec_unspec_descriptor	피부가 검은
F_D146	body_type	body_type_miscellaneous	unspec_unspec_unspec_descriptor	여드름이 덮인
F_D147	body_type	body_type_miscellaneous	unspec_unspec_unspec_descriptor	여드름투성이의
F_D148	body_type	body_type_miscellaneous	unspec_unspec_unspec_descriptor	냄새 나는
F_D149	body_type	body_type_miscellaneous	unspec_unspec_unspec_descriptor	악취 나는
F_D150	body_type	shapes	unspec_unspec_unspec_descriptor	몸매가 안 좋은
F_D151	body_type	body_type_miscellaneous	unspec_unspec_unspec_descriptor	단정한
F_D152	body_type	body_type_miscellaneous	unspec_unspec_unspec_descriptor	지저분한
F_D153	body_type	body_type_miscellaneous	unspec_unspec_unspec_descriptor	체형이 작은
F_D154	characteristics	addictions	unspec_unspec_unspec_descriptor	중독자
F_D155	characteristics	addictions	unspec_unspec_unspec_descriptor	알코올 남용하는
F_D156	characteristics	addictions	unspec_unspec_unspec_descriptor	알코올 중독자
F_D157	characteristics	addictions	unspec_unspec_unspec_descriptor	약물을 남용하는
F_D158	characteristics	addictions	unspec_unspec_unspec_descriptor	약물 중독자
F_D159	characteristics	addictions	unspec_unspec_unspec_descriptor	약쟁이
F_D160	characteristics	addictions	unspec_unspec_unspec_descriptor	마약 중독자
F_D161	characteristics	children	unspec_unspec_unspec_descriptor	자식이 없는
F_D162	characteristics	domestic_status	unspec_unspec_unspec_descriptor	노숙자
F_D163	characteristics	domestic_status	unspec_unspec_unspec_descriptor	집이 없는
F_D164	characteristics	domestic_status	unspec_unspec_unspec_descriptor	유목 생활의
F_D165	characteristics	domestic_status	unspec_unspec_unspec_descriptor	고아
F_D166	characteristics	domestic_status	unspec_unspec_unspec_descriptor	입양된
F_D167	characteristics	immigration_status	unspec_unspec_unspec_descriptor	외국인
F_D168	characteristics	immigration_status	unspec_unspec_unspec_descriptor	미국 태생의
F_D169	characteristics	immigration_status	unspec_unspec_unspec_descriptor	망명 희망자
F_D170	characteristics	immigration_status	unspec_unspec_unspec_descriptor	외국의
F_D171	characteristics	immigration_status	unspec_unspec_unspec_descriptor	외국 태생의
F_D172	characteristics	immigration_status	unspec_unspec_unspec_descriptor	이민자
F_D173	characteristics	immigration_status	unspec_unspec_unspec_descriptor	토박이
F_D174	characteristics	immigration_status	unspec_unspec_unspec_descriptor	본토박이
F_D175	characteristics	immigration_status	unspec_unspec_unspec_descriptor	귀화한
F_D176	characteristics	immigration_status	unspec_unspec_unspec_descriptor	비원어민
F_D177	characteristics	immigration_status	unspec_unspec_unspec_descriptor	난민
F_D178	characteristics	immigration_status	unspec_unspec_unspec_descriptor	국적 없는
F_D179	characteristics	immigration_status	unspec_unspec_unspec_descriptor	불법 체류자
F_D180	characteristics	immigration_status	unspec_unspec_unspec_descriptor	미국 출생
F_D181	characteristics	job_status	unspec_unspec_unspec_descriptor	고용된
F_D182	characteristics	job_status	unspec_unspec_unspec_descriptor	실직한
F_D183	characteristics	job_status	unspec_unspec_unspec_descriptor	전문적인
F_D184	characteristics	job_status	unspec_unspec_unspec_descriptor	주부
F_D185	characteristics	job_status	unspec_unspec_unspec_descriptor	집에 머무는
F_D186	characteristics	job_status	unspec_unspec_unspec_descriptor	능력 이하의 일을 하는
F_D187	characteristics	job_status	unspec_unspec_unspec_descriptor	실업자인
F_D188	characteristics	job_status	unspec_unspec_unspec_descriptor	사무직의
F_D189	characteristics	job_status	unspec_unspec_unspec_descriptor	반일 근무자
F_D190	characteristics	job_status	unspec_unspec_unspec_descriptor	시간제
F_D191	characteristics	job_status	unspec_unspec_unspec_descriptor	임시 노동자
F_D192	characteristics	job_status	unspec_unspec_unspec_descriptor	독립 부유층
F_D193	characteristics	marital_status	unspec_unspec_unspec_descriptor	이혼한
F_D194	characteristics	marital_status	unspec_unspec_unspec_descriptor	기혼자
F_D195	characteristics	marital_status	unspec_unspec_unspec_descriptor	별거한
F_D196	characteristics	marital_status	unspec_unspec_unspec_descriptor	독신
F_D197	characteristics	marital_status	unspec_unspec_unspec_descriptor	사귀는 사람이 없는
F_D198	characteristics	marital_status	unspec_unspec_unspec_descriptor	약혼한
F_D199	characteristics	marital_status	unspec_unspec_unspec_descriptor	약혼한
F_D200	characteristics	marital_status	unspec_unspec_unspec_descriptor	미혼의
F_D201	characteristics	marital_status	unspec_unspec_unspec_descriptor	사별한
F_D202	characteristics	marital_status	unspec_unspec_unspec_descriptor	동반자가 있는
F_D203	characteristics	marital_status	unspec_unspec_unspec_descriptor	가능한
F_D204	characteristics	lifestyle	unspec_unspec_unspec_descriptor	운동적인
F_D205	characteristics	lifestyle	unspec_unspec_unspec_descriptor	활동적인
F_D206	characteristics	lifestyle	unspec_unspec_unspec_descriptor	집에 머물길 좋아하는
F_D207	characteristics	literacy	unspec_unspec_unspec_descriptor	문해인
F_D208	characteristics	literacy	unspec_unspec_unspec_descriptor	문맹인
F_D209	cultural	generations	unspec_unspec_unspec_descriptor	가장 위대한 세대
F_D210	cultural	generations	unspec_unspec_unspec_descriptor	베이비 붐 세대
F_D211	cultural	generations	unspec_unspec_unspec_descriptor	붐 세대
F_D212	cultural	generations	unspec_unspec_unspec_descriptor	X세대
F_D213	cultural	generations	unspec_unspec_unspec_descriptor	밀레니얼 세대
F_D214	cultural	generations	unspec_unspec_unspec_descriptor	Z세대
F_D215	cultural	generations	unspec_unspec_unspec_descriptor	Z세대
F_D216	cultural	cultural_descriptors	unspec_unspec_unspec_descriptor	부르주아
F_D217	cultural	cultural_descriptors	unspec_unspec_unspec_descriptor	촌뜨기
F_D218	cultural	cultural_descriptors	unspec_unspec_unspec_descriptor	히피
F_D219	cultural	cultural_descriptors	unspec_unspec_unspec_descriptor	힙스터
F_D220	cultural	cultural_descriptors	unspec_unspec_unspec_descriptor	여피족
F_D221	cultural	cultural_descriptors	unspec_unspec_unspec_descriptor	특권이 없는
F_D222	cultural	cultural_descriptors	unspec_unspec_unspec_descriptor	위험한 환경에 있는
F_D223	cultural	cultural_descriptors	unspec_unspec_unspec_descriptor	소외감을 느끼는
F_D224	cultural	cultural_descriptors	unspec_unspec_unspec_descriptor	특권을 가진
F_D225	cultural	cultural_descriptors	unspec_unspec_unspec_descriptor	엘리트
F_D226	cultural	cultural_descriptors	unspec_unspec_unspec_descriptor	자격이 있는
F_D227	cultural	cultural_descriptors	unspec_unspec_unspec_descriptor	님비
F_D228	cultural	cultural_descriptors	unspec_unspec_unspec_descriptor	도시의
F_D229	cultural	cultural_descriptors	unspec_unspec_unspec_descriptor	시골의
F_D230	cultural	cultural_descriptors	unspec_unspec_unspec_descriptor	국가의
F_D231	cultural	cultural_descriptors	unspec_unspec_unspec_descriptor	백신 찬성론자
F_D232	cultural	cultural_descriptors	unspec_unspec_unspec_descriptor	백신 반대론자
F_D233	cultural	cultural_descriptors	unspec_unspec_unspec_descriptor	백신을 주저하는
F_D234	gender_and_sex	binary	unspec_unspec_unspec_descriptor	남성
F_D235	gender_and_sex	binary	unspec_unspec_unspec_descriptor	성별에 적합한
F_D236	gender_and_sex	cisgender	unspec_unspec_unspec_descriptor	시스
F_D237	gender_and_sex	cisgender	unspec_unspec_unspec_descriptor	시스 젠더
F_D238	gender_and_sex	descriptors	unspec_unspec_unspec_descriptor	여성으로 태어난
F_D239	gender_and_sex	descriptors	unspec_unspec_unspec_descriptor	남성으로 태어난
F_D240	gender_and_sex	descriptors	unspec_unspec_unspec_descriptor	양성의
F_D241	gender_and_sex	descriptors	unspec_unspec_unspec_descriptor	부치
F_D242	gender_and_sex	descriptors	unspec_unspec_unspec_descriptor	여성화된
F_D243	gender_and_sex	descriptors	unspec_unspec_unspec_descriptor	프루트케이크
F_D244	gender_and_sex	descriptors	unspec_unspec_unspec_descriptor	남성적인
F_D245	gender_and_sex	z	unspec_unspec_unspec_descriptor	무성의
F_D246	gender_and_sex	non_binary_or_gnc	unspec_unspec_unspec_descriptor	양성의
F_D247	gender_and_sex	non_binary_or_gnc	unspec_unspec_unspec_descriptor	바이젠더
F_D248	gender_and_sex	non_binary_or_gnc	unspec_unspec_unspec_descriptor	보이
F_D249	gender_and_sex	non_binary_or_gnc	unspec_unspec_unspec_descriptor	반 남성
F_D250	gender_and_sex	non_binary_or_gnc	unspec_unspec_unspec_descriptor	데미 젠더
F_D251	gender_and_sex	non_binary_or_gnc	unspec_unspec_unspec_descriptor	반 여성
F_D252	gender_and_sex	non_binary_or_gnc	unspec_unspec_unspec_descriptor	엔비
F_D253	gender_and_sex	non_binary_or_gnc	unspec_unspec_unspec_descriptor	더욱 여성스러운
F_D254	gender_and_sex	non_binary_or_gnc	unspec_unspec_unspec_descriptor	성 중립적인
F_D255	gender_and_sex	non_binary_or_gnc	unspec_unspec_unspec_descriptor	비관행적 젠더
F_D256	gender_and_sex	non_binary_or_gnc	unspec_unspec_unspec_descriptor	젠더플루이드
F_D257	gender_and_sex	non_binary_or_gnc	unspec_unspec_unspec_descriptor	무성의
F_D258	gender_and_sex	non_binary_or_gnc	unspec_unspec_unspec_descriptor	젠더퀴어
F_D259	gender_and_sex	non_binary_or_gnc	unspec_unspec_unspec_descriptor	더욱 남성스러운
F_D260	gender_and_sex	non_binary_or_gnc	unspec_unspec_unspec_descriptor	중성의
F_D261	gender_and_sex	non_binary_or_gnc	unspec_unspec_unspec_descriptor	스터드
F_D262	gender_and_sex	non_binary_or_gnc	unspec_unspec_unspec_descriptor	제3의 성
F_D263	gender_and_sex	non_binary_or_gnc	unspec_unspec_unspec_descriptor	투 스피릿
F_D264	gender_and_sex	queer	unspec_unspec_unspec_descriptor	LGBT
F_D265	gender_and_sex	queer	unspec_unspec_unspec_descriptor	LGBTQ
F_D266	gender_and_sex	queer	unspec_unspec_unspec_descriptor	LGBTQ+
F_D267	gender_and_sex	queer	unspec_unspec_unspec_descriptor	퀴어
F_D268	gender_and_sex	sex	unspec_unspec_unspec_descriptor	인터섹스
F_D269	gender_and_sex	sex	unspec_unspec_unspec_descriptor	엔도섹스
F_D270	gender_and_sex	sex	unspec_unspec_unspec_descriptor	성전환자
F_D271	gender_and_sex	transgender	unspec_unspec_unspec_descriptor	트랜스젠더
F_D272	gender_and_sex	transgender	unspec_unspec_unspec_descriptor	트랜스
F_D273	gender_and_sex	transgender	unspec_unspec_unspec_descriptor	트랜스 여성
F_D274	gender_and_sex	transgender	unspec_unspec_unspec_descriptor	여성으로 성전환한
F_D275	gender_and_sex	transgender	unspec_unspec_unspec_descriptor	트랜스 남성
F_D276	gender_and_sex	transgender	unspec_unspec_unspec_descriptor	남성으로 성전환한
F_D277	nationality	china	unspec_unspec_unspec_descriptor	중국인
F_D278	nationality	china	unspec_unspec_unspec_descriptor	중국계 미국인
F_D279	nationality	china	unspec_unspec_unspec_descriptor	미국 태생 중국인
F_D280	nationality	cuba	unspec_unspec_unspec_descriptor	쿠바인
F_D281	nationality	cuba	unspec_unspec_unspec_descriptor	쿠바계 미국인
F_D282	nationality	dominican_republic	unspec_unspec_unspec_descriptor	도미니카인
F_D283	nationality	dominican_republic	unspec_unspec_unspec_descriptor	도미니카계 미국인
F_D284	nationality	el_salvador	unspec_unspec_unspec_descriptor	엘살바도르인
F_D285	nationality	el_salvador	unspec_unspec_unspec_descriptor	엘살바도르계 미국인
F_D286	nationality	guatemala	unspec_unspec_unspec_descriptor	과테말라인
F_D287	nationality	guatemala	unspec_unspec_unspec_descriptor	과테말라계 미국인
F_D288	nationality	india	unspec_unspec_unspec_descriptor	인도인
F_D289	nationality	mexico	unspec_unspec_unspec_descriptor	멕시코인
F_D290	nationality	mexico	unspec_unspec_unspec_descriptor	멕시코계 미국인
F_D291	nationality	mexico	unspec_unspec_unspec_descriptor	치카노
F_D292	nationality	philippines	unspec_unspec_unspec_descriptor	필리핀계 미국인
F_D293	nationality	philippines	unspec_unspec_unspec_descriptor	필리핀인
F_D294	nationality	philippines	unspec_unspec_unspec_descriptor	필리핀계 미국인
F_D295	nationality	south_korea	unspec_unspec_unspec_descriptor	한국인
F_D296	nationality	united_states	unspec_unspec_unspec_descriptor	미국인
F_D297	nationality	vietnam	unspec_unspec_unspec_descriptor	베트남계 미국인
F_D298	political_ideologies	political_ideologies	unspec_unspec_unspec_descriptor	진보적인
F_D299	political_ideologies	political_ideologies	unspec_unspec_unspec_descriptor	보수적인
F_D300	political_ideologies	political_ideologies	unspec_unspec_unspec_descriptor	민주주의자
F_D301	political_ideologies	political_ideologies	unspec_unspec_unspec_descriptor	공화주의자
F_D302	political_ideologies	political_ideologies	unspec_unspec_unspec_descriptor	좌파
F_D303	political_ideologies	political_ideologies	unspec_unspec_unspec_descriptor	우파
F_D304	political_ideologies	political_ideologies	unspec_unspec_unspec_descriptor	좌익
F_D305	political_ideologies	political_ideologies	unspec_unspec_unspec_descriptor	사회적으로 진보적인
F_D306	political_ideologies	political_ideologies	unspec_unspec_unspec_descriptor	재정적으로 보수적인
F_D307	political_ideologies	political_ideologies	unspec_unspec_unspec_descriptor	민주-사회주의자
F_D308	political_ideologies	political_ideologies	unspec_unspec_unspec_descriptor	중도주의자
F_D309	political_ideologies	political_ideologies	unspec_unspec_unspec_descriptor	독립적인
F_D310	political_ideologies	political_ideologies	unspec_unspec_unspec_descriptor	중도파
F_D311	political_ideologies	political_ideologies	unspec_unspec_unspec_descriptor	진보적인
F_D312	political_ideologies	political_ideologies	unspec_unspec_unspec_descriptor	급진적인
F_D313	political_ideologies	political_ideologies	unspec_unspec_unspec_descriptor	비정치적인
F_D314	political_ideologies	political_ideologies	unspec_unspec_unspec_descriptor	극단주의자
F_D315	race_ethnicity	alaska_native	unspec_unspec_unspec_descriptor	알래스카 원주민
F_D316	race_ethnicity	asian	unspec_unspec_unspec_descriptor	아시아인
F_D317	race_ethnicity	asian	unspec_unspec_unspec_descriptor	동아시아인
F_D318	race_ethnicity	asian	unspec_unspec_unspec_descriptor	남아시아인
F_D319	race_ethnicity	asian	unspec_unspec_unspec_descriptor	동남아시아인
F_D320	race_ethnicity	black	unspec_unspec_unspec_descriptor	아프리카인
F_D321	race_ethnicity	black	unspec_unspec_unspec_descriptor	흑인
F_D322	race_ethnicity	latinx	unspec_unspec_unspec_descriptor	히스패닉
F_D323	race_ethnicity	latinx	unspec_unspec_unspec_descriptor	라틴계
F_D324	race_ethnicity	latinx	unspec_unspec_unspec_descriptor	라틴 아메리카
F_D325	race_ethnicity	indigenous	unspec_unspec_unspec_descriptor	오스트레일리아 원주민
F_D326	race_ethnicity	indigenous	unspec_unspec_unspec_descriptor	토착민
F_D327	race_ethnicity	indigenous	unspec_unspec_unspec_descriptor	북미 원주민
F_D328	race_ethnicity	indigenous	unspec_unspec_unspec_descriptor	아메리칸 인디언
F_D329	race_ethnicity	native_hawaiian	unspec_unspec_unspec_descriptor	하와이 원주민
F_D330	race_ethnicity	pacific_islander	unspec_unspec_unspec_descriptor	태평양 섬 주민
F_D331	race_ethnicity	European	unspec_unspec_unspec_descriptor	유럽인
F_D332	race_ethnicity	European	unspec_unspec_unspec_descriptor	유럽계 미국인
F_D333	race_ethnicity	Middle Eastern	unspec_unspec_unspec_descriptor	중동인
F_D334	race_ethnicity	European	unspec_unspec_unspec_descriptor	백인
F_D335	race_ethnicity	European	unspec_unspec_unspec_descriptor	백인종
F_D336	race_ethnicity	Middle Eastern	unspec_unspec_unspec_descriptor	아랍
F_D337	race_ethnicity	combined	unspec_unspec_unspec_descriptor	백인이 아닌
F_D338	religion	religion	unspec_unspec_unspec_descriptor	아미쉬
F_D339	religion	religion	unspec_unspec_unspec_descriptor	아슈케나지 유대인
F_D340	religion	religion	unspec_unspec_unspec_descriptor	무신론자
F_D341	religion	religion	unspec_unspec_unspec_descriptor	바하이
F_D342	religion	religion	unspec_unspec_unspec_descriptor	다시 태어난
F_D343	religion	religion	unspec_unspec_unspec_descriptor	불교
F_D344	religion	religion	unspec_unspec_unspec_descriptor	가톨릭
F_D345	religion	religion	unspec_unspec_unspec_descriptor	천도교
F_D346	religion	religion	unspec_unspec_unspec_descriptor	기독교
F_D347	religion	religion	unspec_unspec_unspec_descriptor	유생
F_D348	religion	religion	unspec_unspec_unspec_descriptor	보수 유대교
F_D349	religion	religion	unspec_unspec_unspec_descriptor	드루즈파
F_D350	religion	religion	unspec_unspec_unspec_descriptor	복음주의
F_D351	religion	religion	unspec_unspec_unspec_descriptor	하시딕
F_D352	religion	religion	unspec_unspec_unspec_descriptor	힌두교
F_D353	religion	religion	unspec_unspec_unspec_descriptor	무종교의
F_D354	religion	religion	unspec_unspec_unspec_descriptor	자이나
F_D355	religion	religion	unspec_unspec_unspec_descriptor	여호와의 증인
F_D356	religion	religion	unspec_unspec_unspec_descriptor	유대교
F_D357	religion	religion	unspec_unspec_unspec_descriptor	루터 교도
F_D358	religion	religion	unspec_unspec_unspec_descriptor	감리교
F_D359	religion	religion	unspec_unspec_unspec_descriptor	모르몬교도
F_D360	religion	religion	unspec_unspec_unspec_descriptor	이슬람교도
F_D361	religion	religion	unspec_unspec_unspec_descriptor	정통 유대교
F_D362	religion	religion	unspec_unspec_unspec_descriptor	이교도
F_D363	religion	religion	unspec_unspec_unspec_descriptor	신교도
F_D364	religion	religion	unspec_unspec_unspec_descriptor	라스타파리
F_D365	religion	religion	unspec_unspec_unspec_descriptor	라스타파리안인
F_D366	religion	religion	unspec_unspec_unspec_descriptor	개혁 유대교
F_D367	religion	religion	unspec_unspec_unspec_descriptor	종교적인
F_D368	religion	religion	unspec_unspec_unspec_descriptor	로마 가톨릭
F_D369	religion	religion	unspec_unspec_unspec_descriptor	세속적인
F_D370	religion	religion	unspec_unspec_unspec_descriptor	악마 숭배자
F_D371	religion	religion	unspec_unspec_unspec_descriptor	사이언톨로지
F_D372	religion	religion	unspec_unspec_unspec_descriptor	세파르디 유대교
F_D373	religion	religion	unspec_unspec_unspec_descriptor	제7일 안식일 재림파
F_D374	religion	religion	unspec_unspec_unspec_descriptor	신도 신자
F_D375	religion	religion	unspec_unspec_unspec_descriptor	시크교도
F_D376	religion	religion	unspec_unspec_unspec_descriptor	정신적인
F_D377	religion	religion	unspec_unspec_unspec_descriptor	정신주의자
F_D378	religion	religion	unspec_unspec_unspec_descriptor	수니파
F_D379	religion	religion	unspec_unspec_unspec_descriptor	도교 신자
F_D380	religion	religion	unspec_unspec_unspec_descriptor	마법 숭배
F_D381	religion	religion	unspec_unspec_unspec_descriptor	유니테리언
F_D382	religion	religion	unspec_unspec_unspec_descriptor	조로아스터교
F_D383	sexual_orientation	asexual_or_aromantic	unspec_unspec_unspec_descriptor	무성의
F_D384	sexual_orientation	asexual_or_aromantic	unspec_unspec_unspec_descriptor	성적 끌림이 없는
F_D385	sexual_orientation	bi	unspec_unspec_unspec_descriptor	바이
F_D386	sexual_orientation	bi	unspec_unspec_unspec_descriptor	양성애의
F_D387	sexual_orientation	demisexual	unspec_unspec_unspec_descriptor	반성애자
F_D388	sexual_orientation	gay	unspec_unspec_unspec_descriptor	게이
F_D389	sexual_orientation	gay	unspec_unspec_unspec_descriptor	동성애자
F_D390	sexual_orientation	pansexual	unspec_unspec_unspec_descriptor	판
F_D391	sexual_orientation	pansexual	unspec_unspec_unspec_descriptor	범성욕주의
F_D392	sexual_orientation	polyamorous	unspec_unspec_unspec_descriptor	다자간 연애
F_D393	sexual_orientation	polyamorous	unspec_unspec_unspec_descriptor	폴리
F_D394	sexual_orientation	straight	unspec_unspec_unspec_descriptor	이성애자
F_D395	sexual_orientation	straight	unspec_unspec_unspec_descriptor	헤테로
F_D396	sexual_orientation	straight	unspec_unspec_unspec_descriptor	이성애자
F_D397	socioeconomic_class	upper_class	unspec_unspec_unspec_descriptor	부유한
F_D398	socioeconomic_class	upper_class	unspec_unspec_unspec_descriptor	재정적으로 풍족한
F_D399	socioeconomic_class	upper_class	unspec_unspec_unspec_descriptor	고액 순자산 보유자
F_D400	socioeconomic_class	upper_class	unspec_unspec_unspec_descriptor	돈이 많은
F_D401	socioeconomic_class	upper_class	unspec_unspec_unspec_descriptor	부자인
F_D402	socioeconomic_class	upper_class	unspec_unspec_unspec_descriptor	상위 1프로
F_D403	socioeconomic_class	upper_class	unspec_unspec_unspec_descriptor	부유한
F_D404	socioeconomic_class	upper_class	unspec_unspec_unspec_descriptor	잘사는
F_D405	socioeconomic_class	upper_class	unspec_unspec_unspec_descriptor	유복한
F_D406	socioeconomic_class	middle_class	unspec_unspec_unspec_descriptor	중산층의
F_D407	socioeconomic_class	working_class	unspec_unspec_unspec_descriptor	노동자 계층
F_D408	socioeconomic_class	below_poverty_line	unspec_unspec_unspec_descriptor	가난한
F_D409	socioeconomic_class	below_poverty_line	unspec_unspec_unspec_descriptor	파산한
F_D410	socioeconomic_class	educational_attainment	unspec_unspec_unspec_descriptor	고등학교 중퇴
F_D411	socioeconomic_class	educational_attainment	unspec_unspec_unspec_descriptor	대학 졸업생
