ID	HB AXIS	SEMANTIC FIELD (SENSE)	OPTION DESCRIPTON [SL]	SUGGESTED TRANSLATION [TL]
P_D001	ability	other_disabilities	unspec_unspec_unspec_descriptor	bệnh đái tháo đường
P_D002	ability	other_disabilities	unspec_unspec_unspec_descriptor	suy giảm miễn dịch
P_D003	ability	intellectual_and_developmental	unspec_unspec_unspec_descriptor	chậm phát triển
P_D004	age	middle_aged	unspec_unspec_singular_descriptor	tuổi 40
P_D005	age	old	unspec_unspec_singular_descriptor	trưởng thành
P_D006	age	child	unspec_unspec_singular_descriptor	vị thành niên
P_D007	age	young	unspec_unspec_singular_descriptor	tuổi 20
P_D008	body_type	attractive	unspec_unspec_singular_descriptor	đáng yêu
P_D009	body_type	attractive	unspec_unspec_singular_descriptor	hấp dẫn
P_D010a	body_type	hair	masculine_unspec_singular_descriptor	có râu
P_D010b	body_type	hair	unspec_unspec_unspec_descriptor	có râu
P_D011	body_type	attractive	feminine_unspec_singular_descriptor	xinh đẹp
P_D012	body_type	fit	masculine_unspec_singular_descriptor	lực lưỡng
P_D013	body_type	large_stature	unspec_unspec_singular_descriptor	xương to
P_D014	body_type	large_stature	unspec_unspec_singular_descriptor	to lớn hơn
P_D015	body_type	hair	unspec_unspec_singular_descriptor	tóc vàng hoe
P_D016	body_type	large_stature	unspec_unspec_singular_descriptor	rắn chắc
P_D017	body_type	eye_color	unspec_unspec_singular_descriptor	mắt nâu
P_D018	body_type	hair	unspec_unspec_singular_descriptor	tóc nâu
P_D019	body_type	skin_color	unspec_unspec_singular_descriptor	da nâu
P_D020	body_type	hair	masculine_unspec_singular_descriptor	mày râu nhẵn nhụi
P_D021	body_type	shapes	unspec_unspec_singular_descriptor	đường cong
P_D022	body_type	thin	unspec_unspec_singular_descriptor	xinh xắn dễ thương
P_D023	body_type	hair	unspec_unspec_singular_descriptor	tóc uốn xoăn
P_D024	body_type	shapes	unspec_unspec_singular_descriptor	tròn trĩnh
P_D025	body_type	attractive	unspec_unspec_singular_descriptor	lộng lẫy
P_D026	body_type	eye_color	unspec_unspec_singular_descriptor	mắt xanh
P_D027	body_type	hair	unspec_unspec_singular_descriptor	có tóc
P_D028	body_type	eye_color	unspec_unspec_singular_descriptor	mắt màu hạt dẻ
P_D029	body_type	overweight	unspec_unspec_singular_descriptor	nặng cân
P_D030	body_type	unattractive	unspec_unspec_singular_descriptor	thô kệch
P_D031	body_type	attractive	unspec_unspec_singular_descriptor	nóng bỏng
P_D032	body_type	attractive	masculine_unspec_singular_descriptor	lực lưỡng gợi cảm
P_D033	body_type	thin	unspec_unspec_singular_descriptor	gầy lêu nghêu
P_D034	body_type	hair	unspec_unspec_singular_descriptor	tóc màu sáng
P_D035	body_type	skin_color	unspec_unspec_singular_descriptor	da sáng
P_D036	body_type	medium_stature	unspec_unspec_singular_descriptor	chiều cao trung bình
P_D037	body_type	overweight	unspec_unspec_singular_descriptor	béo phì
P_D038	body_type	skin_color	unspec_unspec_singular_descriptor	da màu ô liu
P_D039	body_type	skin_color	unspec_unspec_singular_descriptor	da nhợt nhạt
P_D040	body_type	small_stature	unspec_unspec_singular_descriptor	nhỏ nhắn
P_D041	body_type	unattractive	unspec_unspec_singular_descriptor	giản dị
P_D042	body_type	overweight	unspec_unspec_singular_descriptor	ngoại cỡ
P_D043	body_type	hair	unspec_unspec_singular_descriptor	tóc hoe hoe đỏ
P_D044	body_type	small_stature	unspec_unspec_singular_descriptor	gầy nhằng
P_D045	body_type	attractive	unspec_unspec_singular_descriptor	gợi cảm
P_D046	body_type	hair	unspec_unspec_singular_descriptor	tóc ngắn
P_D047	body_type	thin	unspec_unspec_singular_descriptor	mảnh khảnh
P_D048	body_type	large_stature	unspec_unspec_singular_descriptor	chắc nịch
P_D049	body_type	hair	unspec_unspec_singular_descriptor	tóc thẳng
P_D050	body_type	thin	feminine_unspec_singular_descriptor	mảnh mai
P_D051	body_type	unattractive	unspec_unspec_singular_descriptor	không hấp dẫn
P_D052	body_type	hair	unspec_unspec_singular_descriptor	không cạo (râu)
P_D053	characteristics	handedness	unspec_unspec_singular_descriptor	thuận cả hai tay
P_D054	characteristics	job_status	unspec_unspec_singular_descriptor	lao động chân tay
P_D055	characteristics	children	unspec_unspec_singular_descriptor	không có con
P_D056	characteristics	miscellaneous	unspec_unspec_singular_descriptor	không năng động
P_D057	characteristics	handedness	unspec_unspec_singular_descriptor	thuận tay trái
P_D058	characteristics	children	feminine_unspec_singular_descriptor	mang thai
P_D059	characteristics	handedness	unspec_unspec_singular_descriptor	thuận tay phải
P_D060	characteristics	lifestyle	unspec_unspec_singular_descriptor	không thích vận động
P_D061	cultural	cultural_descriptors	unspec_unspec_singular_descriptor	phong cách cosmopolitan
P_D062	cultural	cultural_descriptors	unspec_unspec_singular_descriptor	phong cách goth
P_D063	cultural	cultural_descriptors	unspec_unspec_singular_descriptor	ủng hộ sự tự do lựa chọn
P_D064	cultural	cultural_descriptors	unspec_unspec_singular_descriptor	ủng hộ sự sống
P_D065	cultural	cultural_descriptors	unspec_unspec_singular_descriptor	đồ nhà quê
P_D066	cultural	cultural_descriptors	unspec_unspec_singular_descriptor	chưa được đáp ứng đủ
P_D067	gender_and_sex	binary	feminine_unspec_singular_descriptor	nữ
P_D068	gender_and_sex	descriptors	feminine_unspec_singular_descriptor	nữ tính
P_D069	gender_and_sex	descriptors	feminine_unspec_singular_descriptor	nữ giới
P_D070	gender_and_sex	descriptors	masculine_unspec_singular_descriptor	đồng tính nam
P_D071	gender_and_sex	sex	unspec_unspec_singular_descriptor	lưỡng giới
P_D072	gender_and_sex	descriptors	masculine_unspec_singular_descriptor	bậc nam nhi
P_D073	gender_and_sex	descriptors	unspec_unspec_singular_descriptor	nam tính
P_D074	gender_and_sex	transgender	masculine_unspec_singular_descriptor	chuyển giới nữ (MTF)
P_D075	gender_and_sex	non_binary_or_gnc	unspec_unspec_singular_descriptor	phi nhị giới
P_D076	gender_and_sex	non_binary_or_gnc	feminine_unspec_singular_descriptor	giống con trai (tomboy)
P_D077	gender_and_sex	transgender	unspec_unspec_singular_descriptor	chuyển giới
P_D078	gender_and_sex	descriptors	unspec_unspec_singular_descriptor	đàn bà
P_D079	nationality	mexico	feminine_unspec_singular_descriptor	Chicana
P_D080	nationality	philippines	unspec_unspec_singular_descriptor	người Philippines
P_D081	nationality	india	unspec_unspec_singular_descriptor	người Mỹ gốc Ấn
P_D082	nationality	south_korea	unspec_unspec_singular_descriptor	người Mỹ gốc Hàn
P_D083	nationality	vietnam	unspec_unspec_singular_descriptor	người Việt Nam
P_D084	political_ideologies	all	unspec_unspec_singular_descriptor	theo chủ nghĩa vô chính phủ
P_D085	political_ideologies	all	unspec_unspec_singular_descriptor	người cộng sản
P_D086	political_ideologies	all	unspec_unspec_singular_descriptor	theo chủ nghĩa tự do
P_D087	political_ideologies	all	unspec_unspec_singular_descriptor	theo chủ nghĩa dân tộc
P_D088	political_ideologies	all	unspec_unspec_singular_descriptor	cánh hữu
P_D089	political_ideologies	all	unspec_unspec_singular_descriptor	theo chủ nghĩa xã hội
P_D090	race_ethnicity	combined	unspec_unspec_singular_descriptor	người Mỹ gốc Á & người dân đảo Thái Bình Dương (AAPI)
P_D091	race_ethnicity	black	unspec_unspec_singular_descriptor	người Mỹ gốc Phi
P_D092	race_ethnicity	asian	unspec_unspec_singular_descriptor	người Mỹ gốc Á
P_D093	race_ethnicity	asian	unspec_unspec_singular_descriptor	người Desi
P_D094	race_ethnicity	latinx	unspec_unspec_singular_descriptor	người Latinh
P_D095	race_ethnicity	latinx	feminine_unspec_singular_descriptor	phụ nữ Latinh
P_D096	race_ethnicity	asian	unspec_unspec_singular_descriptor	người phương đông
P_D097	religion	all	unspec_unspec_singular_descriptor	theo thuyết bất khả tri
P_D098	religion	all	unspec_unspec_singular_descriptor	theo chủ nghĩa nhân văn
P_D099	religion	all	unspec_unspec_singular_descriptor	Shia
P_D100	sexual_orientation	asexual_or_aromantic	unspec_unspec_singular_descriptor	vô tính
P_D101	sexual_orientation	lesbian	feminine_unspec_singular_descriptor	đồng tính nữ
P_D102	socioeconomic_class	below_poverty_line	unspec_unspec_singular_descriptor	thu nhập thấp
P_D103	socioeconomic_class	upper_class	unspec_unspec_singular_descriptor	tầng lớp thượng lưu
F_D001	ability	--	unspec_unspec_singular_descriptor	điếc
F_D002	ability	auditory	unspec_unspec_singular_descriptor	nghễnh ngãng
F_D003	ability	auditory	unspec_unspec_singular_descriptor	khiếm thính
F_D004	ability	intellectual_and_developmental	unspec_unspec_singular_descriptor	khó khăn học tập
F_D005	ability	intellectual_and_developmental	unspec_unspec_singular_descriptor	chậm
F_D006	ability	mobility	unspec_unspec_singular_descriptor	què
F_D007	ability	mobility	unspec_unspec_singular_descriptor	liệt hai chi dưới
F_D008	ability	mobility	unspec_unspec_singular_descriptor	tê liệt
F_D009	ability	mobility	unspec_unspec_singular_descriptor	liệt cả tay chân
F_D010	ability	mobility	unspec_unspec_singular_descriptor	phải ngồi xe lăn
F_D011	ability	neurological	unspec_unspec_singular_descriptor	tự kỷ
F_D012	ability	neurological	unspec_unspec_singular_descriptor	chứng khó đọc
F_D013	ability	neurological	unspec_unspec_singular_descriptor	thần kinh không điển hình
F_D014	ability	neurological	unspec_unspec_singular_descriptor	đa dạng thần kinh
F_D015	ability	neurological	unspec_unspec_singular_descriptor	thần kinh điển hình
F_D016	ability	neurological	unspec_unspec_singular_descriptor	thần kinh không điển hình
F_D017	ability	speech	unspec_unspec_singular_descriptor	mất ngôn ngữ
F_D018	ability	speech	unspec_unspec_singular_descriptor	câm
F_D019	ability	speech	unspec_unspec_singular_descriptor	không lời
F_D020	ability	speech	unspec_unspec_singular_descriptor	suy giảm khả năng nói
F_D021	ability	speech	unspec_unspec_singular_descriptor	không nói được
F_D022	ability	visual	unspec_unspec_singular_descriptor	mù
F_D023	ability	visual	unspec_unspec_singular_descriptor	bốn mắt
F_D024	ability	visual	unspec_unspec_singular_descriptor	thị lực kém
F_D025	ability	visual	unspec_unspec_singular_descriptor	suy giảm thị lực
F_D026	ability	visual	unspec_unspec_singular_descriptor	đeo kính
F_D027	ability	other_disabilities	feminine_unspec_singular_descriptor	hiếm muộn
F_D028	ability	unspecific	masculine_unspec_singular_descriptor	khỏe mạnh
F_D029	ability	unspecific	unspec_unspec_singular_descriptor	năng lực khác biệt
F_D030	ability	unspecific	unspec_unspec_singular_descriptor	tàn tật
F_D031	ability	unspecific	unspec_unspec_singular_descriptor	tật nguyền
F_D032	ability	unspecific	unspec_unspec_singular_descriptor	không bị khuyết tật
F_D033	age	puberty	unspec_unspec_singular_descriptor	thanh thiếu niên
F_D034	age	puberty	unspec_unspec_singular_descriptor	tuổi teen
F_D035	age	young	unspec_unspec_singular_descriptor	trẻ/thanh niên
F_D036	age	young	unspec_unspec_singular_descriptor	trẻ hơn
F_D037	age	young	unspec_unspec_singular_descriptor	20 tuổi
F_D038	age	adult	unspec_unspec_singular_descriptor	30 tuổi
F_D039	age	adult	unspec_unspec_singular_descriptor	40 tuổi
F_D040	age	adult	unspec_unspec_singular_descriptor	tuổi 30
F_D041	age	middle_aged	unspec_unspec_singular_descriptor	50 tuổi
F_D042	age	middle_aged	unspec_unspec_singular_descriptor	60 tuổi
F_D043	age	middle_aged	unspec_unspec_singular_descriptor	tuổi 50
F_D044	age	middle_aged	unspec_unspec_singular_descriptor	tuổi 60
F_D045	age	middle_aged	unspec_unspec_singular_descriptor	trung niên
F_D046	age	old	unspec_unspec_singular_descriptor	70 tuổi
F_D047	age	old	unspec_unspec_singular_descriptor	80 tuổi
F_D048	age	old	unspec_unspec_singular_descriptor	85 tuổi
F_D049	age	old	unspec_unspec_singular_descriptor	90 tuổi
F_D050	age	old	unspec_unspec_singular_descriptor	tuổi 70
F_D051	age	old	unspec_unspec_singular_descriptor	tuổi 80
F_D052	age	old	unspec_unspec_singular_descriptor	tuổi 90
F_D053	age	old	unspec_unspec_singular_descriptor	thọ 80 tuổi
F_D054	age	old	unspec_unspec_singular_descriptor	thọ 90 tuổi
F_D055	age	old	unspec_unspec_singular_descriptor	thọ 100 tuổi
F_D056	age	old	unspec_unspec_singular_descriptor	già hơn
F_D057	age	old	unspec_unspec_singular_descriptor	già/người già
F_D058	age	old	unspec_unspec_singular_descriptor	người cao tuổi
F_D059	age	old	unspec_unspec_singular_descriptor	đã nghỉ hưu
F_D060	age	old	unspec_unspec_singular_descriptor	người lớn tuổi
F_D061	age	old	unspec_unspec_singular_descriptor	tâm hồn trẻ trung
F_D062	age	old	unspec_unspec_singular_descriptor	nhanh nhẹn
F_D063	age	old	unspec_unspec_singular_descriptor	lão khoa
F_D064	age	adult	unspec_unspec_singular_descriptor	người lớn
F_D065	body_type	thin	unspec_unspec_singular_descriptor	xương xẩu
F_D066	body_type	thin	unspec_unspec_singular_descriptor	gầy và cao lêu nghêu
F_D067	body_type	thin	unspec_unspec_singular_descriptor	lêu nghêu
F_D068	body_type	thin	unspec_unspec_singular_descriptor	gầy nhom
F_D069	body_type	thin	unspec_unspec_singular_descriptor	mảnh khảnh
F_D070	body_type	thin	unspec_unspec_singular_descriptor	gầy
F_D071	body_type	thin	unspec_unspec_singular_descriptor	thiếu cân/nhẹ cân
F_D072	body_type	fit	unspec_unspec_singular_descriptor	vừa vặn/cân đối
F_D073	body_type	fit	unspec_unspec_singular_descriptor	có dáng đẹp
F_D074	body_type	fit	unspec_unspec_singular_descriptor	cơ bắp
F_D075	body_type	fit	unspec_unspec_singular_descriptor	ngoại hình cân đối
F_D076	body_type	fit	unspec_unspec_singular_descriptor	cơ bắp cuồn cuộn
F_D077	body_type	fit	masculine_unspec_singular_descriptor	cường tráng
F_D078	body_type	fit	unspec_unspec_singular_descriptor	săn chắc
F_D079	body_type	fit	unspec_unspec_singular_descriptor	vạm vỡ/lực lưỡng
F_D080	body_type	fit	unspec_unspec_singular_descriptor	khỏe mạnh
F_D081	body_type	overweight	unspec_unspec_singular_descriptor	mũm mĩm
F_D082	body_type	overweight	unspec_unspec_singular_descriptor	lùn mập
F_D083	body_type	overweight	unspec_unspec_singular_descriptor	béo
F_D084	body_type	overweight	unspec_unspec_singular_descriptor	to chắc nịch
F_D085	body_type	overweight	unspec_unspec_singular_descriptor	nặng hơn
F_D086	body_type	overweight	unspec_unspec_singular_descriptor	thừa cân nhẹ
F_D087	body_type	overweight	unspec_unspec_singular_descriptor	béo phì
F_D088	body_type	overweight	unspec_unspec_singular_descriptor	thừa cân
F_D089	body_type	overweight	unspec_unspec_singular_descriptor	đầy đặn
F_D090	body_type	overweight	unspec_unspec_singular_descriptor	bụng phệ
F_D091	body_type	overweight	unspec_unspec_singular_descriptor	hơi thừa cân
F_D092	body_type	overweight	unspec_unspec_singular_descriptor	phục phịch
F_D093	body_type	overweight	unspec_unspec_singular_descriptor	đồ sộ
F_D094	body_type	attractive	unspec_unspec_singular_descriptor	dễ thương
F_D095	body_type	attractive	unspec_unspec_singular_descriptor	ưa nhìn
F_D096	body_type	attractive	masculine_unspec_singular_descriptor	đẹp trai
F_D097	body_type	attractive	unspec_unspec_singular_descriptor	xinh
F_D098	body_type	unattractive	unspec_unspec_singular_descriptor	xấu xí
F_D099	body_type	unattractive	unspec_unspec_singular_descriptor	gớm guốc
F_D100	body_type	shapes	unspec_unspec_singular_descriptor	ngực thùng
F_D101	body_type	large_stature	unspec_unspec_singular_descriptor	lớn
F_D102	body_type	large_stature	unspec_unspec_singular_descriptor	vạm vỡ
F_D103	body_type	large_stature	unspec_unspec_singular_descriptor	khổng lồ
F_D104	body_type	large_stature	unspec_unspec_singular_descriptor	to lớn
F_D105	body_type	large_stature	unspec_unspec_singular_descriptor	to
F_D106	body_type	large_stature	unspec_unspec_singular_descriptor	vóc người to lớn
F_D107	body_type	large_stature	unspec_unspec_singular_descriptor	đồ sộ
F_D108	body_type	large_stature	unspec_unspec_singular_descriptor	cao
F_D109	body_type	large_stature	unspec_unspec_singular_descriptor	rất cao
F_D110	body_type	large_stature	unspec_unspec_singular_descriptor	cực to lớn
F_D111	body_type	medium_stature	unspec_unspec_singular_descriptor	chiều cao trung bình
F_D112	body_type	medium_stature	unspec_unspec_singular_descriptor	vóc người trung bình
F_D113	body_type	small_stature	unspec_unspec_singular_descriptor	nhỏ hơn
F_D114	body_type	small_stature	unspec_unspec_singular_descriptor	nhỏ
F_D115	body_type	small_stature	unspec_unspec_singular_descriptor	vóc người nhỏ
F_D116	body_type	small_stature	unspec_unspec_singular_descriptor	nhỏ xíu
F_D117	body_type	small_stature	unspec_unspec_singular_descriptor	lùn/thấp
F_D118	body_type	small_stature	unspec_unspec_singular_descriptor	rất lùn
F_D119	body_type	eye_color	unspec_unspec_singular_descriptor	mắt màu xanh dương
F_D120	body_type	eye_color	unspec_unspec_singular_descriptor	mắt màu xám
F_D121	body_type	eye_color	unspec_unspec_singular_descriptor	mắt màu hổ phách
F_D122	body_type	hair	masculine_unspec_singular_descriptor	hói
F_D123	body_type	hair	masculine_unspec_singular_descriptor	hói đầu
F_D124	body_type	hair	masculine_unspec_singular_descriptor	bắt đầu hói
F_D125	body_type	hair	unspec_unspec_singular_descriptor	tóc đen
F_D126	body_type	hair	unspec_unspec_singular_descriptor	tóc nâu sẫm
F_D127	body_type	hair	unspec_unspec_singular_descriptor	tóc xoăn
F_D128	body_type	hair	unspec_unspec_singular_descriptor	tóc sẫm màu
F_D129	body_type	hair	unspec_unspec_singular_descriptor	tóc màu vàng lạnh
F_D130	body_type	hair	unspec_unspec_singular_descriptor	tóc uốn lọn dài
F_D131	body_type	hair	unspec_unspec_singular_descriptor	tóc hung đỏ
F_D132	body_type	hair	unspec_unspec_singular_descriptor	có chòm râu dê
F_D133	body_type	hair	unspec_unspec_singular_descriptor	tóc hoa râm
F_D134	body_type	hair	unspec_unspec_singular_descriptor	bạc tóc
F_D135	body_type	hair	unspec_unspec_singular_descriptor	tóc quăn
F_D136	body_type	hair	unspec_unspec_singular_descriptor	tóc dài
F_D137	body_type	hair	unspec_unspec_singular_descriptor	có ria mép
F_D138	body_type	hair	unspec_unspec_singular_descriptor	buộc tóc đuôi ngựa
F_D139	body_type	hair	unspec_unspec_singular_descriptor	tóc muối tiêu
F_D140	body_type	hair	unspec_unspec_singular_descriptor	luộm thuộm
F_D141	body_type	hair	unspec_unspec_singular_descriptor	tóc bờm xờm
F_D142	body_type	hair	unspec_unspec_singular_descriptor	tóc bạc
F_D143	body_type	hair	masculine_unspec_singular_descriptor	mái tóc nhọn
F_D144	body_type	hair	unspec_unspec_singular_descriptor	tóc trắng
F_D145	body_type	skin_color	unspec_unspec_singular_descriptor	da ngăm đen
F_D146	body_type	body_type_miscellaneous	unspec_unspec_singular_descriptor	đầy mụn
F_D147	body_type	body_type_miscellaneous	unspec_unspec_singular_descriptor	nổi mụn
F_D148	body_type	body_type_miscellaneous	unspec_unspec_singular_descriptor	nặng mùi
F_D149	body_type	body_type_miscellaneous	unspec_unspec_singular_descriptor	bốc mùi
F_D150	body_type	shapes	unspec_unspec_singular_descriptor	thân hình xấu
F_D151	body_type	body_type_miscellaneous	unspec_unspec_singular_descriptor	ăn mặc đẹp
F_D152	body_type	body_type_miscellaneous	unspec_unspec_singular_descriptor	bẩn thỉu
F_D153	body_type	body_type_miscellaneous	unspec_unspec_singular_descriptor	ăn mặc xoàng xĩnh
F_D154	characteristics	addictions	unspec_unspec_singular_descriptor	nghiện
F_D155	characteristics	addictions	unspec_unspec_singular_descriptor	lạm dụng rượu bia
F_D156	characteristics	addictions	unspec_unspec_singular_descriptor	nghiện rượu
F_D157	characteristics	addictions	unspec_unspec_singular_descriptor	lạm dụng ma túy
F_D158	characteristics	addictions	unspec_unspec_singular_descriptor	nghiện ma túy
F_D159	characteristics	addictions	unspec_unspec_singular_descriptor	con nghiện
F_D160	characteristics	addictions	unspec_unspec_singular_descriptor	người nghiện ma túy
F_D161	characteristics	children	unspec_unspec_singular_descriptor	không có con
F_D162	characteristics	domestic_status	unspec_unspec_singular_descriptor	vô gia cư
F_D163	characteristics	domestic_status	unspec_unspec_singular_descriptor	không nhà cửa
F_D164	characteristics	domestic_status	unspec_unspec_singular_descriptor	du cư
F_D165	characteristics	domestic_status	unspec_unspec_singular_descriptor	mồ côi
F_D166	characteristics	domestic_status	unspec_unspec_singular_descriptor	con nuôi
F_D167	characteristics	immigration_status	unspec_unspec_singular_descriptor	ngoại kiều
F_D168	characteristics	immigration_status	unspec_unspec_singular_descriptor	sinh ra ở Mỹ
F_D169	characteristics	immigration_status	unspec_unspec_singular_descriptor	xin tị nạn
F_D170	characteristics	immigration_status	unspec_unspec_singular_descriptor	nước ngoài
F_D171	characteristics	immigration_status	unspec_unspec_singular_descriptor	sinh ra ở nước ngoài
F_D172	characteristics	immigration_status	unspec_unspec_singular_descriptor	nhập cư
F_D173	characteristics	immigration_status	unspec_unspec_singular_descriptor	bản xứ
F_D174	characteristics	immigration_status	unspec_unspec_singular_descriptor	sinh ra ở địa phương
F_D175	characteristics	immigration_status	unspec_unspec_singular_descriptor	nhập tịch
F_D176	characteristics	immigration_status	unspec_unspec_singular_descriptor	không phải người bản xứ
F_D177	characteristics	immigration_status	unspec_unspec_singular_descriptor	người tị nạn
F_D178	characteristics	immigration_status	unspec_unspec_singular_descriptor	không có tư cách công dân
F_D179	characteristics	immigration_status	unspec_unspec_singular_descriptor	không có giấy tờ
F_D180	characteristics	immigration_status	unspec_unspec_singular_descriptor	sinh ra ở Hoa Kỳ
F_D181	characteristics	job_status	unspec_unspec_singular_descriptor	có việc làm
F_D182	characteristics	job_status	unspec_unspec_singular_descriptor	bị tạm thôi việc
F_D183	characteristics	job_status	unspec_unspec_singular_descriptor	có nghề nghiệp
F_D184	characteristics	job_status	unspec_unspec_singular_descriptor	người nội trợ
F_D185	characteristics	job_status	unspec_unspec_singular_descriptor	người thường ở nhà
F_D186	characteristics	job_status	unspec_unspec_singular_descriptor	thiếu việc làm
F_D187	characteristics	job_status	unspec_unspec_singular_descriptor	thất nghiệp
F_D188	characteristics	job_status	unspec_unspec_singular_descriptor	công chức
F_D189	characteristics	job_status	unspec_unspec_singular_descriptor	người nửa thất nghiệp
F_D190	characteristics	job_status	unspec_unspec_singular_descriptor	người làm bán thời gian
F_D191	characteristics	job_status	unspec_unspec_singular_descriptor	nhân viên thời vụ
F_D192	characteristics	job_status	unspec_unspec_singular_descriptor	giàu có độc lập
F_D193	characteristics	marital_status	unspec_unspec_singular_descriptor	đã ly hôn
F_D194	characteristics	marital_status	unspec_unspec_singular_descriptor	đã kết hôn
F_D195	characteristics	marital_status	unspec_unspec_singular_descriptor	đã ly thân
F_D196	characteristics	marital_status	unspec_unspec_singular_descriptor	độc thân
F_D197	characteristics	marital_status	unspec_unspec_singular_descriptor	không ràng buộc
F_D198	characteristics	marital_status	unspec_unspec_singular_descriptor	đã hứa hôn
F_D199	characteristics	marital_status	unspec_unspec_singular_descriptor	đã đính hôn
F_D200	characteristics	marital_status	unspec_unspec_singular_descriptor	chưa kết hôn
F_D201	characteristics	marital_status	unspec_unspec_singular_descriptor	góa
F_D202	characteristics	marital_status	unspec_unspec_singular_descriptor	đã có bạn đời
F_D203	characteristics	marital_status	unspec_unspec_singular_descriptor	chưa có người yêu
F_D204	characteristics	lifestyle	unspec_unspec_singular_descriptor	thích vận động
F_D205	characteristics	lifestyle	unspec_unspec_singular_descriptor	năng động
F_D206	characteristics	lifestyle	unspec_unspec_singular_descriptor	ít vận động
F_D207	characteristics	literacy	unspec_unspec_singular_descriptor	người hay chữ
F_D208	characteristics	literacy	unspec_unspec_singular_descriptor	người mù chữ
F_D209	cultural	generations	unspec_unspec_singular_descriptor	Thế hệ vĩ đại nhất
F_D210	cultural	generations	unspec_unspec_singular_descriptor	Thế hệ thời bùng nổ dân số
F_D211	cultural	generations	unspec_unspec_singular_descriptor	Thế hệ bùng nổ dân số
F_D212	cultural	generations	unspec_unspec_singular_descriptor	Thế hệ X
F_D213	cultural	generations	unspec_unspec_singular_descriptor	Thế hệ Y
F_D214	cultural	generations	unspec_unspec_singular_descriptor	Thế hệ Z
F_D215	cultural	generations	unspec_unspec_singular_descriptor	Thế hệ Z/Gen Z
F_D216	cultural	cultural_descriptors	unspec_unspec_singular_descriptor	bougie/boujee
F_D217	cultural	cultural_descriptors	unspec_unspec_singular_descriptor	hillbilly
F_D218	cultural	cultural_descriptors	unspec_unspec_singular_descriptor	hippie
F_D219	cultural	cultural_descriptors	unspec_unspec_singular_descriptor	hipster
F_D220	cultural	cultural_descriptors	unspec_unspec_singular_descriptor	yuppie
F_D221	cultural	cultural_descriptors	unspec_unspec_singular_descriptor	có hoàn cảnh khó khăn
F_D222	cultural	cultural_descriptors	unspec_unspec_singular_descriptor	có nguy cơ
F_D223	cultural	cultural_descriptors	unspec_unspec_singular_descriptor	bị gạt ra ngoài lề xã hội
F_D224	cultural	cultural_descriptors	unspec_unspec_singular_descriptor	có đặc quyền
F_D225	cultural	cultural_descriptors	unspec_unspec_singular_descriptor	ưu tú
F_D226	cultural	cultural_descriptors	unspec_unspec_singular_descriptor	được quyền
F_D227	cultural	cultural_descriptors	unspec_unspec_singular_descriptor	có hội chứng NIMBY
F_D228	cultural	cultural_descriptors	unspec_unspec_singular_descriptor	đô thị
F_D229	cultural	cultural_descriptors	unspec_unspec_singular_descriptor	nông thôn
F_D230	cultural	cultural_descriptors	unspec_unspec_singular_descriptor	đồng quê
F_D231	cultural	cultural_descriptors	unspec_unspec_singular_descriptor	ủng hộ tiêm vắc-xin
F_D232	cultural	cultural_descriptors	unspec_unspec_singular_descriptor	chống vắc-xin
F_D233	cultural	cultural_descriptors	unspec_unspec_singular_descriptor	chần chừ với vắc-xin
F_D234	gender_and_sex	binary	masculine_unspec_singular_descriptor	nam
F_D235	gender_and_sex	binary	unspec_unspec_singular_descriptor	thể hiện hợp giới
F_D236	gender_and_sex	cisgender	unspec_unspec_singular_descriptor	người hợp giới (cis)
F_D237	gender_and_sex	cisgender	unspec_unspec_singular_descriptor	người hợp giới
F_D238	gender_and_sex	descriptors	unspec_unspec_singular_descriptor	có giới tính nữ khi sinh (AFAB)
F_D239	gender_and_sex	descriptors	unspec_unspec_singular_descriptor	có giới tính nam khi sinh (AMAB)
F_D240	gender_and_sex	descriptors	unspec_unspec_singular_descriptor	lưỡng tính
F_D241	gender_and_sex	descriptors	feminine_unspec_singular_descriptor	như đàn ông
F_D242	gender_and_sex	descriptors	masculine_unspec_singular_descriptor	như đàn bà
F_D243	gender_and_sex	descriptors	masculine_unspec_singular_descriptor	đồng tính nam
F_D244	gender_and_sex	descriptors	masculine_unspec_singular_descriptor	đàn ông
F_D245	gender_and_sex	z	unspec_unspec_singular_descriptor	vô giới
F_D246	gender_and_sex	non_binary_or_gnc	unspec_unspec_singular_descriptor	ái nam ái nữ
F_D247	gender_and_sex	non_binary_or_gnc	unspec_unspec_singular_descriptor	song giới
F_D248	gender_and_sex	non_binary_or_gnc	feminine_unspec_singular_descriptor	giống đàn ông
F_D249	gender_and_sex	non_binary_or_gnc	unspec_unspec_singular_descriptor	á nam
F_D250	gender_and_sex	non_binary_or_gnc	unspec_unspec_singular_descriptor	á giới
F_D251	gender_and_sex	non_binary_or_gnc	unspec_unspec_singular_descriptor	á nữ
F_D252	gender_and_sex	non_binary_or_gnc	unspec_unspec_singular_descriptor	phi nhị giới (enby)
F_D253	gender_and_sex	non_binary_or_gnc	unspec_unspec_singular_descriptor	biểu hiện tính nữ
F_D254	gender_and_sex	non_binary_or_gnc	unspec_unspec_singular_descriptor	trung lập về giới tính
F_D255	gender_and_sex	non_binary_or_gnc	unspec_unspec_singular_descriptor	thể hiện không hợp giới
F_D256	gender_and_sex	non_binary_or_gnc	unspec_unspec_singular_descriptor	giới tính linh hoạt
F_D257	gender_and_sex	non_binary_or_gnc	unspec_unspec_singular_descriptor	phi giới
F_D258	gender_and_sex	non_binary_or_gnc	unspec_unspec_singular_descriptor	đa dạng giới
F_D259	gender_and_sex	non_binary_or_gnc	unspec_unspec_singular_descriptor	biểu hiện tính nam
F_D260	gender_and_sex	non_binary_or_gnc	unspec_unspec_singular_descriptor	giới tính trung lập
F_D261	gender_and_sex	non_binary_or_gnc	feminine_unspec_singular_descriptor	giống nam
F_D262	gender_and_sex	non_binary_or_gnc	unspec_unspec_singular_descriptor	giới tính thứ ba
F_D263	gender_and_sex	non_binary_or_gnc	unspec_unspec_singular_descriptor	hai tâm hồn
F_D264	gender_and_sex	queer	unspec_unspec_singular_descriptor	LGBT
F_D265	gender_and_sex	queer	unspec_unspec_singular_descriptor	LGBTQ
F_D266	gender_and_sex	queer	unspec_unspec_singular_descriptor	LGBTQ+
F_D267	gender_and_sex	queer	unspec_unspec_singular_descriptor	queer
F_D268	gender_and_sex	sex	unspec_unspec_singular_descriptor	liên giới tính
F_D269	gender_and_sex	sex	unspec_unspec_singular_descriptor	giới tính bẩm sinh
F_D270	gender_and_sex	sex	unspec_unspec_singular_descriptor	chuyển đổi giới tính
F_D271	gender_and_sex	transgender	feminine_unspec_singular_descriptor	chuyển giới nữ thành nam (FTM)
F_D272	gender_and_sex	transgender	unspec_unspec_singular_descriptor	chuyển giới
F_D273	gender_and_sex	transgender	masculine_unspec_singular_descriptor	chuyển giới nữ
F_D274	gender_and_sex	transgender	masculine_unspec_singular_descriptor	chuyển giới nữ
F_D275	gender_and_sex	transgender	feminine_unspec_singular_descriptor	chuyển giới nam
F_D276	gender_and_sex	transgender	feminine_unspec_singular_descriptor	chuyển giới nam tính
F_D277	nationality	china	unspec_unspec_singular_descriptor	người Trung Quốc
F_D278	nationality	china	unspec_unspec_singular_descriptor	người Mỹ gốc Hoa
F_D279	nationality	china	unspec_unspec_singular_descriptor	người gốc Hoa sinh ra ở Mỹ
F_D280	nationality	cuba	unspec_unspec_singular_descriptor	người Cuba
F_D281	nationality	cuba	unspec_unspec_singular_descriptor	người Mỹ gốc Cuba
F_D282	nationality	dominican_republic	unspec_unspec_singular_descriptor	người Dominica
F_D283	nationality	dominican_republic	unspec_unspec_singular_descriptor	người Mỹ gốc Dominica
F_D284	nationality	el_salvador	unspec_unspec_singular_descriptor	người Salvador
F_D285	nationality	el_salvador	unspec_unspec_singular_descriptor	người Mỹ gốc Salvador
F_D286	nationality	guatemala	unspec_unspec_singular_descriptor	người Guatemala
F_D287	nationality	guatemala	unspec_unspec_singular_descriptor	người Mỹ gốc Guatemala
F_D288	nationality	india	unspec_unspec_singular_descriptor	người Ấn Độ
F_D289	nationality	mexico	unspec_unspec_singular_descriptor	người Mexico
F_D290	nationality	mexico	unspec_unspec_singular_descriptor	người Mỹ gốc Mexico
F_D291	nationality	mexico	unspec_unspec_singular_descriptor	người Chicano
F_D292	nationality	philippines	feminine_unspec_singular_descriptor	phụ nữ Mỹ gốc Philippines
F_D293	nationality	philippines	unspec_unspec_singular_descriptor	người Philippines
F_D294	nationality	philippines	unspec_unspec_singular_descriptor	người Mỹ gốc Philippines
F_D295	nationality	south_korea	unspec_unspec_singular_descriptor	người Hàn Quốc
F_D296	nationality	united_states	unspec_unspec_singular_descriptor	người Mỹ
F_D297	nationality	vietnam	unspec_unspec_singular_descriptor	người Mỹ gốc Việt
F_D298	political_ideologies	political_ideologies	unspec_unspec_singular_descriptor	tự do
F_D299	political_ideologies	political_ideologies	unspec_unspec_singular_descriptor	bảo thủ
F_D300	political_ideologies	political_ideologies	unspec_unspec_singular_descriptor	theo chế độ dân chủ
F_D301	political_ideologies	political_ideologies	unspec_unspec_singular_descriptor	người ủng hộ chế độ cộng hòa
F_D302	political_ideologies	political_ideologies	unspec_unspec_singular_descriptor	phái tả
F_D303	political_ideologies	political_ideologies	unspec_unspec_singular_descriptor	phái hữu
F_D304	political_ideologies	political_ideologies	unspec_unspec_singular_descriptor	cánh tả
F_D305	political_ideologies	political_ideologies	unspec_unspec_singular_descriptor	tự do xã hội
F_D306	political_ideologies	political_ideologies	unspec_unspec_singular_descriptor	bảo thủ về tài chính
F_D307	political_ideologies	political_ideologies	unspec_unspec_singular_descriptor	theo chủ nghĩa xã hội dân chủ
F_D308	political_ideologies	political_ideologies	unspec_unspec_singular_descriptor	người chủ trương ôn hòa
F_D309	political_ideologies	political_ideologies	unspec_unspec_singular_descriptor	độc lập
F_D310	political_ideologies	political_ideologies	unspec_unspec_singular_descriptor	phái ôn hòa
F_D311	political_ideologies	political_ideologies	unspec_unspec_singular_descriptor	cấp tiến
F_D312	political_ideologies	political_ideologies	unspec_unspec_singular_descriptor	kích tiến
F_D313	political_ideologies	political_ideologies	unspec_unspec_singular_descriptor	phi chính trị
F_D314	political_ideologies	political_ideologies	unspec_unspec_singular_descriptor	cực đoan
F_D315	race_ethnicity	alaska_native	unspec_unspec_singular_descriptor	Thổ dân Alaska
F_D316	race_ethnicity	asian	unspec_unspec_singular_descriptor	người châu Á
F_D317	race_ethnicity	asian	unspec_unspec_singular_descriptor	người Đông Á
F_D318	race_ethnicity	asian	unspec_unspec_singular_descriptor	người Nam Á
F_D319	race_ethnicity	asian	unspec_unspec_singular_descriptor	người Đông Nam Á
F_D320	race_ethnicity	black	unspec_unspec_singular_descriptor	người châu Phi
F_D321	race_ethnicity	black	unspec_unspec_singular_descriptor	người Da đen
F_D322	race_ethnicity	latinx	unspec_unspec_singular_descriptor	người Tây Ban Nha
F_D323	race_ethnicity	latinx	unspec_unspec_singular_descriptor	người Latinh
F_D324	race_ethnicity	latinx	unspec_unspec_singular_descriptor	người Mỹ Latinh
F_D325	race_ethnicity	indigenous	unspec_unspec_singular_descriptor	Thổ dân
F_D326	race_ethnicity	indigenous	unspec_unspec_singular_descriptor	người bản địa
F_D327	race_ethnicity	indigenous	unspec_unspec_singular_descriptor	người Mỹ bản địa
F_D328	race_ethnicity	indigenous	unspec_unspec_singular_descriptor	người Mỹ da đỏ
F_D329	race_ethnicity	native_hawaiian	unspec_unspec_singular_descriptor	người Hawaii bản địa
F_D330	race_ethnicity	pacific_islander	unspec_unspec_singular_descriptor	người dân đảo Thái Bình Dương
F_D331	race_ethnicity	European	unspec_unspec_singular_descriptor	người châu Âu
F_D332	race_ethnicity	European	unspec_unspec_singular_descriptor	người Mỹ gốc Âu
F_D333	race_ethnicity	Middle Eastern	unspec_unspec_singular_descriptor	người Trung Đông
F_D334	race_ethnicity	European	unspec_unspec_singular_descriptor	người da trắng
F_D335	race_ethnicity	European	unspec_unspec_singular_descriptor	người Đại chủng Âu
F_D336	race_ethnicity	Middle Eastern	unspec_unspec_singular_descriptor	người Ả Rập
F_D337	race_ethnicity	combined	unspec_unspec_singular_descriptor	người Da đen, Bản địa và Da màu (BIPOC)
F_D338	religion	religion	unspec_unspec_singular_descriptor	người Amish
F_D339	religion	religion	unspec_unspec_singular_descriptor	người Do Thái Ashkenazi
F_D340	religion	religion	unspec_unspec_singular_descriptor	người vô thần
F_D341	religion	religion	unspec_unspec_singular_descriptor	Bahá'í
F_D342	religion	religion	unspec_unspec_singular_descriptor	tái sinh
F_D343	religion	religion	unspec_unspec_singular_descriptor	tín đồ đạo Phật
F_D344	religion	religion	unspec_unspec_singular_descriptor	Công giáo
F_D345	religion	religion	unspec_unspec_singular_descriptor	tín đồ Thiên đạo giáo
F_D346	religion	religion	unspec_unspec_singular_descriptor	theo đạo Cơ Đốc
F_D347	religion	religion	unspec_unspec_singular_descriptor	theo đạo Khổng
F_D348	religion	religion	unspec_unspec_singular_descriptor	Do Thái giáo bảo thủ
F_D349	religion	religion	unspec_unspec_singular_descriptor	Druze
F_D350	religion	religion	unspec_unspec_singular_descriptor	Tin Lành
F_D351	religion	religion	unspec_unspec_singular_descriptor	Hasidic
F_D352	religion	religion	unspec_unspec_singular_descriptor	đạo Hindu
F_D353	religion	religion	unspec_unspec_singular_descriptor	không tín ngưỡng
F_D354	religion	religion	unspec_unspec_singular_descriptor	Jain
F_D355	religion	religion	unspec_unspec_singular_descriptor	Chứng nhân Giê-hô-va
F_D356	religion	religion	unspec_unspec_singular_descriptor	Do Thái giáo
F_D357	religion	religion	unspec_unspec_singular_descriptor	theo giáo phái Luther
F_D358	religion	religion	unspec_unspec_singular_descriptor	theo hội Giám lý
F_D359	religion	religion	unspec_unspec_singular_descriptor	Mặc Môn
F_D360	religion	religion	unspec_unspec_singular_descriptor	Hồi giáo
F_D361	religion	religion	unspec_unspec_singular_descriptor	Do Thái giáo chính thống
F_D362	religion	religion	unspec_unspec_singular_descriptor	ngoại giáo
F_D363	religion	religion	unspec_unspec_singular_descriptor	Kháng cách
F_D364	religion	religion	unspec_unspec_singular_descriptor	Rastafari
F_D365	religion	religion	unspec_unspec_singular_descriptor	tín đồ Rastafari
F_D366	religion	religion	unspec_unspec_singular_descriptor	Do Thái giáo Cải cách
F_D367	religion	religion	unspec_unspec_singular_descriptor	mộ đạo
F_D368	religion	religion	unspec_unspec_singular_descriptor	Công giáo La Mã
F_D369	religion	religion	unspec_unspec_singular_descriptor	thế tục
F_D370	religion	religion	unspec_unspec_singular_descriptor	theo đạo Satan
F_D371	religion	religion	unspec_unspec_singular_descriptor	tín đồ Khoa luận giáo
F_D372	religion	religion	unspec_unspec_singular_descriptor	người Do Thái Sephardic
F_D373	religion	religion	unspec_unspec_singular_descriptor	tín đồ Cơ đốc Phục lâm An thất Nhật
F_D374	religion	religion	unspec_unspec_singular_descriptor	theo đạo Thần
F_D375	religion	religion	unspec_unspec_singular_descriptor	theo đạo Sikh
F_D376	religion	religion	unspec_unspec_singular_descriptor	duy linh
F_D377	religion	religion	unspec_unspec_singular_descriptor	theo thuyết Duy linh
F_D378	religion	religion	unspec_unspec_singular_descriptor	Sunni
F_D379	religion	religion	unspec_unspec_singular_descriptor	theo đạo Lão
F_D380	religion	religion	unspec_unspec_singular_descriptor	theo đạo Wicca
F_D381	religion	religion	unspec_unspec_singular_descriptor	theo thuyết Nhất thể
F_D382	religion	religion	unspec_unspec_singular_descriptor	tín đồ Hỏa giáo
F_D383	sexual_orientation	asexual_or_aromantic	unspec_unspec_singular_descriptor	vô tính
F_D384	sexual_orientation	asexual_or_aromantic	unspec_unspec_singular_descriptor	vô ái
F_D385	sexual_orientation	bi	unspec_unspec_singular_descriptor	song tính (bi)
F_D386	sexual_orientation	bi	unspec_unspec_singular_descriptor	song tính
F_D387	sexual_orientation	demisexual	unspec_unspec_singular_descriptor	bán vô tính
F_D388	sexual_orientation	gay	masculine_unspec_singular_descriptor	đồng tính nam
F_D389	sexual_orientation	gay	unspec_unspec_singular_descriptor	đồng tính luyến ái
F_D390	sexual_orientation	pansexual	unspec_unspec_singular_descriptor	toàn tính
F_D391	sexual_orientation	pansexual	unspec_unspec_singular_descriptor	toàn tính luyến ái
F_D392	sexual_orientation	polyamorous	unspec_unspec_singular_descriptor	đa ái
F_D393	sexual_orientation	polyamorous	unspec_unspec_singular_descriptor	đa ái
F_D394	sexual_orientation	straight	unspec_unspec_singular_descriptor	thẳng
F_D395	sexual_orientation	straight	unspec_unspec_singular_descriptor	dị tính
F_D396	sexual_orientation	straight	unspec_unspec_singular_descriptor	dị tính
F_D397	socioeconomic_class	upper_class	unspec_unspec_singular_descriptor	có tiền bạc
F_D398	socioeconomic_class	upper_class	unspec_unspec_singular_descriptor	khá giả về tài chính
F_D399	socioeconomic_class	upper_class	unspec_unspec_singular_descriptor	có giá trị tài sản ròng cao
F_D400	socioeconomic_class	upper_class	unspec_unspec_singular_descriptor	có tiền
F_D401	socioeconomic_class	upper_class	unspec_unspec_singular_descriptor	giàu
F_D402	socioeconomic_class	upper_class	unspec_unspec_singular_descriptor	1% giàu nhất
F_D403	socioeconomic_class	upper_class	unspec_unspec_singular_descriptor	giàu có
F_D404	socioeconomic_class	upper_class	unspec_unspec_singular_descriptor	sung túc
F_D405	socioeconomic_class	upper_class	unspec_unspec_singular_descriptor	khá giả
F_D406	socioeconomic_class	middle_class	unspec_unspec_singular_descriptor	tầng lớp trung lưu
F_D407	socioeconomic_class	working_class	unspec_unspec_singular_descriptor	tầng lớp lao động
F_D408	socioeconomic_class	below_poverty_line	unspec_unspec_singular_descriptor	nghèo
F_D409	socioeconomic_class	below_poverty_line	unspec_unspec_singular_descriptor	phá sản
F_D410	socioeconomic_class	educational_attainment	unspec_unspec_singular_descriptor	bỏ học trung học
F_D411	socioeconomic_class	educational_attainment	unspec_unspec_singular_descriptor	tốt nghiệp cao đẳng/đại học
