{
"feminine": [
{"singular":"امرأة", "plural":"نساء"},
{"plural":"نسوة"},
{"singular":"سيدة", "plural":"سيدات"},
{"singular":"فتاة", "plural":"فتيات"},
{"singular":"صَبِيّة", "plural":"صَبِيّات"},
{"singular":"الأم", "plural":"الأمهات"},
{"singular":"الوالدة", "plural":"الوالدات"},
{"singular":"أم", "plural":"أمهات"},
{"singular":"والدة", "plural":"والدات"},
{"singular":"بنت", "plural":"بنات"},
{"singular":"ابنة"},
{"singular":"زوجة", "plural":"زوجات"},
{"singular":"جدة", "plural":"جدات"},
{"singular":"أخت", "plural":"أخوات"},
{"singular":"شقيقة", "plural":"شقيقات"},
{"plural":"شقائق"}
],
"masculine": [
{"singular":"رجل", "plural":"رجال"},
{"singular":"أخ", "plural":"أخوة"},
{"singular":"شقيق", "plural":"أشقاء"},
{"singular":"شاب", "plural":"شباب"},
{"singular":"ولد ", "plural":"أولاد"},
{"singular":"فتى", "plural":"فتية"},
{"singular":"صبي", "plural":"صبيان"},
{"singular":"أب", "plural":"آباء"},
{"singular":"والد"},
{"singular":"ابن", "plural":"أبناء"},
{"singular":"زوج", "plural":"أزواج"},
{"singular":"جد", "plural":"أجداد"},
{"singular":"الجد", "plural":"الأجداد"},
{"singular":"شقيق", "plural":"الجدود"}
],
"unspecified": [
{"singular":"فردي", "plural":"أفراد"},
{"singular":"شخص", "plural":"أشخاص"},
{"singular":"صغير", "plural":"صغار"},
{"singular":"طفل", "plural":"أطفال"},
{"singular":"أبوان", "plural":"آباء"},
{"singular":"أبوين", "plural":"والدان"},
{"plural":"والدين"},
{"singular":"ابن"},
{"singular":"ابنه"},
{"singular":"زوج", "plural":"أزواج"},
{"singular":"الجد", "plural":"الأجداد"},
{"plural":"الجدود"},
{"singular":"أخ أو أخت", "plural":"أخوة أو أخوات"},
{"singular":"شقيق أو شقيقة", "plural":"أخوان أو أخوات"},
{"plural":"أشقّاء"},
{"singular":"محارب قديم", "plural":"محاربون قدامى"},
{"plural":"محاربين قدامى"}
]
}
