{
"feminine": [
{"singular":"মহিলা", "plural":"মহিলাসকল"},
{"singular":"নাৰী", "plural":"নাৰীসকল"},
{"plural":"মহিলাবোৰ"},
{"plural":"নাৰীবোৰ"},
{"singular":"ছোৱালী", "plural":"ছোৱালীহঁত"},
{"singular":"বালিকা", "plural":"বালিকাসকল"},
{"singular":"বালিকা", "plural":"ছোৱালীবোৰ"},
{"singular":"মা", "plural":"মা"},
{"singular":"মাতৃ", "plural":"মাতৃসকল"},
{"singular":"মাক", "plural":"মাক"},
{"plural":"মাকবোৰ"},
{"singular":"জীয়েক", "plural":"জীয়েকহঁত"},
{"singular":"পুত্ৰী", "plural":"পুত্ৰীসকল"},
{"plural":"জীয়েকবোৰ"},
{"singular":"পত্নী", "plural":"পত্নীসকল"},
{"singular":"স্ত্ৰী", "plural":"স্ত্ৰীসকল"},
{"singular":"ঘৈণী", "plural":"ঘৈণীসকল"},
{"singular":"ভাৰ্য্যা", "plural":"ভাৰ্য্যা"},
{"plural":"পত্নীবোৰ"},
{"plural":"স্ত্ৰীবোৰ"},
{"singular":"আইতা", "plural":"আইতাসকল"},
{"singular":"এনাই", "plural":"এনাইসকল"},
{"singular":"এনাইদেউ"},
{"singular":"ভনী", "plural":"ভনীহঁত"},
{"singular":"ভগ্নী", "plural":"ভগ্নীহঁত"},
{"singular":"ভণ্টী", "plural":"ভণ্টী"},
{"singular":"বাইদেউ", "plural":"বাইদেউসকল"}
],
"masculine": [
{"singular":"মানুহ", "plural":"মানুহবোৰ"},
{"singular":"পুৰুষ", "plural":"পুৰুষসকল"},
{"singular":"মানৱ", "plural":"মানৱ"},
{"singular":"ভাই", "plural":"ভাইহঁত"},
{"singular":"ভাতৃ", "plural":"ভাতৃসকল"},
{"plural":"ভাইবোৰ"},
{"singular":"ল'ৰা", "plural":"ল'ৰাহঁত"},
{"singular":"যুৱক", "plural":"যুৱকসকল"},
{"plural":"ল'ৰাবোৰ"},
{"singular":"বালক", "plural":"বালকসকল"},
{"singular":"পিতা", "plural":"পিতাসকল"},
{"singular":"পিতৃ", "plural":"পিতৃসকল"},
{"singular":"দেউতা", "plural":"দেউতা"},
{"singular":"পুতেক", "plural":"পুতেকহঁত"},
{"singular":"পুত্ৰ", "plural":"পুত্ৰসকল"},
{"singular":"পতি", "plural":"পতিসকল"},
{"singular":"স্বামী", "plural":"স্বামীসকল"},
{"singular":"ককা", "plural":"ককা"},
{"singular":"পুথাও", "plural":"পুথাওসকল"}
],
"unspecified": [
{"singular":"ব্যক্তি", "plural":"ব্যক্তিসকল"},
{"singular":"ব্যক্তিগত", "plural":"ব্যক্তিগত"},
{"singular":"লোক", "plural":"লোকসকল"},
{"singular":"শিশু", "plural":"শিশুসকল"},
{"singular":"পিতৃ-মাতৃ", "plural":"পিতৃ-মাতৃ"},
{"singular":"অভিভাৱক", "plural":"অভিভাৱকসকল"},
{"singular":"সন্তান", "plural":"সন্তানহঁত"},
{"singular":"পতি-পত্নী", "plural":"পতি-পত্বী"},
{"singular":"স্বামী-স্ত্ৰী", "plural":"স্বামী-স্ত্ৰী"},
{"singular":"ককা-আইতা", "plural":"ককা-আইতা"},
{"plural":"ককা-আইতাসকল"},
{"singular":"সহোদৰ", "plural":"সহোদৰসকল"},
{"singular":"ভাই-ভনী", "plural":"ভাই-ভনী"},
{"plural":"ভাই-ভনীবোৰ"},
{"singular":"প্ৰবীণ", "plural":"প্ৰবীণসকল"},
{"singular":"জেষ্ঠজন", "plural":"জেষ্ঠসকল"}
]
}
