{
"feminine": [
{"singular":"жанчына", "plural":"жанчыны"},
{"singular":"жанчыны", "plural":"жанчын"},
{"singular":"жанчыне", "plural":"жанчынам"},
{"singular":"жанчыну", "plural":"жанчын"},
{"singular":"жанчынай", "plural":"жанчынамі"},
{"singular":"жанчыне", "plural":"жанчынах"},
{"singular":"жанчынаю"},
{"singular":"кабета", "plural":"кабеты"},
{"singular":"кабеты", "plural":"кабет"},
{"singular":"кабеце", "plural":"кабетам"},
{"singular":"кабету", "plural":"кабет"},
{"singular":"кабетай", "plural":"кабетамі"},
{"singular":"кабеце", "plural":"кабетах"},
{"singular":"кабетаю"},
{"singular":"лэдзі", "plural":"лэдзі"},
{"singular":"дама", "plural":"дамы"},
{"singular":"дамы", "plural":"дам"},
{"singular":"даме", "plural":"дамам"},
{"singular":"даму", "plural":"дам"},
{"singular":"дамай", "plural":"дамамі"},
{"singular":"даме", "plural":"дамах"},
{"singular":"дамаю"},
{"singular":"пані", "plural":"пані"},
{"singular":"спадарыня", "plural":"спадарыні"},
{"singular":"спадарыні", "plural":"спадарынь"},
{"singular":"спадарыні", "plural":"спадарыням"},
{"singular":"спадарыню", "plural":"спадарынь"},
{"singular":"спадарыняй", "plural":"спадарынямі"},
{"singular":"спадарыні", "plural":"спадарынях"},
{"singular":"спадарыняю"},
{"singular":"гаспадыня", "plural":"гаспадыні"},
{"singular":"гаспадыні", "plural":"гаспадынь"},
{"singular":"гаспадыні", "plural":"гаспадыням"},
{"singular":"гаспадыню", "plural":"гаспадынь"},
{"singular":"гаспадыняй", "plural":"гаспадынямі"},
{"singular":"гаспадыні", "plural":"гаспадынях"},
{"singular":"гаспадыняю"},
{"singular":"дзяўчына", "plural":"дзяўчаты"},
{"singular":"дзяўчыны", "plural":"дзяўчат"},
{"singular":"дзяўчыне", "plural":"дзяўчатам"},
{"singular":"дзяўчыну", "plural":"дзяўчат"},
{"singular":"дзяўчынай", "plural":"дзяўчатамі"},
{"singular":"дзяўчыне", "plural":"дзяўчатах"},
{"singular":"дзяўчынаю"},
{"singular":"дзяўчынка", "plural":"дзяўчынкі"},
{"singular":"дзяўчынкі", "plural":"дзяўчынак"},
{"singular":"дзяўчынцы", "plural":"дзяўчынкам"},
{"singular":"дзяўчынку", "plural":"дзяўчынак"},
{"singular":"дзяўчынкай", "plural":"дзяўчынкамі"},
{"singular":"дзяўчынцы", "plural":"дзяўчынках"},
{"singular":"дзяўчынкаю"},
{"singular":"дзяўчо", "plural":"дзяўчаты"},
{"singular":"дзяўчаці", "plural":"дзяўчат"},
{"singular":"дзяўчаці", "plural":"дзяўчатам"},
{"singular":"дзяўчо", "plural":"дзяўчат"},
{"singular":"дзяўчом", "plural":"дзяўчатамі"},
{"singular":"дзяўчаці", "plural":"дзяўчатах"},
{"singular":"служанка", "plural":"служанкі"},
{"singular":"служанкі", "plural":"служанак"},
{"singular":"служанцы", "plural":"служанкам"},
{"singular":"служанку", "plural":"служанак"},
{"singular":"служанкай", "plural":"служанкамі"},
{"singular":"служанцы", "plural":"служанках"},
{"singular":"служанкаю"},
{"singular":"маці", "plural":"маці"},
{"singular":"мама", "plural":"мамы"},
{"singular":"мамы", "plural":"мам"},
{"singular":"маме", "plural":"мамам"},
{"singular":"маму", "plural":"мам"},
{"singular":"мамай", "plural":"мамамі"},
{"singular":"маме", "plural":"мамах"},
{"singular":"мамаю"},
{"singular":"матка", "plural":"маткі"},
{"singular":"маткі", "plural":"матак"},
{"singular":"матцы", "plural":"маткам"},
{"singular":"матку", "plural":"матак"},
{"singular":"маткай", "plural":"маткамі"},
{"singular":"матцы", "plural":"матках"},
{"singular":"маткаю"},
{"singular":"мамачка", "plural":"мамачкі"},
{"singular":"мамачкі", "plural":"мамачак"},
{"singular":"мамачцы", "plural":"мамачкам"},
{"singular":"мамачку", "plural":"мамачак"},
{"singular":"мамачкай", "plural":"мамачкамі"},
{"singular":"мамачцы", "plural":"мамачках"},
{"singular":"мамачкаю"},
{"singular":"мамуля", "plural":"мамулі"},
{"singular":"мамулі", "plural":"мамуль"},
{"singular":"мамулі", "plural":"мамулям"},
{"singular":"мамулю", "plural":"мамуль"},
{"singular":"мамуляй", "plural":"мамулямі"},
{"singular":"мамулі", "plural":"мамулях"},
{"singular":"мамуляю"},
{"singular":"матуля", "plural":"матулі"},
{"singular":"матулі", "plural":"матуль"},
{"singular":"матулі", "plural":"матулям"},
{"singular":"матулю", "plural":"матуль"},
{"singular":"матуляй", "plural":"матулямі"},
{"singular":"матулі", "plural":"матулях"},
{"singular":"матуляю"},
{"singular":"матуся", "plural":"матусі"},
{"singular":"матусі", "plural":"матусь"},
{"singular":"матусі", "plural":"матусям"},
{"singular":"матусю", "plural":"матусь"},
{"singular":"матусяй", "plural":"матусямі"},
{"singular":"матусі", "plural":"матусях"},
{"singular":"матусяю"},
{"singular":"матухна", "plural":"матухны"},
{"singular":"матухны", "plural":"матухны"},
{"singular":"матухне", "plural":"матухнам"},
{"singular":"матухну", "plural":"матухнаў"},
{"singular":"матухнай", "plural":"матухнамі"},
{"plural":"матухнах"},
{"singular":"матухнаю"},
{"singular":"дачка", "plural":"дочкі"},
{"singular":"дачкі", "plural":"дачок"},
{"singular":"дачцэ", "plural":"дочкам"},
{"singular":"дачку", "plural":"дачок"},
{"singular":"дачкой", "plural":"дочкамі"},
{"singular":"дачцэ", "plural":"дочках"},
{"singular":"дачкою"},
{"singular":"жонка", "plural":"жонкі"},
{"singular":"жонкі", "plural":"жонак"},
{"singular":"жонцы", "plural":"жонкам"},
{"singular":"жонку", "plural":"жонак"},
{"singular":"жонкай", "plural":"жонкамі"},
{"singular":"жонцы", "plural":"жонках"},
{"singular":"жонкаю"},
{"singular":"бабка", "plural":"бабкі"},
{"singular":"бабкі", "plural":"бабак"},
{"singular":"бабцы", "plural":"бабкам"},
{"singular":"бабку", "plural":"бабак"},
{"singular":"бабкай", "plural":"бабкамі"},
{"singular":"бабцы", "plural":"бабках"},
{"singular":"бабкаю"},
{"singular":"бабуля", "plural":"бабулі"},
{"singular":"бабулі", "plural":"бабуль"},
{"singular":"бабулі", "plural":"бабулям"},
{"singular":"бабулю", "plural":"бабуль"},
{"singular":"бабуляй", "plural":"бабулямі"},
{"singular":"бабулі", "plural":"бабулях"},
{"singular":"бабуляю"},
{"singular":"сястра", "plural":"сёстры"},
{"singular":"сястры", "plural":"сясцёр"},
{"singular":"сястры", "plural":"сёстрам"},
{"singular":"сястру", "plural":"сясцёр"},
{"singular":"сястрой", "plural":"сёстрамі"},
{"singular":"сястры", "plural":"сёстрах"},
{"plural":"сёстраў"},
{"singular":"сястрою"},
{"singular":"манашка", "plural":"манашкі"},
{"singular":"манашкі", "plural":"манашак"},
{"singular":"манашцы", "plural":"манашкам"},
{"singular":"манашку", "plural":"манашак"},
{"singular":"манашкай", "plural":"манашкамі"},
{"singular":"манашцы", "plural":"манашках"},
{"singular":"манашкаю"}
],
"masculine": [
{"singular":"мужчына", "plural":"мужчыны"},
{"singular":"мужчыны", "plural":"мужчын"},
{"singular":"мужчыну", "plural":"мужчынам"},
{"singular":"мужчынам", "plural":"мужчынамі"},
{"singular":"мужчыне", "plural":"мужчынах"},
{"singular":"чалавек", "plural":"людзі"},
{"singular":"чалавека", "plural":"людзей"},
{"singular":"чалавеку", "plural":"людзям"},
{"singular":"чалавекам", "plural":"людзьмі"},
{"singular":"чалавеку", "plural":"людзях"},
{"singular":"работнік", "plural":"работнікі"},
{"singular":"работніка", "plural":"работнікаў"},
{"singular":"работніку", "plural":"работнікам"},
{"singular":"работнікам", "plural":"работнікамі"},
{"singular":"работніку", "plural":"работніках"},
{"singular":"палюбоўнік", "plural":"палюбоўнікі"},
{"singular":"палюбоўніка", "plural":"палюбоўнікаў"},
{"singular":"палюбоўніку", "plural":"палюбоўнікам"},
{"singular":"палюбоўнікам", "plural":"палюбоўнікамі"},
{"singular":"палюбоўніку", "plural":"палюбоўніках"},
{"singular":"рабочы", "plural":"рабочыя"},
{"singular":"рабочага", "plural":"рабочых"},
{"singular":"рабочаму", "plural":"рабочым"},
{"singular":"рабочым", "plural":"рабочымі"},
{"singular":"рабочаму", "plural":"рабочых"},
{"singular":"пешка", "plural":"пешкі"},
{"singular":"пешкі", "plural":"пешак"},
{"singular":"пешцы", "plural":"пешак"},
{"singular":"пешку", "plural":"пешкі"},
{"singular":"пешкай", "plural":"пешкамі"},
{"singular":"пешцы", "plural":"пешках"},
{"singular":"пешкаю"},
{"singular":"братка", "plural":"браты"},
{"singular":"браткі", "plural":"братоў"},
{"singular":"братку", "plural":"братам"},
{"singular":"братку", "plural":"братоў"},
{"singular":"браткам", "plural":"братамі"},
{"singular":"братку", "plural":"братах"},
{"singular":"браце"},
{"singular":"хлопец", "plural":"хлопцы"},
{"singular":"хлопца", "plural":"хлопцаў"},
{"singular":"хлопцу", "plural":"хлопцам"},
{"singular":"хлопцам", "plural":"хлопцамі"},
{"singular":"хлопцы", "plural":"хлопцах"},
{"singular":"дзяцюк", "plural":"дзецюкі"},
{"singular":"дзецюка", "plural":"дзецюкоў"},
{"singular":"дзецюку", "plural":"дзецюкам"},
{"singular":"дзецюком", "plural":"дзецюкамі"},
{"singular":"дзецюку", "plural":"дзецюках"},
{"singular":"хлапец", "plural":"хлапцы"},
{"singular":"хлапца", "plural":"хлапцоў"},
{"singular":"хлапцу", "plural":"хлапцам"},
{"singular":"хлапцом", "plural":"хлапцамі"},
{"singular":"хлапцы", "plural":"хлапцах"},
{"singular":"хлапчына", "plural":"хлапчыны"},
{"singular":"хлапчыны", "plural":"хлапчын"},
{"singular":"хлапчыне", "plural":"хлапчынам"},
{"singular":"хлапчыну", "plural":"хлапчын"},
{"singular":"хлапчынам", "plural":"хлапчынамі"},
{"singular":"хлапчыне", "plural":"хлапчынах"},
{"plural":"хлапчынаў"},
{"singular":"чучала", "plural":"чучалы"},
{"singular":"чучала", "plural":"чучал"},
{"singular":"чучалу", "plural":"чучалам"},
{"singular":"чучалам", "plural":"чучаламі"},
{"singular":"чучалу", "plural":"чучалах"},
{"singular":"хлопчык", "plural":"хлопчыкі"},
{"singular":"хлопчыка", "plural":"хлопчыкаў"},
{"singular":"хлопчыку", "plural":"хлопчыкам"},
{"singular":"хлопчыку", "plural":"хлопчыкаў"},
{"singular":"хлопчыкам", "plural":"хлопчыкамі"},
{"singular":"хлопчыку", "plural":"хлопчыках"},
{"singular":"юнак", "plural":"юнакі"},
{"singular":"юнака", "plural":"юнакоў"},
{"singular":"юнаку", "plural":"юнакам"},
{"singular":"юнаком", "plural":"юнакамі"},
{"singular":"юнаку", "plural":"юнаках"},
{"singular":"маладзён", "plural":"маладзёны"},
{"singular":"маладзёна", "plural":"маладзёнаў"},
{"singular":"маладзёну", "plural":"маладзёнам"},
{"singular":"маладзёнам", "plural":"маладзёнамі"},
{"singular":"маладзёне", "plural":"маладзёнах"},
{"singular":"бацька", "plural":"бацькі"},
{"singular":"бацькі", "plural":"бацькаў"},
{"singular":"бацьку", "plural":"бацькам"},
{"singular":"бацьку", "plural":"бацькаў"},
{"singular":"бацькам", "plural":"бацькамі"},
{"singular":"бацьку", "plural":"бацьках"},
{"singular":"продак", "plural":"продкі"},
{"singular":"продка", "plural":"продкаў"},
{"singular":"продку", "plural":"продкам"},
{"singular":"продкам", "plural":"продкамі"},
{"singular":"продку", "plural":"продках"},
{"singular":"айцец", "plural":"айцы"},
{"singular":"айца", "plural":"айцоў"},
{"singular":"айцу", "plural":"айцам"},
{"singular":"айцом", "plural":"айцамі"},
{"singular":"айцу", "plural":"айцах"},
{"singular":"стваральнік", "plural":"стваральнікі"},
{"singular":"стваральніка", "plural":"стваральнікаў"},
{"singular":"стваральніку", "plural":"стваральнікам"},
{"singular":"стваральнікам", "plural":"стваральнікамі"},
{"singular":"стваральніку", "plural":"стваральніках"},
{"singular":"творца", "plural":"творцы"},
{"singular":"творцы", "plural":"творцаў"},
{"singular":"творцу", "plural":"творцам"},
{"singular":"творцу", "plural":"творцаў"},
{"singular":"творцам", "plural":"творцамі"},
{"singular":"творцы", "plural":"творцах"},
{"singular":"правадыр", "plural":"правадыры"},
{"singular":"правадыра", "plural":"правадыроў"},
{"singular":"правадыру", "plural":"правадырам"},
{"singular":"правадыром", "plural":"правадырамі"},
{"singular":"правадыры", "plural":"правадырах"},
{"singular":"тата", "plural":"таты"},
{"singular":"таты", "plural":"татаў"},
{"singular":"тату", "plural":"татам"},
{"singular":"тату", "plural":"татаў"},
{"singular":"татам", "plural":"татамі"},
{"singular":"тату", "plural":"татах"},
{"singular":"татка", "plural":"таткі"},
{"singular":"таткі", "plural":"татак"},
{"singular":"татку", "plural":"таткам"},
{"singular":"татку", "plural":"татак"},
{"singular":"таткам", "plural":"таткамі"},
{"singular":"татку", "plural":"татках"},
{"plural":"таткаў"},
{"singular":"татачка", "plural":"татачкі"},
{"singular":"татачкі", "plural":"татачак"},
{"singular":"татачку", "plural":"татачкам"},
{"singular":"татачку", "plural":"татачак"},
{"singular":"татачкам", "plural":"татачкамі"},
{"singular":"татачку", "plural":"татачках"},
{"plural":"татачкаў"},
{"singular":"татуля", "plural":"татулі"},
{"singular":"татулі", "plural":"татуляў"},
{"singular":"татулю", "plural":"татулям"},
{"singular":"татулю", "plural":"татуляў"},
{"singular":"татулем", "plural":"татулямі"},
{"singular":"татулю", "plural":"татулях"},
{"singular":"татуся", "plural":"татусі"},
{"singular":"татусі", "plural":"татусяў"},
{"singular":"татусю", "plural":"татусям"},
{"singular":"татусю", "plural":"татусяў"},
{"singular":"татусем", "plural":"татусямі"},
{"singular":"татусю", "plural":"татусях"},
{"singular":"татухна", "plural":"татухны"},
{"singular":"татухны", "plural":"татухнаў"},
{"singular":"татухну", "plural":"татухнам"},
{"singular":"татухну", "plural":"татухнаў"},
{"singular":"татухнам", "plural":"татухнамі"},
{"singular":"татухне", "plural":"татухнамі"},
{"singular":"сын", "plural":"сыны"},
{"singular":"сына", "plural":"сыноў"},
{"singular":"сыну", "plural":"сынам"},
{"singular":"сынам", "plural":"сынамі"},
{"singular":"сыне", "plural":"сынах"},
{"singular":"сынок", "plural":"сынкі"},
{"singular":"сынка", "plural":"сынкоў"},
{"singular":"сынку", "plural":"сынкам"},
{"singular":"сынком", "plural":"сынкамі"},
{"singular":"сынку", "plural":"сынках"},
{"singular":"муж", "plural":"мужы"},
{"singular":"мужа", "plural":"мужоў"},
{"singular":"мужу", "plural":"мужам"},
{"singular":"мужам", "plural":"мужамі"},
{"singular":"мужы", "plural":"мужах"},
{"singular":"мужык", "plural":"мужыкі"},
{"singular":"мужыка", "plural":"мужыкоў"},
{"singular":"мужыку", "plural":"мужыкам"},
{"singular":"мужыком", "plural":"мужыкамі"},
{"singular":"мужыку", "plural":"мужыках"},
{"singular":"гаспадар", "plural":"гаспадары"},
{"singular":"гаспадара", "plural":"гаспадароў"},
{"singular":"гаспадару", "plural":"гаспадарам"},
{"singular":"гаспадаром", "plural":"гаспадарамі"},
{"singular":"гаспадары", "plural":"гаспадарах"},
{"singular":"дзед", "plural":"дзяды"},
{"singular":"дзеда", "plural":"дзядоў"},
{"singular":"дзеду", "plural":"дзядам"},
{"singular":"дзедам", "plural":"дзядамі"},
{"singular":"дзедзе", "plural":"дзядах"},
{"singular":"дзядуля", "plural":"дзядулі"},
{"singular":"дзядулі", "plural":"дзядуль"},
{"singular":"дзядулі", "plural":"дзядулям"},
{"singular":"дзядулю", "plural":"дзядуль"},
{"singular":"дзядулем", "plural":"дзядулямі"},
{"singular":"дзядулі", "plural":"дзядулях"},
{"singular":"брат", "plural":"браты"},
{"singular":"брата", "plural":"братоў"},
{"singular":"брату", "plural":"братам"},
{"singular":"братам", "plural":"братамі"},
{"singular":"браце", "plural":"братах"},
{"singular":"сябар", "plural":"сябры"},
{"singular":"сябра", "plural":"сяброў"},
{"singular":"сябру", "plural":"сябрам"},
{"singular":"сябрам", "plural":"сябрамі"},
{"singular":"сябры", "plural":"сябрах"},
{"singular":"калега", "plural":"калегі"},
{"singular":"калегі", "plural":"калег"},
{"singular":"калегу", "plural":"калегам"},
{"singular":"калегу", "plural":"калег"},
{"singular":"калегам", "plural":"калегамі"},
{"singular":"калегу", "plural":"калегах"},
{"singular":"сабрат", "plural":"сабраты"},
{"singular":"сабрата", "plural":"сабратаў"},
{"singular":"сабрату", "plural":"сабратам"},
{"singular":"сабратам", "plural":"сабратамі"},
{"singular":"сабраце", "plural":"сабратах"},
{"singular":"суродзіч", "plural":"суродзічы"},
{"singular":"суродзіча", "plural":"суродзічаў"},
{"singular":"суродзічу", "plural":"суродзічам"},
{"singular":"суродзічам", "plural":"суродзічамі"},
{"singular":"суродзічы", "plural":"суродзічах"},
{"singular":"міранін", "plural":"міране"},
{"singular":"міраніна", "plural":"міран"},
{"singular":"міраніну", "plural":"міранам"},
{"singular":"міранінам", "plural":"міранамі"},
{"singular":"міраніне", "plural":"міранах"}
],
"unspecified": [
{"singular":"індывідуум", "plural":"індывідуумы"},
{"singular":"індывідуума", "plural":"індывідуумаў"},
{"singular":"індывідууму", "plural":"індывідуумам"},
{"singular":"індывідуумам", "plural":"індывідуумамі"},
{"singular":"індывідууме", "plural":"індывідуумах"},
{"singular":"індывід", "plural":"індывіды"},
{"singular":"індывіда", "plural":"індывідаў"},
{"singular":"індывіду", "plural":"індывідам"},
{"singular":"індывідам", "plural":"індывідамі"},
{"singular":"індывідзе", "plural":"індывідах"},
{"singular":"асоба", "plural":"асобы"},
{"singular":"асобы", "plural":"асоб"},
{"singular":"асобе", "plural":"асобам"},
{"singular":"асобу", "plural":"асоб"},
{"singular":"асобай", "plural":"асобамі"},
{"singular":"асобе", "plural":"асобах"},
{"singular":"асобаю"},
{"singular":"персона", "plural":"персоны"},
{"singular":"персоны", "plural":"персон"},
{"singular":"персоне", "plural":"персонам"},
{"singular":"персону", "plural":"персон"},
{"singular":"персонай", "plural":"персонамі"},
{"singular":"персоне", "plural":"персонамі"},
{"singular":"персонаю"},
{"singular":"чалавек", "plural":"людзі"},
{"singular":"чалавека", "plural":"людзей"},
{"singular":"чалавеку", "plural":"людзям"},
{"singular":"чалавекам", "plural":"людзьмі"},
{"singular":"чалавеку", "plural":"людзях"},
{"singular":"дзіця", "plural":"дзеці"},
{"singular":"дзіцяці", "plural":"дзяцей"},
{"singular":"дзіцяці", "plural":"дзецям"},
{"singular":"дзіця", "plural":"дзяцей"},
{"singular":"дзіцем", "plural":"дзецьмі"},
{"singular":"дзіцяці", "plural":"дзецях"},
{"singular":"дзіцё"},
{"singular":"дзіцём", "plural":"дзяцьмі"},
{"singular":"малое", "plural":"малыя"},
{"singular":"малога", "plural":"малых"},
{"singular":"малому", "plural":"малым"},
{"singular":"малым", "plural":"малымі"},
{"singular":"малым", "plural":"малых"},
{"singular":"дзіцяня", "plural":"дзіцяняты"},
{"singular":"дзіцяня", "plural":"дзіцянят"},
{"singular":"дзіцяняці", "plural":"дзіцянятам"},
{"singular":"дзіцянём", "plural":"дзіцянятамі"},
{"singular":"дзіцяняці", "plural":"дзіцянятах"},
{"singular":"дзіцянё"},
{"singular":"дзіцятка", "plural":"дзіцяткі"},
{"singular":"дзіцятка", "plural":"дзіцятак"},
{"singular":"дзіцятку", "plural":"дзіцяткам"},
{"singular":"дзіцяткам", "plural":"дзіцяткамі"},
{"singular":"дзіцятку", "plural":"дзіцятках"},
{"singular":"дзетка", "plural":"дзеткі"},
{"singular":"дзеткі", "plural":"дзетак"},
{"singular":"дзетку", "plural":"дзеткам"},
{"singular":"дзетку", "plural":"дзетак"},
{"singular":"дзеткам", "plural":"дзеткамі"},
{"singular":"дзетку", "plural":"дзетках"},
{"singular":"дзетцы"},
{"singular":"дзеткай"},
{"singular":"дзеткаю"},
{"plural":"родных братоў і сёстраў"},
{"singular":"ветэран", "plural":"ветэраны"},
{"singular":"ветэрана", "plural":"ветэранаў"},
{"singular":"ветэрану", "plural":"ветэранам"},
{"singular":"ветэранам", "plural":"ветэранамі"},
{"singular":"ветэране", "plural":"ветэранах"},
{"singular":"ветэранка", "plural":"ветэранкі"},
{"singular":"ветэранкі", "plural":"ветэранак"},
{"singular":"ветэранцы", "plural":"ветэранкам"},
{"singular":"ветэранку", "plural":"ветэранак"},
{"singular":"ветэранкай", "plural":"ветэранкамі"},
{"singular":"ветэранцы", "plural":"ветэранках"},
{"singular":"ветэранкаю"},
{"singular":"колішні салдат", "plural":"колішнія салдаты"},
{"singular":"колішняга салдата", "plural":"колішніх салдатаў"},
{"singular":"колішняму салдату", "plural":"колішнім салдатам"},
{"singular":"колішнім салдатам", "plural":"колішнімі салдатамі"},
{"singular":"колішнім салдаце", "plural":"колішніх салдатах"},
{"singular":"колішняя салдатка", "plural":"колішнія салдаткі"},
{"singular":"колішняй салдаткі", "plural":"колішніх салдатак"},
{"singular":"колішняй салдатцы", "plural":"колішнім салдаткам"},
{"singular":"колішнюю салдатку", "plural":"колішніх салдатак"},
{"singular":"колішняй салдаткай", "plural":"колішнімі салдаткамі"},
{"singular":"колішняй салдатцы", "plural":"колішніх салдатках"},
{"singular":"колішняю салдаткаю"}
]
}
