{
"feminine": [
{"singular":"dona", "plural":"dones"},
{"singular":"senyora", "plural":"senyores"},
{"singular":"dama", "plural":"dames"},
{"singular":"nena", "plural":"nenes"},
{"singular":"noia", "plural":"noies"},
{"singular":"mossa", "plural":"mosses"},
{"singular":"xavala", "plural":"xavales"},
{"singular":"al·lota", "plural":"al·lotes"},
{"singular":"xiqueta", "plural":"xiquetes"},
{"singular":"mare", "plural":"mares"},
{"singular":"mama", "plural":"mames"},
{"singular":"mamà", "plural":"mamàs"},
{"singular":"filla", "plural":"filles"},
{"singular":"esposa", "plural":"esposes"},
{"singular":"muller", "plural":"mullers"},
{"singular":"àvia", "plural":"àvies"},
{"singular":"iaia", "plural":"iaies"},
{"singular":"padrina", "plural":"padrines"},
{"singular":"germana", "plural":"germanes"},
{"singular":"indivídua", "plural":"indivídues"},
{"singular":"minyona", "plural":"minyones"},
{"singular":"menuda", "plural":"menudes"},
{"singular":"marreca", "plural":"marreques"},
{"singular":"progenitora", "plural":"progenitores"},
{"singular":"veterana", "plural":"veteranes"}
],
"masculine": [
{"singular":"home", "plural":"homes"},
{"singular":"germà", "plural":"germans"},
{"singular":"company", "plural":"companys"},
{"singular":"xaval", "plural":"xavals"},
{"singular":"tipus", "plural":"tipus"},
{"singular":"paio", "plural":"paios"},
{"singular":"nen", "plural":"nens"},
{"singular":"noi", "plural":"nois"},
{"singular":"vailet", "plural":"vailets"},
{"singular":"marrec", "plural":"marrecs"},
{"singular":"al·lot", "plural":"al·lots"},
{"singular":"xiquet", "plural":"xiquets"},
{"singular":"pare", "plural":"pares"},
{"singular":"papa", "plural":"papes"},
{"singular":"papà", "plural":"papàs"},
{"singular":"fill", "plural":"fills"},
{"singular":"espòs", "plural":"esposos"},
{"singular":"marit", "plural":"marits"},
{"singular":"avi", "plural":"avis"},
{"singular":"iaio", "plural":"iaios"},
{"singular":"padrí", "plural":"padrins"},
{"singular":"individu", "plural":"individus"},
{"singular":"minyó", "plural":"minyons"},
{"singular":"menut", "plural":"menuts"},
{"singular":"progenitor", "plural":"progenitors"},
{"singular":"veterà", "plural":"veterans"}
],
"unspecified": [
{"singular":"persona", "plural":"persones"},
{"singular":"jove", "plural":"joves"},
{"singular":"canalla"},
{"singular":"criatura", "plural":"criatures"},
{"singular":"infant", "plural":"infants"},
{"singular":"cònjuge", "plural":"cònjuges"},
{"singular":"consort", "plural":"consorts"},
{"plural":"avis"},
{"plural":"germans"},
{"singular":"excombatent", "plural":"excombatents"},
{"singular":"exmilitar", "plural":"exmilitars"}
]
}
