{
"feminine": [
{"singular":"žena", "plural":"ženy"},
{"singular":"ženy", "plural":"žen"},
{"singular":"ženě", "plural":"ženám"},
{"singular":"ženu", "plural":"ženách"},
{"singular":"ženo", "plural":"ženami"},
{"singular":"ženou"},
{"singular":"paní", "plural":"paní"},
{"plural":"paním"},
{"plural":"paních"},
{"plural":"paními"},
{"singular":"dívka", "plural":"dívky"},
{"singular":"dívky", "plural":"dívek"},
{"singular":"dívce", "plural":"dívkám"},
{"singular":"dívku", "plural":"dívkách"},
{"singular":"dívko", "plural":"dívkami"},
{"singular":"dívkou"},
{"singular":"holka", "plural":"holky"},
{"singular":"holky", "plural":"holek"},
{"singular":"holce", "plural":"holkám"},
{"singular":"holku", "plural":"holkách"},
{"singular":"holko", "plural":"holkami"},
{"singular":"holkou"},
{"singular":"matka", "plural":"matky"},
{"singular":"matky", "plural":"matek"},
{"singular":"matce", "plural":"matkám"},
{"singular":"matku", "plural":"matkách"},
{"singular":"matko", "plural":"matkami"},
{"singular":"matkou"},
{"singular":"máma", "plural":"mámy"},
{"singular":"mámy", "plural":"mám"},
{"singular":"mámě", "plural":"mámám"},
{"singular":"mámu", "plural":"mámách"},
{"singular":"mámo", "plural":"mámami"},
{"singular":"mámou"},
{"singular":"maminka", "plural":"maminky"},
{"singular":"maminky", "plural":"maminek"},
{"singular":"mamince", "plural":"maminkám"},
{"singular":"maminku", "plural":"maminkách"},
{"singular":"maminko", "plural":"maminkami"},
{"singular":"maminkou"},
{"singular":"dcera", "plural":"dcery"},
{"singular":"dcery", "plural":"dcer"},
{"singular":"dceři", "plural":"dcerám"},
{"singular":"dceru", "plural":"dcerách"},
{"singular":"dcero", "plural":"dcerami"},
{"singular":"dcerou"},
{"singular":"manželka", "plural":"manželky"},
{"singular":"manželky", "plural":"manželek"},
{"singular":"manželce", "plural":"manželkám"},
{"singular":"manželku", "plural":"manželkách"},
{"singular":"manželko", "plural":"manželkami"},
{"singular":"manželkou"},
{"singular":"babička", "plural":"babičky"},
{"singular":"babičky", "plural":"babiček"},
{"singular":"babičce", "plural":"babičkám"},
{"singular":"babičku", "plural":"babičkách"},
{"singular":"babičko", "plural":"babičkami"},
{"singular":"babičkou"},
{"singular":"sestra", "plural":"sestry"},
{"singular":"sestry", "plural":"sester"},
{"singular":"sestře", "plural":"sestrám"},
{"singular":"sestru", "plural":"sestrách"},
{"singular":"sestro", "plural":"sestrami"},
{"singular":"sestrou"}
],
"masculine": [
{"singular":"muž", "plural":"muži"},
{"singular":"muže", "plural":"mužů"},
{"singular":"muži", "plural":"mužům"},
{"singular":"mužovi", "plural":"muže"},
{"singular":"mužem", "plural":"mužích"},
{"singular":"brácha", "plural":"bráchové"},
{"singular":"bráchy", "plural":"bráchů"},
{"singular":"bráchovi", "plural":"bráchům"},
{"singular":"bráchu", "plural":"bráchy"},
{"singular":"brácho", "plural":"bráších"},
{"singular":"bráchou"},
{"singular":"člověk", "plural":"lidé"},
{"singular":"člověka", "plural":"lidí"},
{"singular":"člověku", "plural":"lidem"},
{"singular":"člověče", "plural":"lidi"},
{"singular":"člověkem", "plural":"lidech"},
{"plural":"lidmi"},
{"singular":"chlapec", "plural":"chlapci"},
{"singular":"chlapce", "plural":"chlapců"},
{"singular":"chlapci", "plural":"chlapcům"},
{"singular":"chlapče", "plural":"chlapce"},
{"singular":"chlapcovi", "plural":"chlapcích"},
{"singular":"chlapcem"},
{"singular":"kluk", "plural":"kluci"},
{"singular":"kluka", "plural":"kluků"},
{"singular":"klukovi", "plural":"klukům"},
{"singular":"kluku", "plural":"kluky"},
{"singular":"klukem", "plural":"klucích"},
{"singular":"otec", "plural":"otcové"},
{"singular":"otce", "plural":"otci"},
{"singular":"otci", "plural":"otců"},
{"singular":"otcovi", "plural":"otcům"},
{"singular":"otče", "plural":"otce"},
{"singular":"otcem", "plural":"otcích"},
{"singular":"táta", "plural":"tátové"},
{"singular":"táty", "plural":"tátů"},
{"singular":"tátovi", "plural":"tátům"},
{"singular":"tátu", "plural":"táty"},
{"singular":"táto", "plural":"tátech"},
{"singular":"tátou"},
{"singular":"tatínek", "plural":"tatínkové"},
{"singular":"tatínka", "plural":"tatínci"},
{"singular":"tatínkovi", "plural":"tatínků"},
{"singular":"tatínku", "plural":"tatínkům"},
{"singular":"tatínkem", "plural":"tatínky"},
{"plural":"tatíncích"},
{"singular":"syn", "plural":"synové"},
{"singular":"syna", "plural":"synů"},
{"singular":"synovi", "plural":"synům"},
{"singular":"synu", "plural":"syny"},
{"singular":"synem", "plural":"synech"},
{"singular":"manžel", "plural":"manželé"},
{"singular":"manžela", "plural":"manželové"},
{"singular":"manželovi", "plural":"manželů"},
{"singular":"manželu", "plural":"manželům"},
{"singular":"manželi", "plural":"manžely"},
{"singular":"manželem", "plural":"manželech"},
{"singular":"dědeček", "plural":"dědečkové"},
{"singular":"dědečka", "plural":"dědečci"},
{"singular":"dědečkovi", "plural":"dědečků"},
{"singular":"dědečku", "plural":"dědečkům"},
{"singular":"dědečkem", "plural":"dědečky"},
{"plural":"dědečcích"},
{"singular":"děda", "plural":"dědové"},
{"singular":"dědy", "plural":"dědů"},
{"singular":"dědovi", "plural":"dědům"},
{"singular":"dědu", "plural":"dědy"},
{"singular":"dědo", "plural":"dědové"},
{"singular":"dědou", "plural":"dědech"},
{"singular":"bratr", "plural":"bratři"},
{"singular":"bratra", "plural":"bratrů"},
{"singular":"bratrovi", "plural":"bratrům"},
{"singular":"bratru", "plural":"bratry"},
{"singular":"bratře", "plural":"bratrech"},
{"singular":"bratrem", "plural":"bratry"}
],
"unspecified": [
{"singular":"jednotlivec", "plural":"jednotlivci"},
{"singular":"jednotlivce", "plural":"jednotlivců"},
{"singular":"jednotlivci", "plural":"jednotlivcům"},
{"singular":"jednotlivče", "plural":"jednotlivce"},
{"singular":"jednotlivcem", "plural":"jednotlivci"},
{"plural":"jednotlivcích"},
{"singular":"osoba", "plural":"osoby"},
{"singular":"osoby", "plural":"osob"},
{"singular":"osobě", "plural":"osobám"},
{"singular":"osobu", "plural":"osobách"},
{"singular":"osobo", "plural":"osobami"},
{"singular":"osobou"},
{"singular":"dítě", "plural":"děti"},
{"singular":"dítěte", "plural":"dětí"},
{"singular":"dítěti", "plural":"dětem"},
{"singular":"dítětem", "plural":"dětech"},
{"plural":"dětmi"},
{"singular":"rodič", "plural":"rodiče"},
{"singular":"rodiče", "plural":"rodičové"},
{"singular":"rodiči", "plural":"rodičů"},
{"singular":"rodičovi", "plural":"rodičům"},
{"singular":"rodičem", "plural":"rodičích"},
{"plural":"rodiči"},
{"singular":"choť", "plural":"choti"},
{"singular":"chotě", "plural":"choťové"},
{"singular":"choti", "plural":"choťů"},
{"singular":"choťovi", "plural":"choťům"},
{"singular":"chotěm", "plural":"chotě"},
{"plural":"chotích"},
{"singular":"choti", "plural":"chotí"},
{"singular":"chotí", "plural":"chotím"},
{"plural":"chotěmi"},
{"singular":"prarodič", "plural":"prarodiče"},
{"singular":"prarodiče", "plural":"prarodičů"},
{"singular":"prarodiči", "plural":"prarodičům"},
{"singular":"prarodičovi", "plural":"prarodičích"},
{"singular":"prarodiči", "plural":"prarodiči"},
{"singular":"prarodičem"},
{"singular":"sourozenec", "plural":"sourozenci"},
{"singular":"sourozence", "plural":"sourozenců"},
{"singular":"sourozenci", "plural":"sourozencům"},
{"singular":"sourozencovi", "plural":"sourozence"},
{"singular":"sourozenče", "plural":"sourozencích"},
{"singular":"sourozencem"},
{"singular":"veterán", "plural":"veteráni"},
{"singular":"veterána", "plural":"veteránové"},
{"singular":"veteránu", "plural":"veteránů"},
{"singular":"veteránovi", "plural":"veteránům"},
{"singular":"veteráne", "plural":"veterány"},
{"singular":"veteránem", "plural":"veteránech"},
{"plural":"veterány"}
]
}
