{
"feminine": [
{"singular":"ئافرەت", "plural":"ئافرەتان"},
{"singular":"ژن", "plural":"ژنان"},
{"singular":"خانم", "plural":"خانمان"},
{"singular":"خاتوون", "plural":"خاتوونان"},
{"singular":"کچ", "plural":"کچان"},
{"singular":"کیژ", "plural":"کیژان"},
{"singular":"کەنیشک", "plural":"کەنیشکان"},
{"singular":"دایک", "plural":"دایکان"},
{"singular":"داک"},
{"singular":"دایە"},
{"singular":"داک", "plural":"داکان"},
{"singular":"هۆدە"},
{"singular":"خێزان", "plural":"خێزانان"},
{"singular":"هاوسەر", "plural":"هاوسەران"},
{"singular":"داپیر", "plural":"داپیران"},
{"singular":"نەنک", "plural":"نەنکان"},
{"singular":"دایەگەورە", "plural":"دایەگەوران"},
{"singular":"نەنە"},
{"singular":"خوشک", "plural":"خوشکان"}
],
"masculine": [
{"singular":"پیاو", "plural":"پیاوان"},
{"singular":"زەلام", "plural":"زەلامان"},
{"singular":"برا", "plural":"برایان"},
{"singular":"کابرا", "plural":"کابرایان"},
{"singular":"کەس", "plural":"کەسان"},
{"singular":"کوڕ", "plural":"کوڕان"},
{"singular":"باوک", "plural":"باوکان"},
{"singular":"باب", "plural":"بابان"},
{"singular":"بابە", "plural":"بابان"},
{"singular":"مێرد", "plural":"مێردان"},
{"singular":"ھاوسەر", "plural":"ھاوسەران"},
{"singular":"باپیر", "plural":"باپیران"},
{"singular":"بابەگەورە"}
],
"unspecified": [
{"singular":"تاک", "plural":"تاکان"},
{"singular":"کەس", "plural":"کەسان"},
{"singular":"نەفەر", "plural":"نەفەرات"},
{"singular":"خەڵک"},
{"singular":"منداڵ", "plural":"منداڵان"},
{"singular":"مناڵ", "plural":"مناڵان"},
{"singular":"باوکودایک", "plural":"باوکودایکان"},
{"singular":"باوک و دایک", "plural":"باوکان و دایکان"},
{"singular":"باوان", "plural":"باوان"},
{"singular":"ھاوسەر", "plural":"ھاوسەران"},
{"singular":"ھاوژین", "plural":"ھاوژینان"},
{"singular":"باپیر و داپیر", "plural":"باپیر و داپیران"},
{"singular":"بابەگەورە و دایەگەورە"},
{"singular":"خوشک و برا", "plural":"خوشک و برایان"},
{"singular":"خوشک", "plural":"خوشکان"},
{"singular":"جەنگاوەری دێرین", "plural":"جەنگاوەرانی دێرین"},
{"singular":"پێشمەرگەی دێرین", "plural":"پێشمەرگە دێرینەکان"},
{"singular":"سەربازی بەخزمەت", "plural":"سەربازانی بەخزمەت"}
]
}
