{
"feminine": [
{"singular":"女人", "plural":"女人们"},
{"singular":"女士", "plural":"女士们"},
{"singular":"妇女", "plural":"妇女们"},
{"singular":"女子", "plural":"女子们"},
{"singular":"女性", "plural":"女性们"},
{"singular":"女的", "plural":"女的们"},
{"singular":"淑女", "plural":"淑女们"},
{"singular":"女孩", "plural":"女孩们"},
{"singular":"姑娘", "plural":"姑娘们"},
{"singular":"女儿", "plural":"女儿们"},
{"singular":"母亲", "plural":"母亲们"},
{"singular":"妈妈", "plural":"妈妈们"},
{"singular":"妈"},
{"singular":"娘"},
{"singular":"闺女", "plural":"闺女们"},
{"singular":"妻子", "plural":"妻子们"},
{"singular":"太太", "plural":"太太们"},
{"singular":"媳妇", "plural":"媳妇们"},
{"singular":"老婆", "plural":"老婆们"},
{"singular":"奶奶", "plural":"奶奶们"},
{"singular":"姥姥", "plural":"姥姥们"},
{"singular":"外祖母", "plural":"外祖母们"},
{"singular":"祖母", "plural":"祖母们"},
{"singular":"外婆", "plural":"外婆们"},
{"singular":"姐姐", "plural":"姐姐们"},
{"singular":"妹妹", "plural":"妹妹们"},
{"singular":"姊妹", "plural":"姊妹们"},
{"singular":"姐妹", "plural":"姐妹们"}
],
"masculine": [
{"singular":"男人", "plural":"男人们"},
{"singular":"男士", "plural":"男士们"},
{"singular":"男性", "plural":"男性们"},
{"singular":"男子", "plural":"男子们"},
{"singular":"男的", "plural":"男的们"},
{"singular":"爷们", "plural":"爷们们"},
{"singular":"哥哥", "plural":"哥哥们"},
{"singular":"弟弟", "plural":"弟弟们"},
{"singular":"兄弟", "plural":"兄弟们"},
{"singular":"哥们", "plural":"哥们"},
{"singular":"伙计", "plural":"伙计们"},
{"singular":"男孩", "plural":"男孩们"},
{"singular":"儿子", "plural":"儿子们"},
{"singular":"小伙子", "plural":"小伙子们"},
{"singular":"父亲", "plural":"父亲们"},
{"singular":"爸爸", "plural":"爸爸们"},
{"singular":"爹", "plural":"爹们"},
{"singular":"小子", "plural":"小子们"},
{"singular":"丈夫", "plural":"丈夫们"},
{"singular":"老公", "plural":"老公们"},
{"singular":"爷爷", "plural":"爷爷们"},
{"singular":"姥爷", "plural":"姥爷们"},
{"singular":"外祖父", "plural":"外祖父们"},
{"singular":"外公", "plural":"外公们"},
{"singular":"祖父", "plural":"祖父们"}
],
"unspecified": [
{"singular":"个人"},
{"singular":"个体"},
{"singular":"人", "plural":"人们"},
{"singular":"儿童", "plural":"儿童们"},
{"singular":"小孩", "plural":"小孩们"},
{"singular":"爸爸", "plural":"父母"},
{"singular":"妈妈", "plural":"父母"},
{"singular":"孩子", "plural":"孩子们"},
{"singular":"子女", "plural":"子女"},
{"singular":"小朋友", "plural":"小朋友们"},
{"singular":"配偶"},
{"singular":"伴侣"},
{"singular":"爷爷", "plural":"爷爷奶奶"},
{"singular":"祖父", "plural":"祖父母"},
{"singular":"姥爷", "plural":"姥姥姥爷"},
{"singular":"奶奶", "plural":"爷爷奶奶"},
{"singular":"姥姥", "plural":"姥姥姥爷"},
{"singular":"外祖父", "plural":"外祖父母"},
{"singular":"祖母", "plural":"祖父母"},
{"singular":"外祖母", "plural":"外祖父母"},
{"singular":"外公", "plural":"外公外婆"},
{"singular":"外婆", "plural":"外公外婆"},
{"singular":"兄弟姐妹", "plural":"兄弟姐妹们"},
{"singular":"手足"},
{"singular":"老兵", "plural":"老兵们"},
{"singular":"退伍军人", "plural":"退伍军人"},
{"singular":"退伍兵", "plural":"退伍兵"}
]
}
