{
"feminine": [
{"singular":"menyw", "plural":"menywod"},
{"singular":"fenyw", "plural":"fenywod"},
{"singular":"boneddiges", "plural":"boneddigesau"},
{"singular":"foneddiges", "plural":"foneddigesau"},
{"singular":"moneddiges", "plural":"moneddigesau"},
{"singular":"gwraig", "plural":"gwragedd"},
{"singular":"wraig", "plural":"wragedd"},
{"singular":"mam-gu", "plural":"mam-guod"},
{"singular":"fam-gu", "plural":"fam-guod"},
{"singular":"chwaer", "plural":"chwiorydd"},
{"singular":"benyw", "plural":"benywod"},
{"singular":"geneth", "plural":"genethod"},
{"singular":"llances", "plural":"llancesi"},
{"singular":"lances", "plural":"llancesi"},
{"singular":"dynes", "plural":"benywod"},
{"singular":"lodes", "plural":"lodesi"},
{"singular":"merch", "plural":"merched"},
{"singular":"ferch", "plural":"ferched"}
],
"masculine": [
{"singular":"dyn", "plural":"dynion"},
{"singular":"brawd", "plural":"brodyr"},
{"singular":"frawd", "plural":"frodyr"},
{"singular":"mrawd", "plural":"mrodyr"},
{"singular":"boi", "plural":"bois"},
{"singular":"bachgen", "plural":"bechgyn"},
{"singular":"fachgen", "plural":"fechgyn"},
{"singular":"machgen", "plural":"mechgyn"},
{"singular":"dad", "plural":"dadau"},
{"singular":"tad", "plural":"tadau"},
{"singular":"mab", "plural":"meibion"},
{"singular":"fab", "plural":"feibion"},
{"singular":"gŵr", "plural":"gwŷr"},
{"singular":"tad-cu", "plural":"tad-cuod"},
{"singular":"dad-cu", "plural":"dad-cuod"},
{"singular":"thad-cu", "plural":"thad-cuod"},
{"singular":"nhad-cu", "plural":"nhad-cuod"},
{"singular":"taid", "plural":"teidiau"},
{"singular":"daid", "plural":"deidiau"},
{"singular":"thaid", "plural":"theidiau"},
{"singular":"nhaid", "plural":"nheidiau"},
{"singular":"bachan"},
{"singular":"fachan"},
{"singular":"hogyn", "plural":"hogiau"}
],
"unspecified": [
{"singular":"unigolyn", "plural":"unigolion"},
{"singular":"rhywun"},
{"singular":"rywun"},
{"singular":"crotyn", "plural":"crots"},
{"singular":"grotyn", "plural":"grots"},
{"singular":"chrotyn", "plural":"chrots"},
{"singular":"nghrotyn", "plural":"nghrots"},
{"singular":"crwtyn", "plural":"cryts"},
{"singular":"grwtyn", "plural":"gryts"},
{"singular":"chrwtyn", "plural":"chryts"},
{"singular":"nghrwtyn", "plural":"nghryts"},
{"singular":"croten", "plural":"crotennod"},
{"singular":"groten", "plural":"grotennod"},
{"singular":"chroten", "plural":"chrotennod"},
{"singular":"nghroten", "plural":"nghrotennod"},
{"singular":"crotes", "plural":"crotesi"},
{"singular":"grotes", "plural":"grotesi"},
{"singular":"chrotes", "plural":"chrotesi"},
{"singular":"nghrotes", "plural":"nghrotesi"},
{"singular":"rhiant", "plural":"rhieni"},
{"singular":"riant", "plural":"rieni"},
{"singular":"plentyn ", "plural":"plant"},
{"singular":"blentyn ", "plural":"blant"},
{"singular":"phlentyn ", "plural":"phlant"},
{"singular":"mhlentyn ", "plural":"mhlant"},
{"singular":"priod"},
{"singular":"briod"},
{"singular":"mhriod"},
{"singular":"phriod"},
{"singular":"cyn-filwr", "plural":"cyn-filwyr"},
{"singular":"hen filwr", "plural":"hen filwyr"},
{"singular":"feteran", "plural":"feteraniaid"}
]
}
