{
"feminine": [
{"singular":"kvinde", "plural":"kvinder"},
{"singular":"kvinden", "plural":"kvinderne"},
{"singular":"dame", "plural":"damer"},
{"singular":"damen", "plural":"damerne"},
{"singular":"pige", "plural":"piger"},
{"singular":"pigen", "plural":"pigerne"},
{"singular":"mor", "plural":"mødre"},
{"singular":"moren", "plural":"mødrene"},
{"singular":"datter", "plural":"døtre"},
{"singular":"datteren", "plural":"døtrene"},
{"singular":"hustru", "plural":"hustruer"},
{"singular":"hustruen", "plural":"hustruerne"},
{"singular":"kone", "plural":"koner"},
{"singular":"konen", "plural":"konerne"},
{"singular":"ægteviv"},
{"singular":"bedstemor", "plural":"bedstemødre"},
{"singular":"bedstemoren", "plural":"bedstemødrene"},
{"singular":"mormor", "plural":"mormødre"},
{"singular":"mormoren", "plural":"mormødrene"},
{"singular":"farmor", "plural":"farmødre"},
{"singular":"farmoren", "plural":"farmødrene"},
{"singular":"bedste"},
{"singular":"bedstemoren"},
{"singular":"søster", "plural":"søstre"},
{"singular":"søsteren", "plural":"søstrene"}
],
"masculine": [
{"singular":"mand", "plural":"mænd"},
{"singular":"manden", "plural":"mændene"},
{"singular":"bror", "plural":"brødre"},
{"singular":"broren", "plural":"brødrene"},
{"singular":"fyr", "plural":"fyre"},
{"singular":"fyren", "plural":"fyrene"},
{"singular":"dreng", "plural":"drenge"},
{"singular":"drengen", "plural":"drengene"},
{"singular":"søn", "plural":"sønner"},
{"singular":"sønnen", "plural":"sønnerne"},
{"singular":"far", "plural":"fædre"},
{"singular":"faren", "plural":"fædrene"},
{"singular":"fader", "plural":"fædre"},
{"singular":"faderen", "plural":"fædrene"},
{"singular":"sønner", "plural":"sønnerne"},
{"singular":"husbond", "plural":"husbonder"},
{"singular":"husbonden", "plural":"husbonderne"},
{"singular":"bedstefar", "plural":"bedstefædre"},
{"singular":"bedstefaren", "plural":"bedstefædrene"},
{"singular":"morfar", "plural":"morfædre"},
{"singular":"morfaren", "plural":"morfædrene"},
{"singular":"farfar", "plural":"farfædre"},
{"singular":"farfaren", "plural":"farfædrene"},
{"singular":"broder", "plural":"brødre"},
{"singular":"broderen", "plural":"brødrene"},
{"singular":"bro", "plural":"bros"}
],
"unspecified": [
{"singular":"individ", "plural":"individer"},
{"singular":"individet", "plural":"individerne"},
{"singular":"person", "plural":"personer"},
{"singular":"personen", "plural":"personerne"},
{"singular":"barn", "plural":"børn"},
{"singular":"barnet", "plural":"børnene"},
{"singular":"unge", "plural":"unger"},
{"singular":"ungen", "plural":"ungerne"},
{"singular":"forælder", "plural":"forældre"},
{"singular":"forælderen", "plural":"forældrene"},
{"singular":"bedsteforælder", "plural":"bedsteforældre"},
{"singular":"bedsteforælderen", "plural":"bedsteforældrene"},
{"plural":"søskende"},
{"singular":"veteran", "plural":"veteraner"},
{"singular":"veteranen", "plural":"veteranerne"},
{"singular":"ægtefælle", "plural":"ægtefæller"},
{"singular":"ægtefællen", "plural":"ægtefællerne"}
]
}
