{
"feminine": [
{"singular":"Frau", "plural":"Frauen"},
{"singular":"Dame", "plural":"Damen"},
{"singular":"Mädchen", "plural":"Mädchen"},
{"singular":"Mädchens", "plural":"Mädchens"},
{"singular":"Mädel", "plural":"Mädels"},
{"singular":"Mädels", "plural":"Mädels"},
{"singular":"Mutter", "plural":"Mütter"},
{"singular":"Mutter", "plural":"Müttern"},
{"singular":"Mama", "plural":"Mamas"},
{"singular":"Mutti", "plural":"Muttis"},
{"singular":"Tochter", "plural":"Töchter"},
{"singular":"Tochter", "plural":"Töchtern"},
{"singular":"Ehefrau", "plural":"Ehefrauen"},
{"singular":"Frau", "plural":"Frauen"},
{"singular":"Gattin", "plural":"Gattinnen"},
{"singular":"Ehegattin", "plural":"Ehegattinnen"},
{"singular":"Gemahlin", "plural":"Gemahlinnen"},
{"singular":"Großmutter", "plural":"Großmütter"},
{"singular":"Großmutter", "plural":"Großmüttern"},
{"singular":"Oma", "plural":"Omas"},
{"singular":"Schwester", "plural":"Schwestern"},
{"singular":"Veteranin", "plural":"Veteraninnen"}
],
"masculine": [
{"singular":"Mann", "plural":"Männer"},
{"singular":"Mannes", "plural":"Männern"},
{"singular":"Manns", "plural":"Männern"},
{"singular":"Kumpel", "plural":"Kumpel"},
{"singular":"Kumpels", "plural":"Kumpeln"},
{"singular":"Bro", "plural":"Bros"},
{"singular":"Bros", "plural":"Bros"},
{"singular":"Typ", "plural":"Typen"},
{"singular":"Typen", "plural":"Typen"},
{"singular":"Kerl", "plural":"Kerle"},
{"singular":"Kerls", "plural":"Kerlen"},
{"singular":"Junge", "plural":"Jungen"},
{"singular":"Jungen", "plural":"Jungen"},
{"singular":"Vater", "plural":"Väter"},
{"singular":"Vaters", "plural":"Vätern"},
{"singular":"Papa", "plural":"Papas"},
{"singular":"Papas", "plural":"Papas"},
{"singular":"Vati", "plural":"Vatis"},
{"singular":"Vatis", "plural":"Vatis"},
{"singular":"Sohn", "plural":"Söhne"},
{"singular":"Sohns", "plural":"Söhnen"},
{"singular":"Ehemann", "plural":"Ehemänner"},
{"singular":"Ehemanns", "plural":"Ehemännern"},
{"singular":"Gatte", "plural":"Gatten"},
{"singular":"Gatten", "plural":"Gatten"},
{"singular":"Ehegatte", "plural":"Ehegatten"},
{"singular":"Ehegatten", "plural":"Ehegatten"},
{"singular":"Gemahl", "plural":"Gemahlen"},
{"singular":"Gemahls", "plural":"Gemahlen"},
{"singular":"Großvater", "plural":"Großväter"},
{"singular":"Großvaters", "plural":"Großvätern"},
{"singular":"Opa", "plural":"Opas"},
{"singular":"Opas", "plural":"Opas"},
{"singular":"Bruder", "plural":"Brüder"},
{"singular":"Bruders", "plural":"Brüdern"},
{"singular":"Veteran", "plural":"Veteranen"}
],
"unspecified": [
{"singular":"Mensch", "plural":"Menschen"},
{"singular":"Menschen", "plural":"Menschen"},
{"singular":"Einzelperson", "plural":"Einzelpersonen"},
{"singular":"Person", "plural":"Personen"},
{"singular":"Individuum", "plural":"Individuen"},
{"singular":"Individuums", "plural":"Individuen"},
{"singular":"Person", "plural":"Personen"},
{"singular":"Mensch", "plural":"Menschen"},
{"singular":"Menschen", "plural":"Menschen"},
{"singular":"Kind", "plural":"Kinder"},
{"singular":"Kindes", "plural":"Kindern"},
{"singular":"Elternteil", "plural":"Eltern"},
{"singular":"Elternteils", "plural":"Eltern"},
{"singular":"Großelternteil", "plural":"Großeltern"},
{"singular":"Großelternteils", "plural":"Großeltern"},
{"singular":"Geschwisterteil", "plural":"Geschwister"},
{"singular":"Geschwisterteils", "plural":"Geschwistern"},
{"singular":"Veteran", "plural":"Veteranen"}
]
}
