{
"feminine": [
{"singular":"γυναίκα", "plural":"γυναίκες"},
{"singular":"γυναίκας", "plural":"γυναικών"},
{"singular":"γυναικός"},
{"singular":"γυναικούλα", "plural":"γυναικούλες"},
{"singular":"γυναικούλας"},
{"singular":"γυναικάκι", "plural":"γυναικάκια"},
{"singular":"γυναικάριο", "plural":"γυναικάρια"},
{"singular":"γυναικάριου"},
{"singular":"γυναικάρα", "plural":"γυναικάρες"},
{"singular":"γυναικάρας"},
{"singular":"γυναίκαρος", "plural":"γυναίκαροι"},
{"singular":"γυναίκαρου", "plural":"γυναίκαρων"},
{"singular":"γυναίκαρο", "plural":"γυναίκαροι"},
{"singular":"γυναίκαρε", "plural":"γυναίκαροι"},
{"singular":"κυρία", "plural":"κυρίες"},
{"singular":"κυρίας", "plural":"κυριών"},
{"singular":"κυρά", "plural":"κυρές"},
{"singular":"κυράς", "plural":"κυρών"},
{"singular":"κυριούλα", "plural":"κυριούλες"},
{"singular":"κυριούλας"},
{"singular":"κυρούλα", "plural":"κυρούλες"},
{"singular":"κυρούλας"},
{"singular":"κυράτσα", "plural":"κυράτσες"},
{"singular":"κυράτσας", "plural":"κυρατσών"},
{"singular":"κορίτσι", "plural":"κορίτσια"},
{"singular":"κοριτσιού", "plural":"κοριτσιών"},
{"singular":"κοπέλα", "plural":"κοπέλες"},
{"singular":"κοπέλας", "plural":"κοπελών"},
{"singular":"κοπελιά", "plural":"κοπελιές"},
{"singular":"κοπελιάς", "plural":"κοπελιών"},
{"singular":"κοριτσάκι", "plural":"κοριτσάκια"},
{"singular":"κοπελίτσα", "plural":"κοπελίτσες"},
{"singular":"κοπελίτσας"},
{"singular":"κοπελούδα", "plural":"κοπελούδες"},
{"singular":"κοπελούδας", "plural":"κοπελούδων"},
{"singular":"κοριτσάρα", "plural":"κοριτσάρες"},
{"singular":"κοριτσάρας"},
{"singular":"κορίτσαρος", "plural":"κορίτσαροι"},
{"singular":"κορίτσαρου", "plural":"κορίτσαρων"},
{"singular":"κορίτσαρο", "plural":"κορίτσαρους"},
{"singular":"κορίτσαρε", "plural":"κορίτσαροι"},
{"singular":"κοπελάρα", "plural":"κοπελάρες"},
{"singular":"κοπελάρας"},
{"singular":"μητέρα", "plural":"μητέρες"},
{"singular":"μητέρας", "plural":"μητερών"},
{"singular":"μάνα", "plural":"μάνες"},
{"singular":"μάνας", "plural":"μανάδων"},
{"plural":"μανάδες"},
{"plural":"μανάδων"},
{"singular":"μητερούλα", "plural":"μητερούλες"},
{"singular":"μητερούλας"},
{"singular":"μανούλα", "plural":"μανούλες"},
{"singular":"μανούλας"},
{"singular":"μανουλίτσα", "plural":"μανουλίτσες"},
{"singular":"μανουλίτσας"},
{"singular":"μαμά", "plural":"μαμάδες"},
{"singular":"μαμάς", "plural":"μαμάδων"},
{"singular":"μαμάκα"},
{"singular":"μαμάκας"},
{"singular":"μαμακούλα", "plural":"μαμακούλες"},
{"singular":"μαμακούλας"},
{"singular":"κόρη", "plural":"κόρες"},
{"singular":"κόρης", "plural":"κορών"},
{"singular":"θυγατέρα", "plural":"θυγατέρες"},
{"singular":"θυγατέρας", "plural":"θυγατέρων"},
{"singular":"κορούλα", "plural":"κορούλες"},
{"singular":"κορούλας", "plural":"κορούλων"},
{"singular":"κοράκλα", "plural":"κοράκλες"},
{"singular":"κοράκλας", "plural":"κοράκλων"},
{"singular":"γιαγιά", "plural":"γιαγιάδες"},
{"singular":"γιαγιάς", "plural":"γιαγιάδων"},
{"singular":"γιαγιούλα", "plural":"γιαγιούλες"},
{"singular":"γιαγιούλας"},
{"singular":"γιαγιάκα", "plural":"γιαγιάκες"},
{"singular":"γιαγιάκας", "plural":"γιαγιάκων"},
{"singular":"γιαγιακούλα", "plural":"γιαγιακούλες"},
{"singular":"γιαγιακούλας"},
{"singular":"αδελφή", "plural":"αδελφές"},
{"singular":"αδελφής", "plural":"αδελφών"},
{"singular":"αδερφή", "plural":"αδερφές"},
{"singular":"αδερφής", "plural":"αδερφών"},
{"singular":"αδελφούλα", "plural":"αδελφούλες"},
{"singular":"αδελφούλας", "plural":"αδελφούλων"},
{"singular":"αδερφούλα", "plural":"αδερφούλες"},
{"singular":"αδερφούλας", "plural":"αδερφούλων"},
{"plural":"αδερφάδες"},
{"plural":"αδερφάδων"},
{"plural":"αδελφάδες"},
{"plural":"αδελφάδων"}
],
"masculine": [
{"singular":"άνδρας", "plural":"άνδρες"},
{"singular":"άνδρα", "plural":"ανδρών"},
{"singular":"άνδρα", "plural":"άνδρες"},
{"singular":"άντρας", "plural":"άντρες"},
{"singular":"άντρα", "plural":"αντρών"},
{"singular":"άντρα", "plural":"άντρες"},
{"singular":"άνθρωπος", "plural":"άνθρωποι"},
{"singular":"ανθρώπου", "plural":"ανθρώπων"},
{"singular":"άνθρωπο", "plural":"ανθρώπους"},
{"singular":"άνθρωπε", "plural":"άνθρωποι"},
{"singular":"αντράκι", "plural":"αντράκια"},
{"singular":"άντρακλας", "plural":"άντρακλες"},
{"singular":"άντρακλα", "plural":"αντράκλων"},
{"singular":"άντρακλα", "plural":"άντρακλες"},
{"singular":"αδερφός", "plural":"αδερφοί"},
{"singular":"αδερφού", "plural":"αδερφών"},
{"singular":"αδερφό", "plural":"αδερφούς"},
{"singular":"αδερφέ", "plural":"αδερφοί"},
{"singular":"αδερφός"},
{"singular":"φίλος", "plural":"φίλοι"},
{"singular":"φίλου", "plural":"φίλων"},
{"singular":"φίλο", "plural":"φίλους"},
{"singular":"φίλε", "plural":"φίλοι"},
{"singular":"φίλος"},
{"plural":"αδέρφια"},
{"plural":"αδερφιών"},
{"singular":"τύπος", "plural":"τύποι"},
{"singular":"τύπου", "plural":"τύπων"},
{"singular":"τύπο", "plural":"τύπους"},
{"singular":"τύπε", "plural":"τύποι"},
{"singular":"τυπάς", "plural":"τυπάδες"},
{"singular":"τυπά", "plural":"τυπάδων"},
{"singular":"τυπά", "plural":"τυπάδες"},
{"singular":"αγόρι", "plural":"αγόρια"},
{"singular":"αγοριού", "plural":"αγοριών"},
{"singular":"κοπέλι", "plural":"κοπέλια"},
{"singular":"κοπελιού", "plural":"κοπελιών"},
{"singular":"αγοράκι", "plural":"αγοράκια"},
{"singular":"παιδάκι", "plural":"παιδάκια"},
{"singular":"αγοράκλα", "plural":"αγοράκλες"},
{"singular":"αγοράκλας", "plural":"αγοράκλων"},
{"singular":"πατέρας", "plural":"πατέρες"},
{"singular":"πατέρα", "plural":"πατέρων"},
{"singular":"πατέρα", "plural":"πατέρες"},
{"singular":"πατρός"},
{"plural":"πατεράδες"},
{"plural":"πατεράδων"},
{"singular":"μπαμπάς", "plural":"μπαμπάδες"},
{"singular":"μπαμπά", "plural":"μπαμπάδων"},
{"singular":"μπαμπά", "plural":"μπαμπάδες"},
{"singular":"μπαμπάκας"},
{"singular":"μπαμπάκα"},
{"singular":"πατερούλης", "plural":"πατερούληδες"},
{"singular":"πατερούλη", "plural":"πατερούληδων"},
{"singular":"πατερούλη", "plural":"πατερούληδες"},
{"singular":"γιος", "plural":"γιοι"},
{"singular":"γιου", "plural":"γιων"},
{"singular":"γιο", "plural":"γιους"},
{"singular":"γιε", "plural":"γιοι"},
{"singular":"γιόκας", "plural":"γιόκες"},
{"singular":"γιόκα"},
{"singular":"γιόκα", "plural":"γιόκες"},
{"singular":"παππούς", "plural":"παππούδες"},
{"singular":"παππού", "plural":"παππούδων"},
{"singular":"παππού", "plural":"παππούδες"},
{"singular":"παππούκας"},
{"singular":"παππούκα"},
{"singular":"παππούλης", "plural":"παππούληδες"},
{"singular":"παππούλη", "plural":"παππούληδων"},
{"singular":"παππούλη", "plural":"παππούληδες"},
{"singular":"αδελφός", "plural":"αδελφοί"},
{"singular":"αδελφού", "plural":"αδελφών"},
{"singular":"αδελφό", "plural":"αδελφούς"},
{"singular":"αδελφέ", "plural":"αδελφοί"},
{"singular":"αδερφούλης", "plural":"αδερφούληδες"},
{"singular":"αδερφούλη", "plural":"αδερφούληδων"},
{"singular":"αδερφούλη", "plural":"αδερφούληδες"},
{"singular":"αδελφούλης", "plural":"αδελφούληδες"},
{"singular":"αδελφούλη", "plural":"αδελφούληδων"},
{"singular":"αδελφούλη", "plural":"αδελφούληδες"}
],
"unspecified": [
{"singular":"άτομο", "plural":"άτομα"},
{"singular":"ατόμου", "plural":"ατόμων"},
{"singular":"πρόσωπο", "plural":"πρόσωπα"},
{"singular":"προσώπου", "plural":"προσώπων"},
{"singular":"παιδί", "plural":"παιδιά"},
{"singular":"παιδιού", "plural":"παιδιών"},
{"singular":"πιτσιρίκι", "plural":"πιτσιρίκια"},
{"singular":"πιτσιρικιού", "plural":"πιτσιρικιών"},
{"singular":"παιδάκι", "plural":"παιδιάκια"},
{"singular":"γονέας", "plural":"γονείς"},
{"singular":"γονέα", "plural":"γονέων"},
{"singular":"γονέα", "plural":"γονείς"},
{"singular":"γονιός", "plural":"γονιοί"},
{"singular":"γονιού", "plural":"γονιών"},
{"singular":"γονιό", "plural":"γονιούς"},
{"singular":"γονιέ", "plural":"γονιοί"},
{"singular":"τέκνο", "plural":"τέκνα"},
{"singular":"τέκνου", "plural":"τέκνων"},
{"singular":"σύζυγος", "plural":"σύζυγοι"},
{"singular":"συζύγου", "plural":"συζύγων"},
{"singular":"σύζυγο", "plural":"συζύγους"},
{"singular":"σύζυγε", "plural":"σύζυγοι"},
{"singular":"αδέρφι", "plural":"αδέρφια"},
{"singular":"αδερφιού", "plural":"αδερφιών"},
{"singular":"αδέλφι", "plural":"αδέλφια"},
{"singular":"αδελφιού", "plural":"αδελφιών"},
{"singular":"αδερφάκι", "plural":"αδερφάκια"},
{"singular":"αδελφάκι", "plural":"αδελφάκια"},
{"singular":"βετεράνος", "plural":"βετεράνοι"},
{"singular":"βετεράνου", "plural":"βετεράνων"},
{"singular":"βετεράνο", "plural":"βετεράνους"},
{"singular":"βετεράνε", "plural":"βετεράνοι"},
{"singular":"απόστρατος", "plural":"απόστρατοι"},
{"singular":"απόστρατου", "plural":"απόστρατων"},
{"singular":"απόστρατο", "plural":"απόστρατους"},
{"singular":"απόστρατε", "plural":"απόστρατοι"},
{"singular":"απόμαχος", "plural":"απόμαχοι"},
{"singular":"απόμαχου", "plural":"απόμαχων"},
{"singular":"απόμαχο", "plural":"απόμαχους"},
{"singular":"απόμαχε", "plural":"απόμαχοι"},
{"singular":"παλαίμαχος", "plural":"παλαίμαχοι"},
{"singular":"παλαίμαχου", "plural":"παλαίμαχων"},
{"singular":"παλαίμαχο", "plural":"παλαίμαχους"},
{"singular":"παλαίμαχε", "plural":"παλαίμαχοι"}
]
}
