{
"feminine": [
{"singular":"naine", "plural":"naised"},
{"singular":"naise", "plural":"naiste"},
{"singular":"naist", "plural":"naisi"},
{"singular":"naisesse", "plural":"naistesse"},
{"singular":"naises", "plural":"naistes"},
{"singular":"naisest", "plural":"naistest"},
{"singular":"naisele", "plural":"naistele"},
{"singular":"naisel", "plural":"naistel"},
{"singular":"naiselt", "plural":"naistelt"},
{"singular":"naiseks", "plural":"naisteks"},
{"singular":"naiseni", "plural":"naisteni"},
{"singular":"naisena", "plural":"naistena"},
{"singular":"naisega", "plural":"naistega"},
{"singular":"naiseta", "plural":"naisteta"},
{"singular":"daam", "plural":"daamid"},
{"singular":"daami", "plural":"daamide"},
{"singular":"daami", "plural":"daame"},
{"singular":"daami", "plural":"daamidesse"},
{"singular":"daamis", "plural":"daamides"},
{"singular":"daamist", "plural":"daamidest"},
{"singular":"daamile", "plural":"daamidele"},
{"singular":"daamil", "plural":"daamidel"},
{"singular":"daamilt", "plural":"daamidelt"},
{"singular":"daamiks", "plural":"daamideks"},
{"singular":"daamini", "plural":"daamideni"},
{"singular":"daamina", "plural":"daamidena"},
{"singular":"daamiga", "plural":"daamidega"},
{"singular":"daamita", "plural":"daamideta"},
{"singular":"tüdruk", "plural":"tüdrukud"},
{"singular":"tüdruku", "plural":"tüdrukute"},
{"singular":"tüdrukut", "plural":"tüdrukuid"},
{"singular":"tüdrukusse", "plural":"tüdrukutesse"},
{"singular":"tüdrukus", "plural":"tüdrukutes"},
{"singular":"tüdrukust", "plural":"tüdrukutest"},
{"singular":"tüdrukule", "plural":"tüdrukutele"},
{"singular":"tüdrukul", "plural":"tüdrukutel"},
{"singular":"tüdrukult", "plural":"tüdrukutelt"},
{"singular":"tüdrukuks", "plural":"tüdrukuteks"},
{"singular":"tüdrukuni", "plural":"tüdrukuteni"},
{"singular":"tüdrukuna", "plural":"tüdrukutena"},
{"singular":"tüdrukuga", "plural":"tüdrukutega"},
{"singular":"tüdrukuta", "plural":"tüdrukuteta"},
{"singular":"ema", "plural":"emad"},
{"singular":"ema", "plural":"emade"},
{"singular":"ema", "plural":"emasid"},
{"singular":"emasse", "plural":"emadesse"},
{"singular":"emas", "plural":"emades"},
{"singular":"emast", "plural":"emadest"},
{"singular":"emale", "plural":"emadele"},
{"singular":"emal", "plural":"emadel"},
{"singular":"emalt", "plural":"emadelt"},
{"singular":"emaks", "plural":"emadeks"},
{"singular":"emani", "plural":"emadeni"},
{"singular":"emana", "plural":"emadena"},
{"singular":"emaga", "plural":"emadega"},
{"singular":"emata", "plural":"emadeta"},
{"singular":"emme", "plural":"emmed"},
{"singular":"emme", "plural":"emmede"},
{"singular":"emmet", "plural":"emmesid"},
{"singular":"emmesse", "plural":"emmedesse"},
{"singular":"emmes", "plural":"emmedes"},
{"singular":"emmest", "plural":"emmedest"},
{"singular":"emmele", "plural":"emmedele"},
{"singular":"emmel", "plural":"emmedel"},
{"singular":"emmelt", "plural":"emmedelt"},
{"singular":"emmeks", "plural":"emmedeks"},
{"singular":"emmeni", "plural":"emmedeni"},
{"singular":"emmena", "plural":"emmedena"},
{"singular":"emmega", "plural":"emmedega"},
{"singular":"emmeta", "plural":"emmedeta"},
{"singular":"tütar", "plural":"tütred"},
{"singular":"tütre", "plural":"tütarde"},
{"singular":"tütart", "plural":"tütreid"},
{"singular":"tütresse", "plural":"tütardesse"},
{"singular":"tütres", "plural":"tütardes"},
{"singular":"tütrest", "plural":"tütardest"},
{"singular":"tütrele", "plural":"tütardele"},
{"singular":"tütrel", "plural":"tütardel"},
{"singular":"tütrelt", "plural":"tütardelt"},
{"singular":"tütreks", "plural":"tütardeks"},
{"singular":"tütreni", "plural":"tütardeni"},
{"singular":"tütrena", "plural":"tütardena"},
{"singular":"tütrega", "plural":"tütardega"},
{"singular":"tütreta", "plural":"tütardeta"},
{"singular":"vanaema", "plural":"vanaemad"},
{"singular":"vanaema", "plural":"vanaemade"},
{"singular":"vanaemasse", "plural":"vanaemadesse"},
{"singular":"vanaemas", "plural":"vanaemades"},
{"singular":"vanaemast", "plural":"vanaemadest"},
{"singular":"vanaemale", "plural":"vanaemadele"},
{"singular":"vanaemal", "plural":"vanaemadel"},
{"singular":"vanaemalt", "plural":"vanaemadelt"},
{"singular":"vanaemaks", "plural":"vanaemadeks"},
{"singular":"vanaemani", "plural":"vanaemadeni"},
{"singular":"vanaemana", "plural":"vanaemadena"},
{"singular":"vanaemaga", "plural":"vanaemadega"},
{"singular":"vanaema", "plural":"vanaemasid"},
{"singular":"vanaemata", "plural":"vanaemadeta"},
{"singular":"õde", "plural":"õed"},
{"singular":"õe", "plural":"õdede"},
{"singular":"õde", "plural":"õdesid"},
{"singular":"õesse", "plural":"õdedesse"},
{"singular":"ões", "plural":"õdedes"},
{"singular":"õest", "plural":"õdedest"},
{"singular":"õele", "plural":"õdedele"},
{"singular":"õel", "plural":"õdedel"},
{"singular":"õelt", "plural":"õdedelt"},
{"singular":"õeks", "plural":"õdedeks"},
{"singular":"õeni", "plural":"õdedeni"},
{"singular":"õena", "plural":"õdedena"},
{"singular":"õega", "plural":"õdedega"},
{"singular":"õeta", "plural":"õdedeta"}
],
"masculine": [
{"singular":"mees", "plural":"mehed"},
{"singular":"mehe", "plural":"meeste"},
{"singular":"meest", "plural":"mehi"},
{"singular":"mehesse", "plural":"meestesse"},
{"singular":"mehes", "plural":"meestes"},
{"singular":"mehest", "plural":"meestest"},
{"singular":"mehele", "plural":"meestele"},
{"singular":"mehel", "plural":"meestel"},
{"singular":"mehelt", "plural":"meestelt"},
{"singular":"meheks", "plural":"meesteks"},
{"singular":"meheni", "plural":"meesteni"},
{"singular":"mehena", "plural":"meestena"},
{"singular":"mehega", "plural":"meestega"},
{"singular":"meheta", "plural":"meesteta"},
{"singular":"vennas", "plural":"vennased"},
{"singular":"vennase", "plural":"vennaste"},
{"singular":"vennast", "plural":"vennaseid"},
{"singular":"vennasesse", "plural":"vennastesse"},
{"singular":"vennases", "plural":"vennastes"},
{"singular":"vennasest", "plural":"vennastest"},
{"singular":"vennasele", "plural":"vennastele"},
{"singular":"vennasel", "plural":"vennastel"},
{"singular":"vennaselt", "plural":"vennastelt"},
{"singular":"vennaseks", "plural":"vennasteks"},
{"singular":"vennaseni", "plural":"vennasteni"},
{"singular":"vennasena", "plural":"vennastena"},
{"singular":"vennasega", "plural":"vennastega"},
{"singular":"vennaseta", "plural":"vennasteta"},
{"singular":"tüüp", "plural":"tüübid"},
{"singular":"tüübi", "plural":"tüüpide"},
{"singular":"tüüpi", "plural":"tüüpe"},
{"singular":"tüüpi", "plural":"tüüpidesse"},
{"singular":"tüübis", "plural":"tüüpides"},
{"singular":"tüübist", "plural":"tüüpidest"},
{"singular":"tüübile", "plural":"tüüpidele"},
{"singular":"tüübil", "plural":"tüüpidel"},
{"singular":"tüübilt", "plural":"tüüpidelt"},
{"singular":"tüübiks", "plural":"tüüpideks"},
{"singular":"tüübini", "plural":"tüüpideni"},
{"singular":"tüübina", "plural":"tüüpidena"},
{"singular":"tüübiga", "plural":"tüüpidega"},
{"singular":"tüübita", "plural":"tüüpideta"},
{"singular":"kutt", "plural":"kutid"},
{"singular":"kuti", "plural":"kuttide"},
{"singular":"kutti", "plural":"kutte"},
{"singular":"kutti", "plural":"kuttidesse"},
{"singular":"kutis", "plural":"kuttides"},
{"singular":"kutist", "plural":"kuttidest"},
{"singular":"kutile", "plural":"kuttidele"},
{"singular":"kutil", "plural":"kuttidel"},
{"singular":"kutilt", "plural":"kuttidelt"},
{"singular":"kutiks", "plural":"kuttideks"},
{"singular":"kutini", "plural":"kuttideni"},
{"singular":"kutina", "plural":"kuttidena"},
{"singular":"kutiga", "plural":"kuttidega"},
{"singular":"kutita", "plural":"kuttideta"},
{"singular":"poiss", "plural":"poisid"},
{"singular":"poisi", "plural":"poiste"},
{"singular":"poissi", "plural":"poisse"},
{"singular":"poisisse", "plural":"poistesse"},
{"singular":"poisis", "plural":"poistes"},
{"singular":"poisist", "plural":"poistest"},
{"singular":"poisile", "plural":"poistele"},
{"singular":"poisil", "plural":"poistel"},
{"singular":"poisilt", "plural":"poistelt"},
{"singular":"poisiks", "plural":"poisteks"},
{"singular":"poisini", "plural":"poisteni"},
{"singular":"poisina", "plural":"poistena"},
{"singular":"poisiga", "plural":"poistega"},
{"singular":"poisita", "plural":"poisteta"},
{"singular":"isa", "plural":"isad"},
{"singular":"isa", "plural":"isade"},
{"singular":"isa", "plural":"isasid"},
{"singular":"isasse", "plural":"isadesse"},
{"singular":"isas", "plural":"isades"},
{"singular":"isast", "plural":"isadest"},
{"singular":"isale", "plural":"isadele"},
{"singular":"isal", "plural":"isadel"},
{"singular":"isalt", "plural":"isadelt"},
{"singular":"isaks", "plural":"isadeks"},
{"singular":"isani", "plural":"isadeni"},
{"singular":"isana", "plural":"isadena"},
{"singular":"isaga", "plural":"isadega"},
{"singular":"isata", "plural":"isadeta"},
{"singular":"issi", "plural":"issid"},
{"singular":"issi", "plural":"isside"},
{"singular":"issit", "plural":"issisid"},
{"singular":"ississe", "plural":"issidesse"},
{"singular":"issis", "plural":"issides"},
{"singular":"issist", "plural":"issidest"},
{"singular":"issile", "plural":"issidele"},
{"singular":"issil", "plural":"issidel"},
{"singular":"issilt", "plural":"issidelt"},
{"singular":"issiks", "plural":"issideks"},
{"singular":"issini", "plural":"issideni"},
{"singular":"issina", "plural":"issidena"},
{"singular":"issiga", "plural":"issidega"},
{"singular":"issita", "plural":"issideta"},
{"singular":"poeg", "plural":"pojad"},
{"singular":"poja", "plural":"poegade"},
{"singular":"poega", "plural":"poegi"},
{"singular":"pojasse", "plural":"poegadesse"},
{"singular":"pojas", "plural":"poegades"},
{"singular":"pojast", "plural":"poegadest"},
{"singular":"pojale", "plural":"poegadele"},
{"singular":"pojal", "plural":"poegadel"},
{"singular":"pojalt", "plural":"poegadelt"},
{"singular":"pojaks", "plural":"poegadeks"},
{"singular":"pojani", "plural":"poegadeni"},
{"singular":"pojana", "plural":"poegadena"},
{"singular":"pojaga", "plural":"poegadega"},
{"singular":"pojata", "plural":"poegadeta"},
{"singular":"vanaisa", "plural":"vanaisad"},
{"singular":"vanaisa", "plural":"vanaisade"},
{"singular":"vanaisa", "plural":"vanaisasid"},
{"singular":"vanaisasse", "plural":"vanaisadesse"},
{"singular":"vanaisas", "plural":"vanaisades"},
{"singular":"vanaisast", "plural":"vanaisadest"},
{"singular":"vanaisale", "plural":"vanaisadele"},
{"singular":"vanaisalt", "plural":"vanaisadelt"},
{"singular":"vanaisaks", "plural":"vanaisadeks"},
{"singular":"vanaisani", "plural":"vanaisadeni"},
{"singular":"vanaisana", "plural":"vanaisadena"},
{"singular":"vanaisaga", "plural":"vanaisadega"},
{"singular":"vanaisata", "plural":"vanaisadeta"},
{"singular":"vanaisal", "plural":"vanaisadel"},
{"singular":"vend", "plural":"vennad"},
{"singular":"venna", "plural":"vendade"},
{"singular":"venda", "plural":"vendi"},
{"singular":"vennasse", "plural":"vendadesse"},
{"singular":"vennas", "plural":"vendades"},
{"singular":"vennast", "plural":"vendadest"},
{"singular":"vennale", "plural":"vendadele"},
{"singular":"vennal", "plural":"vendadel"},
{"singular":"vennalt", "plural":"vendadelt"},
{"singular":"vennaks", "plural":"vendadeks"},
{"singular":"vennani", "plural":"vendadeni"},
{"singular":"vennana", "plural":"vendadena"},
{"singular":"vennaga", "plural":"vendadega"},
{"singular":"vennata", "plural":"vendadeta"},
{"singular":"venda", "plural":"vendasid"}
],
"unspecified": [
{"singular":"inimene", "plural":"inimesed"},
{"singular":"inimese", "plural":"inimeste"},
{"singular":"inimest", "plural":"inimesi"},
{"singular":"inimesesse", "plural":"inimestesse"},
{"singular":"inimeses", "plural":"inimestes"},
{"singular":"inimesest", "plural":"inimestest"},
{"singular":"inimesele", "plural":"inimestele"},
{"singular":"inimesel", "plural":"inimestel"},
{"singular":"inimeselt", "plural":"inimestelt"},
{"singular":"inimeseks", "plural":"inimesteks"},
{"singular":"inimeseni", "plural":"inimesteni"},
{"singular":"inimesena", "plural":"inimestena"},
{"singular":"inimesega", "plural":"inimestega"},
{"singular":"inimeseta", "plural":"inimesteta"},
{"singular":"isik", "plural":"isikud"},
{"singular":"isiku", "plural":"isikute"},
{"singular":"isikut", "plural":"isikuid"},
{"singular":"isikusse", "plural":"isikutesse"},
{"singular":"isikus", "plural":"isikutes"},
{"singular":"isikust", "plural":"isikutest"},
{"singular":"isikule", "plural":"isikutele"},
{"singular":"isikul", "plural":"isikutel"},
{"singular":"isikult", "plural":"isikutelt"},
{"singular":"isikuks", "plural":"isikuteks"},
{"singular":"isikuni", "plural":"isikuteni"},
{"singular":"isikuna", "plural":"isikutena"},
{"singular":"isikuga", "plural":"isikutega"},
{"singular":"isikuta", "plural":"isikuteta"},
{"singular":"laps", "plural":"lapsed"},
{"singular":"lapse", "plural":"laste"},
{"singular":"last", "plural":"lapsi"},
{"singular":"lapsesse", "plural":"lastesse"},
{"singular":"lapsest", "plural":"lastest"},
{"singular":"lapsele", "plural":"lastele"},
{"singular":"lapselt", "plural":"lastelt"},
{"singular":"lapseks", "plural":"lasteks"},
{"singular":"lapseni", "plural":"lasteni"},
{"singular":"lapsena", "plural":"lastena"},
{"singular":"lapsega", "plural":"lastega"},
{"singular":"lapseta", "plural":"lasteta"},
{"singular":"vanem", "plural":"vanemad"},
{"singular":"vanema", "plural":"vanemate"},
{"singular":"vanemat", "plural":"vanemaid"},
{"singular":"vanemasse", "plural":"vanematesse"},
{"singular":"vanemas", "plural":"vanemates"},
{"singular":"vanemast", "plural":"vanematest"},
{"singular":"vanemale", "plural":"vanematele"},
{"singular":"vanemal", "plural":"vanematel"},
{"singular":"vanemalt", "plural":"vanematelt"},
{"singular":"vanemaks", "plural":"vanemateks"},
{"singular":"vanemani", "plural":"vanemateni"},
{"singular":"vanemana", "plural":"vanematena"},
{"singular":"vanemaga", "plural":"vanematega"},
{"singular":"vanemata", "plural":"vanemateta"},
{"singular":"lapses", "plural":"lastes"},
{"singular":"lapsel", "plural":"lastel"},
{"singular":"abikaasa", "plural":"abikaasad"},
{"singular":"abikaasa", "plural":"abikaasade"},
{"singular":"abikaasat", "plural":"abikaasasid"},
{"singular":"abikaasasse", "plural":"abikaasadesse"},
{"singular":"abikaasas", "plural":"abikaasades"},
{"singular":"abikaasast", "plural":"abikaasadest"},
{"singular":"abikaasale", "plural":"abikaasadele"},
{"singular":"abikaasal", "plural":"abikaasadel"},
{"singular":"abikaasalt", "plural":"abikaasadelt"},
{"singular":"abikaasaks", "plural":"abikaasadeks"},
{"singular":"abikaasani", "plural":"abikaasadeni"},
{"singular":"abikaasana", "plural":"abikaasadena"},
{"singular":"abikaasaga", "plural":"abikaasadega"},
{"singular":"abikaasata", "plural":"abikaasadeta"},
{"singular":"vanavanem", "plural":"vanavanemad"},
{"singular":"vanavanema", "plural":"vanavanemate"},
{"singular":"vanavanemat", "plural":"vanavanemaid"},
{"singular":"vanavanemasse", "plural":"vanavanematesse"},
{"singular":"vanavanemas", "plural":"vanavanemates"},
{"singular":"vanavanemast", "plural":"vanavanematest"},
{"singular":"vanavanemale", "plural":"vanavanematele"},
{"singular":"vanavanemal", "plural":"vanavanematel"},
{"singular":"vanavanemalt", "plural":"vanavanematelt"},
{"singular":"vanavanemaks", "plural":"vanavanemateks"},
{"singular":"vanavanemani", "plural":"vanavanemateni"},
{"singular":"vanavanemana", "plural":"vanavanematena"},
{"singular":"vanavanemaga", "plural":"vanavanematega"},
{"singular":"vanavanemata", "plural":"vanavanemateta"},
{"singular":"venda", "plural":"vendadesse"},
{"singular":"veteran", "plural":"veteranid"},
{"singular":"veterani", "plural":"veteranide"},
{"singular":"veterani", "plural":"veterane"},
{"singular":"veterani", "plural":"veteranidesse"},
{"singular":"veteranis", "plural":"veteranides"},
{"singular":"veteranist", "plural":"veteranidest"},
{"singular":"veteranile", "plural":"veteranidele"},
{"singular":"veteranil", "plural":"veteranidel"},
{"singular":"veteranilt", "plural":"veteranidelt"},
{"singular":"veteraniks", "plural":"veteranideks"},
{"singular":"veteranini", "plural":"veteranideni"},
{"singular":"veteranina", "plural":"veteranidena"},
{"singular":"veteraniga", "plural":"veteranidega"},
{"singular":"veteranita", "plural":"veteranideta"}
]
}
