{
"feminine": [
{"singular":"nainen", "plural":"naiset"},
{"singular":"naisen", "plural":"naisten"},
{"singular":"naista", "plural":"naisia"},
{"singular":"naisessa", "plural":"naisissa"},
{"singular":"naisesta", "plural":"naisista"},
{"singular":"naiseen", "plural":"naisiin"},
{"singular":"naisella", "plural":"naisilla"},
{"singular":"naiselta", "plural":"naisilta"},
{"singular":"naiselle", "plural":"naisille"},
{"singular":"naisena", "plural":"naisina"},
{"singular":"naiseksi", "plural":"naisiksi"},
{"singular":"naisetta", "plural":"naisitta"},
{"singular":"lady", "plural":"ladyt"},
{"singular":"ladyn", "plural":"ladyjen"},
{"singular":"ladya", "plural":"ladyja"},
{"singular":"ladyssa", "plural":"ladyissa"},
{"singular":"ladysta", "plural":"ladyista"},
{"singular":"ladyyn", "plural":"ladyihin"},
{"singular":"ladylla", "plural":"ladyille"},
{"singular":"ladylta", "plural":"ladyilta"},
{"singular":"ladylle", "plural":"ladyille"},
{"singular":"ladyna", "plural":"ladyina"},
{"singular":"ladyksi", "plural":"ladyiksi"},
{"singular":"ladytta", "plural":"ladyitta"},
{"singular":"ladyä", "plural":"ladyja"},
{"singular":"ladyssä", "plural":"ladyissa"},
{"singular":"ladystä", "plural":"ladyista"},
{"singular":"ladyllä", "plural":"ladyille"},
{"singular":"ladyltä", "plural":"ladyilta"},
{"singular":"ladynä", "plural":"ladyina"},
{"singular":"ladyttä", "plural":"ladyitta"},
{"singular":"rouva", "plural":"rouvat"},
{"singular":"rouvan", "plural":"rouvien"},
{"singular":"rouvaa", "plural":"rouvia"},
{"singular":"rouvassa", "plural":"rouvissa"},
{"singular":"rouvasta", "plural":"rouvista"},
{"singular":"rouvaan", "plural":"rouviin"},
{"singular":"rouvalla", "plural":"rouvilla"},
{"singular":"rouvalta", "plural":"rouvilta"},
{"singular":"rouvalle", "plural":"rouville"},
{"singular":"rouvana", "plural":"rouvina"},
{"singular":"rouvaksi", "plural":"rouviksi"},
{"singular":"rouvatta", "plural":"rouvitta"},
{"singular":"tyttö", "plural":"tytöt"},
{"singular":"tytön", "plural":"tyttöjen"},
{"singular":"tyttöä", "plural":"tyttöjä"},
{"singular":"tytössä", "plural":"tytöissä"},
{"singular":"tytöstä", "plural":"tytöistä"},
{"singular":"tyttöön", "plural":"tyttöihin"},
{"singular":"tytöllä", "plural":"tytöillä"},
{"singular":"tytöltä", "plural":"tytöiltä"},
{"singular":"tytölle", "plural":"tytöille"},
{"singular":"tyttönä", "plural":"tyttöinä"},
{"singular":"tytöksi", "plural":"tytöiksi"},
{"singular":"tytöttä", "plural":"tytöittä"},
{"singular":"äiti", "plural":"äidit"},
{"singular":"äidin", "plural":"äitien"},
{"singular":"äitiä", "plural":"äitejä"},
{"singular":"äidissä", "plural":"äideissä"},
{"singular":"äidistä", "plural":"äideistä"},
{"singular":"äitiin", "plural":"äiteihin"},
{"singular":"äidillä", "plural":"äideillä"},
{"singular":"äidiltä", "plural":"äideiltä"},
{"singular":"äidille", "plural":"äideille"},
{"singular":"äitinä", "plural":"äiteinä"},
{"singular":"äidiksi", "plural":"äideiksi"},
{"singular":"äidittä", "plural":"äideittä"},
{"singular":"tytär", "plural":"tyttäret"},
{"singular":"tyttären", "plural":"tyttärien"},
{"singular":"tytärtä", "plural":"tyttäriä"},
{"singular":"tyttäressä", "plural":"tyttärissä"},
{"singular":"tyttärestä", "plural":"tyttäristä"},
{"singular":"tyttäreen", "plural":"tyttäriin"},
{"singular":"tyttärellä", "plural":"tyttärillä"},
{"singular":"tyttäreltä", "plural":"tyttäriltä"},
{"singular":"tyttärelle", "plural":"tyttärille"},
{"singular":"tyttärenä", "plural":"tyttärinä"},
{"singular":"tyttäreksi", "plural":"tyttäriksi"},
{"singular":"tyttärettä", "plural":"tyttärittä"},
{"singular":"vaimo", "plural":"vaimot"},
{"singular":"vaimon", "plural":"vaimojen"},
{"singular":"vaimoa", "plural":"vaimoja"},
{"singular":"vaimossa", "plural":"vaimoissa"},
{"singular":"vaimosta", "plural":"vaimoista"},
{"singular":"vaimoon", "plural":"vaimoihin"},
{"singular":"vaimolla", "plural":"vaimoilla"},
{"singular":"vaimolta", "plural":"vaimoilta"},
{"singular":"vaimolle", "plural":"vaimoille"},
{"singular":"vaimona", "plural":"vaimoina"},
{"singular":"vaimoksi", "plural":"vaimoiksi"},
{"singular":"vaimotta", "plural":"vaimoitta"},
{"singular":"aviovaimo", "plural":"aviovaimot"},
{"singular":"aviovaimon", "plural":"aviovaimojen"},
{"singular":"aviovaimoa", "plural":"aviovaimoja"},
{"singular":"aviovaimossa", "plural":"aviovaimoissa"},
{"singular":"aviovaimosta", "plural":"aviovaimoista"},
{"singular":"aviovaimoon", "plural":"aviovaimoihin"},
{"singular":"aviovaimolla", "plural":"aviovaimoilla"},
{"singular":"aviovaimolta", "plural":"aviovaimoilta"},
{"singular":"aviovaimolle", "plural":"aviovaimoille"},
{"singular":"aviovaimona", "plural":"aviovaimoina"},
{"singular":"aviovaimoksi", "plural":"aviovaimoiksi"},
{"singular":"aviovaimotta", "plural":"aviovaimoitta"},
{"singular":"isoäiti", "plural":"isoäidit"},
{"singular":"isoäidin", "plural":"isoäitien"},
{"singular":"isoäitiä", "plural":"isoäitejä"},
{"singular":"isoäidissä", "plural":"isoäideissä"},
{"singular":"isoäidistä", "plural":"isoäideistä"},
{"singular":"isoäitiin", "plural":"isoäiteihin"},
{"singular":"isoäidillä", "plural":"isoäideillä"},
{"singular":"isoäidiltä", "plural":"isoäideiltä"},
{"singular":"isoäidille", "plural":"isoäideille"},
{"singular":"isoäitinä", "plural":"isoäiteinä"},
{"singular":"isoäidiksi", "plural":"isoäideiksi"},
{"singular":"isoäidittä", "plural":"isoäideittä"},
{"singular":"mummo", "plural":"mummot"},
{"singular":"mummon", "plural":"mummojen"},
{"singular":"mummoa", "plural":"mummoja"},
{"singular":"mummossa", "plural":"mummoissa"},
{"singular":"mummosta", "plural":"mummoista"},
{"singular":"mummoon", "plural":"mummoihin"},
{"singular":"mummolla", "plural":"mummoilla"},
{"singular":"mummolta", "plural":"mummoilta"},
{"singular":"mummolle", "plural":"mummoille"},
{"singular":"mummona", "plural":"mummoina"},
{"singular":"mummoksi", "plural":"mummoiksi"},
{"singular":"mummotta", "plural":"mummoitta"},
{"singular":"mummi", "plural":"mummit"},
{"singular":"mummin", "plural":"mummien"},
{"singular":"mummia", "plural":"mummeja"},
{"singular":"mummissa", "plural":"mummeissa"},
{"singular":"mummista", "plural":"mummeista"},
{"singular":"mummiin", "plural":"mummeihin"},
{"singular":"mummilla", "plural":"mummeilla"},
{"singular":"mummilta", "plural":"mummeilta"},
{"singular":"mummille", "plural":"mummeille"},
{"singular":"mummina", "plural":"mummeina"},
{"singular":"mummiksi", "plural":"mummeiksi"},
{"singular":"mummitta", "plural":"mummeitta"},
{"singular":"sisko", "plural":"siskot"},
{"singular":"siskon", "plural":"siskojen"},
{"singular":"siskoa", "plural":"siskoja"},
{"singular":"siskossa", "plural":"siskoissa"},
{"singular":"siskosta", "plural":"siskoista"},
{"singular":"siskoon", "plural":"siskoihin"},
{"singular":"siskolla", "plural":"siskoilla"},
{"singular":"siskolta", "plural":"siskoilta"},
{"singular":"siskolle", "plural":"siskoille"},
{"singular":"siskona", "plural":"siskoina"},
{"singular":"siskoksi", "plural":"siskoiksi"},
{"singular":"siskotta", "plural":"siskoitta"},
{"singular":"sisar", "plural":"sisaret"},
{"singular":"sisaren", "plural":"sisarten"},
{"singular":"sisarta", "plural":"sisaria"},
{"singular":"sisaressa", "plural":"sisarissa"},
{"singular":"sisaresta", "plural":"sisarista"},
{"singular":"sisareen", "plural":"sisariin"},
{"singular":"sisarella", "plural":"sisarilla"},
{"singular":"sisarelta", "plural":"sisarilta"},
{"singular":"sisarelle", "plural":"sisarille"},
{"singular":"sisarena", "plural":"sisarina"},
{"singular":"sisareksi", "plural":"sisariksi"},
{"singular":"sisaretta", "plural":"sisaritta"}
],
"masculine": [
{"singular":"mies", "plural":"miehet"},
{"singular":"miehen", "plural":"miesten"},
{"singular":"miestä", "plural":"miehiä"},
{"singular":"miehessä", "plural":"miehissä"},
{"singular":"miehestä", "plural":"miehistä"},
{"singular":"mieheen", "plural":"miehiin"},
{"singular":"miehellä", "plural":"miehillä"},
{"singular":"mieheltä", "plural":"miehiltä"},
{"singular":"miehelle", "plural":"miehille"},
{"singular":"miehenä", "plural":"miehinä"},
{"singular":"mieheksi", "plural":"miehiksi"},
{"singular":"miehettä", "plural":"miehittä"},
{"singular":"broidi", "plural":"broidit"},
{"singular":"broidin", "plural":"broidien"},
{"singular":"broidia", "plural":"broideja"},
{"singular":"broidissa", "plural":"broideissa"},
{"singular":"broidista", "plural":"broideista"},
{"singular":"broidiin", "plural":"broideihin"},
{"singular":"broidilla", "plural":"broideilla"},
{"singular":"broidilta", "plural":"broideilta"},
{"singular":"broidille", "plural":"broideille"},
{"singular":"broidina", "plural":"broideina"},
{"singular":"broidiksi", "plural":"broideiksi"},
{"singular":"broiditta", "plural":"broideitta"},
{"singular":"äijä", "plural":"äijät"},
{"singular":"äijän", "plural":"äijien"},
{"singular":"äijää", "plural":"äijiä"},
{"singular":"äijässä", "plural":"äijissä"},
{"singular":"äijästä", "plural":"äijistä"},
{"singular":"äijään", "plural":"äijiin"},
{"singular":"äijällä", "plural":"äijillä"},
{"singular":"äijältä", "plural":"äijiltä"},
{"singular":"äijälle", "plural":"äijille"},
{"singular":"äijänä", "plural":"äijinä"},
{"singular":"äijäksi", "plural":"äijiksi"},
{"singular":"äijättä", "plural":"äijittä"},
{"singular":"jätkä", "plural":"jätkät"},
{"singular":"jätkän", "plural":"jätkien"},
{"singular":"jätkää", "plural":"jätkiä"},
{"singular":"jätkässä", "plural":"jätkissä"},
{"singular":"jätkästä", "plural":"jätkistä"},
{"singular":"jätkään", "plural":"jätkiin"},
{"singular":"jätkällä", "plural":"jätkillä"},
{"singular":"jätkältä", "plural":"jätkiltä"},
{"singular":"jätkälle", "plural":"jätkille"},
{"singular":"jätkänä", "plural":"jätkinä"},
{"singular":"jätkäksi", "plural":"jätkiksi"},
{"singular":"jätkättä", "plural":"jätkittä"},
{"singular":"kaveri", "plural":"kaverit"},
{"singular":"kaverin", "plural":"kaverien"},
{"singular":"kaveria", "plural":"kavereita"},
{"singular":"kaverissa", "plural":"kavereissa"},
{"singular":"kaverista", "plural":"kavereista"},
{"singular":"kaveriin", "plural":"kavereihin"},
{"singular":"kaverilla", "plural":"kavereilla"},
{"singular":"kaverilta", "plural":"kavereilta"},
{"singular":"kaverille", "plural":"kavereille"},
{"singular":"kaverina", "plural":"kavereina"},
{"singular":"kaveriksi", "plural":"kavereiksi"},
{"singular":"kaveritta", "plural":"kavereitta"},
{"singular":"veli", "plural":"veljet"},
{"singular":"veljen", "plural":"veljien"},
{"singular":"veljeä", "plural":"veljiä"},
{"singular":"veljessä", "plural":"veljissä"},
{"singular":"veljestä", "plural":"veljistä"},
{"singular":"veljeen", "plural":"veljiin"},
{"singular":"veljellä", "plural":"veljillä"},
{"singular":"veljeltä", "plural":"veljiltä"},
{"singular":"veljelle", "plural":"veljille"},
{"singular":"veljenä", "plural":"veljinä"},
{"singular":"veljeksi", "plural":"veljiksi"},
{"singular":"veljettä", "plural":"veljittä"},
{"singular":"tyyppi", "plural":"tyypit"},
{"singular":"tyypin", "plural":"tyyppien"},
{"singular":"tyyppiä", "plural":"tyyppejä"},
{"singular":"tyypissä", "plural":"tyypeissä"},
{"singular":"tyypistä", "plural":"tyypeistä"},
{"singular":"tyyppiin", "plural":"tyyppeihin"},
{"singular":"tyypillä", "plural":"tyypeillä"},
{"singular":"tyypiltä", "plural":"tyypeiltä"},
{"singular":"tyypille", "plural":"tyypeille"},
{"singular":"tyyppinä", "plural":"tyyppeinä"},
{"singular":"tyypiksi", "plural":"tyypeiksi"},
{"singular":"tyypittä", "plural":"tyypeittä"},
{"singular":"poika", "plural":"pojat"},
{"singular":"pojan", "plural":"poikien"},
{"singular":"poikaa", "plural":"poikia"},
{"singular":"pojassa", "plural":"pojissa"},
{"singular":"pojasta", "plural":"pojista"},
{"singular":"poikaan", "plural":"poikiin"},
{"singular":"pojalla", "plural":"pojilla"},
{"singular":"pojalta", "plural":"pojilta"},
{"singular":"pojalle", "plural":"pojille"},
{"singular":"poikana", "plural":"poikina"},
{"singular":"pojaksi", "plural":"pojiksi"},
{"singular":"pojatta", "plural":"pojitta"},
{"singular":"isä", "plural":"isät"},
{"singular":"isän", "plural":"isien"},
{"singular":"isää", "plural":"isiä"},
{"singular":"isässä", "plural":"isissä"},
{"singular":"isästä", "plural":"isistä"},
{"singular":"isään", "plural":"isiin"},
{"singular":"isällä", "plural":"isillä"},
{"singular":"isältä", "plural":"isiltä"},
{"singular":"isälle", "plural":"isille"},
{"singular":"isänä", "plural":"isinä"},
{"singular":"isäksi", "plural":"isiksi"},
{"singular":"isättä", "plural":"isittä"},
{"singular":"aviomies", "plural":"aviomiehet"},
{"singular":"aviomiehen", "plural":"aviomiesten"},
{"singular":"aviomiestä", "plural":"aviomiehiä"},
{"singular":"aviomiehessä", "plural":"aviomiehissä"},
{"singular":"aviomiehestä", "plural":"aviomiehistä"},
{"singular":"aviomieheen", "plural":"aviomiehiin"},
{"singular":"aviomiehellä", "plural":"aviomiehillä"},
{"singular":"aviomieheltä", "plural":"aviomiehiltä"},
{"singular":"aviomiehelle", "plural":"aviomiehille"},
{"singular":"aviomiehenä", "plural":"aviomiehinä"},
{"singular":"aviomieheksi", "plural":"aviomiehiksi"},
{"singular":"aviomiehettä", "plural":"aviomiehittä"},
{"singular":"isoisä", "plural":"isoisät"},
{"singular":"isoisän", "plural":"isoisien"},
{"singular":"isoisää", "plural":"isoisiä"},
{"singular":"isoisässä", "plural":"isoisissä"},
{"singular":"isoisästä", "plural":"isoisistä"},
{"singular":"isoisään", "plural":"isoisiin"},
{"singular":"isoisällä", "plural":"isoisillä"},
{"singular":"isoisältä", "plural":"isoisiltä"},
{"singular":"isoisälle", "plural":"isoisille"},
{"singular":"isoisänä", "plural":"isoisinä"},
{"singular":"isoisäksi", "plural":"isoisiksi"},
{"singular":"isoisättä", "plural":"isoisittä"},
{"singular":"ukki", "plural":"ukit"},
{"singular":"ukin", "plural":"ukkien"},
{"singular":"ukkia", "plural":"ukkeja"},
{"singular":"ukissa", "plural":"ukeissa"},
{"singular":"ukista", "plural":"ukeista"},
{"singular":"ukkiin", "plural":"ukkeihin"},
{"singular":"ukilla", "plural":"ukeilla"},
{"singular":"ukilta", "plural":"ukeilta"},
{"singular":"ukille", "plural":"ukeille"},
{"singular":"ukkina", "plural":"ukkeina"},
{"singular":"ukiksi", "plural":"ukeiksi"},
{"singular":"ukitta", "plural":"ukeitta"},
{"singular":"vaari", "plural":"vaarit"},
{"singular":"vaarin", "plural":"vaarien"},
{"singular":"vaaria", "plural":"vaareja"},
{"singular":"vaarissa", "plural":"vaareissa"},
{"singular":"vaarista", "plural":"vaareista"},
{"singular":"vaariin", "plural":"vaareihin"},
{"singular":"vaarilla", "plural":"vaareilla"},
{"singular":"vaarilta", "plural":"vaareilta"},
{"singular":"vaarille", "plural":"vaareille"},
{"singular":"vaarina", "plural":"vaareina"},
{"singular":"vaariksi", "plural":"vaareiksi"},
{"singular":"vaaritta", "plural":"vaareitta"}
],
"unspecified": [
{"singular":"yksilö", "plural":"yksilöt"},
{"singular":"yksilön", "plural":"yksilöiden"},
{"singular":"yksilöä", "plural":"yksilöitä"},
{"singular":"yksilössä", "plural":"yksilöissä"},
{"singular":"yksilöstä", "plural":"yksilöistä"},
{"singular":"yksilöön", "plural":"yksilöihin"},
{"singular":"yksilöllä", "plural":"yksilöillä"},
{"singular":"yksilöltä", "plural":"yksilöiltä"},
{"singular":"yksilölle", "plural":"yksilöille"},
{"singular":"yksilönä", "plural":"yksilöinä"},
{"singular":"yksilöksi", "plural":"yksilöiksi"},
{"singular":"yksilöttä", "plural":"yksilöittä"},
{"singular":"henkilö", "plural":"henkilöt"},
{"singular":"henkilön", "plural":"henkilöiden"},
{"singular":"henkilöä", "plural":"henkilöitä"},
{"singular":"henkilössä", "plural":"henkilöissä"},
{"singular":"henkilöstä", "plural":"henkilöistä"},
{"singular":"henkilöön", "plural":"henkilöihin"},
{"singular":"henkilöllä", "plural":"henkilöillä"},
{"singular":"henkilöltä", "plural":"henkilöiltä"},
{"singular":"henkilölle", "plural":"henkilöille"},
{"singular":"henkilönä", "plural":"henkilöinä"},
{"singular":"henkilöksi", "plural":"henkilöiksi"},
{"singular":"henkilöttä", "plural":"henkilöittä"},
{"singular":"lapsi", "plural":"lapset"},
{"singular":"lapsen", "plural":"lapsien"},
{"singular":"lasta", "plural":"lapsia"},
{"singular":"lapsessa", "plural":"lapsissa"},
{"singular":"lapsesta", "plural":"lapsista"},
{"singular":"lapseen", "plural":"lapsiin"},
{"singular":"lapsella", "plural":"lapsilla"},
{"singular":"lapselta", "plural":"lapsilta"},
{"singular":"lapselle", "plural":"lapsille"},
{"singular":"lapsena", "plural":"lapsina"},
{"singular":"lapseksi", "plural":"lapsiksi"},
{"singular":"lapsetta", "plural":"lapsitta"},
{"singular":"vanhempi", "plural":"vanhemmat"},
{"singular":"vanhemman", "plural":"vanhempien"},
{"singular":"vanhempaa", "plural":"vanhempia"},
{"singular":"vanhemmassa", "plural":"vanhemmissa"},
{"singular":"vanhemmasta", "plural":"vanhemmista"},
{"singular":"vanhempaan", "plural":"vanhempiin"},
{"singular":"vanhemmalla", "plural":"vanhemmilla"},
{"singular":"vanhemmalta", "plural":"vanhemmilta"},
{"singular":"vanhemmalle", "plural":"vanhemmille"},
{"singular":"vanhempana", "plural":"vanhempina"},
{"singular":"vanhemmaksi", "plural":"vanhemmiksi"},
{"singular":"vanhemmatta", "plural":"vanhemmitta"},
{"singular":"puoliso", "plural":"puolisot"},
{"singular":"puolison", "plural":"puolisojen"},
{"singular":"puolisoa", "plural":"puolisoja"},
{"singular":"puolisossa", "plural":"puolisoissa"},
{"singular":"puolisosta", "plural":"puolisoista"},
{"singular":"puolisoon", "plural":"puolisoihin"},
{"singular":"puolisolla", "plural":"puolisoilla"},
{"singular":"puolisolta", "plural":"puolisoilta"},
{"singular":"puolisolle", "plural":"puolisoille"},
{"singular":"puolisona", "plural":"puolisoina"},
{"singular":"puolisoksi", "plural":"puolisoiksi"},
{"singular":"puolisotta", "plural":"puolisoitta"},
{"singular":"puolison", "plural":"puolisoiden"},
{"singular":"puolisoa", "plural":"puolisoita"},
{"singular":"puolison", "plural":"puolisoitten"},
{"singular":"aviopuoliso", "plural":"aviopuolisot"},
{"singular":"aviopuolison", "plural":"aviopuolisojen"},
{"singular":"aviopuolisoa", "plural":"aviopuolisoja"},
{"singular":"aviopuolisossa", "plural":"aviopuolisoissa"},
{"singular":"aviopuolisosta", "plural":"aviopuolisoista"},
{"singular":"aviopuolisoon", "plural":"aviopuolisoihin"},
{"singular":"aviopuolisolla", "plural":"aviopuolisoilla"},
{"singular":"aviopuolisolta", "plural":"aviopuolisoilta"},
{"singular":"aviopuolisolle", "plural":"aviopuolisoille"},
{"singular":"aviopuolisona", "plural":"aviopuolisoina"},
{"singular":"aviopuolisoksi", "plural":"aviopuolisoiksi"},
{"singular":"aviopuolisotta", "plural":"aviopuolisoitta"},
{"singular":"aviopuolison", "plural":"aviopuolisoiden"},
{"singular":"aviopuolisoa", "plural":"aviopuolisoita"},
{"singular":"aviopuolison", "plural":"aviopuolisoitten"},
{"singular":"isovanhempi", "plural":"isovanhemmat"},
{"singular":"isovanhemman", "plural":"isovanhempien"},
{"singular":"isovanhempaa", "plural":"isovanhempia"},
{"singular":"isovanhemmassa", "plural":"isovanhemmissa"},
{"singular":"isovanhemmasta", "plural":"isovanhemmista"},
{"singular":"isovanhempaan", "plural":"isovanhempiin"},
{"singular":"isovanhemmalla", "plural":"isovanhemmilla"},
{"singular":"isovanhemmalta", "plural":"isovanhemmilta"},
{"singular":"isovanhemmalle", "plural":"isovanhemmille"},
{"singular":"isovanhempana", "plural":"isovanhempina"},
{"singular":"isovanhemmaksi", "plural":"isovanhemmiksi"},
{"singular":"isovanhemmatta", "plural":"isovanhemmitta"},
{"singular":"sisarus", "plural":"sisarukset"},
{"singular":"sisaruksen", "plural":"sisarusten"},
{"singular":"sisarusta", "plural":"sisaruksia"},
{"singular":"sisaruksessa", "plural":"sisaruksissa"},
{"singular":"sisaruksesta", "plural":"sisaruksista"},
{"singular":"sisarukseen", "plural":"sisaruksiin"},
{"singular":"sisaruksella", "plural":"sisaruksilla"},
{"singular":"sisarukselta", "plural":"sisaruksilta"},
{"singular":"sisarukselle", "plural":"sisaruksille"},
{"singular":"sisaruksena", "plural":"sisaruksina"},
{"singular":"sisarukseksi", "plural":"sisaruksiksi"},
{"singular":"sisaruksetta", "plural":"sisaruksitta"},
{"singular":"veteraani", "plural":"veteraanit"},
{"singular":"veteraanin", "plural":"veteraanien"},
{"singular":"veteraania", "plural":"veteraaneja"},
{"singular":"veteraanissa", "plural":"veteraaneissa"},
{"singular":"veteraanista", "plural":"veteraaneista"},
{"singular":"veteraaniin", "plural":"veteraaneihin"},
{"singular":"veteraanilla", "plural":"veteraaneilla"},
{"singular":"veteraanilta", "plural":"veteraaneilta"},
{"singular":"veteraanille", "plural":"veteraaneille"},
{"singular":"veteraanina", "plural":"veteraaneina"},
{"singular":"veteraaniksi", "plural":"veteraaneiksi"},
{"singular":"veteraanitta", "plural":"veteraaneitta"}
]
}
