{
"feminine": [
{"singular":"bean", "plural":"mná"},
{"singular":"Bantiarna", "plural":"Bantiarnaí"},
{"singular":"cailín", "plural":"cailiní"},
{"singular":"girseach", "plural":"girseacha"},
{"singular":"gearrchaile", "plural":"gearrchailí"},
{"singular":"máthair", "plural":"máithreacha"},
{"singular":"mamaí", "plural":"mamanna"},
{"singular":"mam"},
{"singular":"iníon", "plural":"iníonacha"},
{"singular":"ceile", "plural":"céilí"},
{"singular":"seanmháithair", "plural":"seanmháithreacha"},
{"singular":"máthair mhór", "plural":"máithaireacha móra"},
{"singular":"máthair chríonna", "plural":"máthaireacha críonna"},
{"singular":"mamó", "plural":"mamónna"},
{"singular":"deirfiúr", "plural":"deirfiúracha"}
],
"masculine": [
{"singular":"fear", "plural":"fir"},
{"singular":"deartháir", "plural":"deartháireacha"},
{"singular":"leaid", "plural":"leaideanna"},
{"singular":"boc", "plural":"boic"},
{"singular":"stócach", "plural":"stócaigh"},
{"singular":"buachaill", "plural":"buachaillí"},
{"singular":"gasún", "plural":"gasúir"},
{"singular":"garsún", "plural":"garsúin"},
{"singular":"ógánach", "plural":"ógánaigh"},
{"singular":"athair", "plural":"aithreacha"},
{"singular":"daid", "plural":"daideanna"},
{"singular":"daidí", "plural":"daidithe"},
{"singular":"mac", "plural":"mic"},
{"singular":"fear chéile", "plural":"fir céilí"},
{"singular":"fear  ", "plural":"fir"},
{"singular":"céile fir", "plural":"fir céilí"},
{"singular":"athair mór", "plural":"aithreacha móra"},
{"singular":"athair críonna", "plural":"aithreacha críonna"},
{"singular":"daideo", "plural":"daideonna"}
],
"unspecified": [
{"singular":"duine aonair", "plural":"daoine aonair"},
{"singular":"duine", "plural":"daoine"},
{"singular":"páiste ", "plural":"páistí"},
{"singular":"leanbh", "plural":"leanaí"},
{"singular":"gasúr", "plural":"gasúir"},
{"singular":"tachrán", "plural":"tachráin"},
{"singular":"tuismitheoir", "plural":"tuismitheoirí"},
{"singular":"tuiste", "plural":"tuistí"},
{"singular":"páiste", "plural":"páistí"},
{"singular":"céile", "plural":"céilí"},
{"singular":"páirtí", "plural":"páirtithe"},
{"singular":"seantuismitheoir", "plural":"seantuismitheoirí"},
{"singular":"tuismitheoir críonna", "plural":"tuismitheoirí críonna"},
{"singular":"siblín", "plural":"siblíní"},
{"singular":"seanfhondúir", "plural":"seanfhondúirí"},
{"singular":"iarshaighdiúir", "plural":"iarshaighdiúirí"}
]
}
