{
"feminine": [
{"singular":"स्त्री", "plural":"स्त्रियाँ"},
{"singular":"महिला", "plural":"महिलाएँ"},
{"singular":"औरत", "plural":"औरतें"},
{"singular":"लड़की", "plural":"लड़कियाँ"},
{"singular":"कन्या", "plural":"कन्याएँ"},
{"singular":"बालिका", "plural":"बालिकाएँ"},
{"singular":"माँ", "plural":"माँएं"},
{"singular":"मम्मी", "plural":"मम्मियाँ"},
{"singular":"माताजी", "plural":"माताएं"},
{"singular":"माता"},
{"singular":"बेटी", "plural":"बेटियाँ"},
{"singular":"पुत्री", "plural":"पुत्रियाँ"},
{"singular":"पत्नी", "plural":"पत्नियाँ"},
{"singular":"धर्मपत्नी", "plural":"धर्मपत्नियाँ"},
{"singular":"बेगम", "plural":"बेगमें"},
{"singular":"दादी", "plural":"दादियाँ"},
{"singular":"अम्मा", "plural":"अम्माएँ"},
{"singular":"नानी", "plural":"नानियाँ"},
{"singular":"बहन", "plural":"बहनें"},
{"singular":"दीदी", "plural":"दीदियाँ"}
],
"masculine": [
{"singular":"आदमी", "plural":"आदमी"},
{"singular":"पुरुष", "plural":"पुरुष"},
{"singular":"मर्द", "plural":"मर्द"},
{"singular":"लड़का", "plural":"लड़के"},
{"singular":"बालक", "plural":"बालक"},
{"singular":"पिता", "plural":"पिता"},
{"singular":"पापा", "plural":"पापा"},
{"singular":"डैडी", "plural":"डैडी"},
{"singular":"बेटा", "plural":"बेटे"},
{"singular":"पुत्र", "plural":"पुत्र"},
{"singular":"पति", "plural":"पति"},
{"singular":"शौहर", "plural":"शौहर"},
{"singular":"दादा", "plural":"दादा"},
{"singular":"बाबा", "plural":"बाबा"},
{"singular":"नाना", "plural":"नाना"},
{"singular":"भाई", "plural":"भाई"},
{"singular":"भ्राता", "plural":"भ्राता"}
],
"unspecified": [
{"singular":"व्यक्ति", "plural":"व्यक्ति"},
{"singular":"बंदा", "plural":"बंदे"},
{"singular":"बच्चा", "plural":"बच्चे"},
{"singular":"बालक", "plural":"बालक"},
{"singular":"शिशु", "plural":"शिशु"},
{"singular":"माता-पिता", "plural":"अभिभावकगण"},
{"singular":"अभिभावक"},
{"singular":"जीवनसाथी", "plural":"जीवनसाथी"},
{"singular":"पत्नी", "plural":"पत्नी"},
{"singular":"नानी", "plural":"नानी"},
{"singular":"दादा", "plural":"दादी"},
{"singular":"दादी", "plural":"दादा"},
{"singular":"भाई-बहन", "plural":"भाई-बहन"},
{"singular":"अनुभवी व्यक्ति", "plural":"अनुभवी व्यक्ति"},
{"singular":"सेवानिवृत्त", "plural":"सेवानिवृत्त"},
{"singular":"अनुभवी योद्धा", "plural":"अनुभवी योद्धा"}
]
}
