{
"feminine": [
{"singular":"wanita", "plural":"para wanita"},
{"singular":"perempuan", "plural":"perempuan-perempuan"},
{"singular":"cewek", "plural":"cewek-cewek"},
{"singular":"puan", "plural":"para puan"},
{"singular":"nyonya", "plural":"para nyonya"},
{"singular":"gadis", "plural":"gadis-gadis"},
{"singular":"dara", "plural":"para dara"},
{"singular":"nona", "plural":"nona-nona"},
{"singular":"bunda", "plural":"para bunda"},
{"singular":"ibu", "plural":"ibu-ibu"},
{"singular":"nyokap", "plural":"nyokap-nyokap"},
{"singular":"mak", "plural":"mak-mak"},
{"singular":"mama", "plural":"mama-mama"},
{"singular":"mami", "plural":"mami-mami"},
{"singular":"putri", "plural":"para putri"},
{"singular":"anak perempuan", "plural":"anak-anak perempuan"},
{"singular":"anak cewek", "plural":"anak-anak cewek"},
{"singular":"istri", "plural":"istri-istri"},
{"singular":"bini", "plural":"bini-bini"},
{"singular":"garwa", "plural":"para garwa"},
{"singular":"nenek", "plural":"nenek-nenek"},
{"singular":"nini", "plural":"nini-nini"},
{"singular":"mbah putri", "plural":"para mbah putri"},
{"singular":"oma", "plural":"oma-oma"},
{"singular":"kakak perempuan", "plural":"kakak-kakak perempuan"},
{"singular":"adik perempuan", "plural":"adik-adik perempuan"},
{"singular":"mbak", "plural":"mbak-mbak"}
],
"masculine": [
{"singular":"pria", "plural":"para pria"},
{"singular":"laki-laki", "plural":"para laki-laki"},
{"singular":"cowok", "plural":"cowok-cowok"},
{"singular":"kakak laki-laki", "plural":"kakak-kakak laki-laki"},
{"singular":"adik laki-laki", "plural":"adik-adik laki-laki"},
{"singular":"bang"},
{"singular":"orang", "plural":"orang-orang"},
{"singular":"anak laki-laki", "plural":"anak-anak laki-laki"},
{"singular":"anak cowok", "plural":"anak-anak cowok"},
{"singular":"ayah", "plural":"para ayah"},
{"singular":"bapak", "plural":"bapak-bapak"},
{"singular":"bokap", "plural":"bokap-bokap"},
{"singular":"papa", "plural":"papa-papa"},
{"singular":"papi", "plural":"papi-papi"},
{"singular":"putra", "plural":"para putra"},
{"singular":"bujang", "plural":"para bujang"},
{"singular":"suami", "plural":"suami-suami"},
{"singular":"laki", "plural":"para laki"},
{"singular":"kakek", "plural":"kakek-kakek"},
{"singular":"aki", "plural":"aki-aki"},
{"singular":"mbah kakung", "plural":"mbah-mbah kakung"},
{"singular":"opa", "plural":"opa-opa"}
],
"unspecified": [
{"singular":"individu", "plural":"individu-individu"},
{"singular":"seseorang", "plural":"beberapa orang"},
{"singular":"anak", "plural":"anak-anak"},
{"singular":"bocah", "plural":"bocah-bocah"},
{"singular":"orang tua", "plural":"para orang tua"},
{"singular":"keturunan", "plural":"para keturunan"},
{"singular":"pasangan", "plural":"para pasangan"},
{"singular":"eyang", "plural":"eyang-eyang"},
{"singular":"mbah", "plural":"mbah-mbah"},
{"singular":"saudara kandung", "plural":"saudara-saudara kandung"},
{"singular":"veteran", "plural":"veteran-veteran"},
{"singular":"purnawirawan", "plural":"para purnawirawan"},
{"singular":"pensiunan", "plural":"pensiunan-pensiunan"}
]
}
