{
"feminine": [
{"singular":"女性", "plural":"女性たち"},
{"singular":"女の人", "plural":"女の人たち"},
{"singular":"女の方", "plural":"女の方々"},
{"singular":"女", "plural":"女たち"},
{"singular":"婦人", "plural":"婦人方"},
{"singular":"ご婦人", "plural":"ご婦人方"},
{"singular":"奥様", "plural":"奥様方"},
{"singular":"女の子", "plural":"女の子たち"},
{"singular":"女子", "plural":"女子たち"},
{"singular":"少女", "plural":"少女たち"},
{"singular":"母", "plural":"母たち"},
{"singular":"母親", "plural":"母親たち"},
{"singular":"お母さん", "plural":"お母さんたち"},
{"singular":"-", "plural":"お母さん方"},
{"singular":"お母様", "plural":"お母様たち"},
{"singular":"-", "plural":"お母様方"},
{"singular":"ママ", "plural":"ママたち"},
{"singular":"母さん", "plural":"母さんたち"},
{"singular":"おふくろ", "plural":"おふくろたち"},
{"singular":"娘", "plural":"娘たち"},
{"singular":"娘さん", "plural":"娘さんたち"},
{"singular":"-", "plural":"娘さん方"},
{"singular":"お嬢さん", "plural":"お嬢さんたち"},
{"singular":"-", "plural":"お嬢さん方"},
{"singular":"お嬢様", "plural":"お嬢様方"},
{"singular":"ご息女"},
{"singular":"ご令嬢"},
{"singular":"長女"},
{"singular":"次女"},
{"singular":"三女"},
{"singular":"末女"},
{"singular":"末娘"},
{"singular":"妻", "plural":"妻たち"},
{"singular":"家内"},
{"singular":"かみさん", "plural":"かみさんたち"},
{"singular":"奥さん", "plural":"奥さんたち"},
{"singular":"夫人", "plural":"夫人たち"},
{"singular":"内儀"},
{"singular":"細君"},
{"singular":"マダム", "plural":"マダムたち"},
{"singular":"祖母", "plural":"祖母たち"},
{"singular":"おばあさん", "plural":"おばあさんたち"},
{"singular":"お祖母さん", "plural":"お祖母さんたち"},
{"singular":"おばあ様", "plural":"お祖母様たち"},
{"singular":"お祖母様", "plural":"お祖母様方"},
{"singular":"ばあちゃん", "plural":"ばあちゃんたち"},
{"singular":"おばあちゃん", "plural":"おばあちゃんたち"},
{"singular":"ばあば", "plural":"ばあばたち"},
{"singular":"ばあさん", "plural":"ばあさんたち"},
{"singular":"姉", "plural":"姉たち"},
{"singular":"姉ちゃん", "plural":"姉ちゃんたち"},
{"singular":"お姉ちゃん", "plural":"お姉ちゃんたち"},
{"singular":"姉さん", "plural":"姉さんたち"},
{"singular":"お姉さん", "plural":"お姉さんたち"},
{"singular":"お姉様", "plural":"お姉様たち"},
{"singular":"-", "plural":"お姉様方"},
{"singular":"父親", "plural":"父親たち"},
{"singular":"妹", "plural":"妹たち"},
{"singular":"妹さん", "plural":"妹さんたち"},
{"singular":"姉妹", "plural":"姉妹たち"}
],
"masculine": [
{"singular":"男性", "plural":"男性たち"},
{"singular":"男の人", "plural":"男の人たち"},
{"singular":"男", "plural":"男たち"},
{"singular":"兄弟", "plural":"兄弟"},
{"singular":"男", "plural":"男ども"},
{"singular":"奴", "plural":"奴ら"},
{"singular":"あいつ", "plural":"あいつら"},
{"singular":"男の子", "plural":"男の子たち"},
{"singular":"男子", "plural":"男子たち"},
{"singular":"少年", "plural":"少年たち"},
{"singular":"父", "plural":"父たち"},
{"singular":"お父さん", "plural":"お父さんたち"},
{"singular":"-", "plural":"お父さん方"},
{"singular":"お父様", "plural":"お父様たち"},
{"singular":"-", "plural":"お父様方"},
{"singular":"パパ", "plural":"パパたち"},
{"singular":"父さん", "plural":"父さんたち"},
{"singular":"おやじ", "plural":"おやじたち"},
{"singular":"息子", "plural":"息子たち"},
{"singular":"せがれ"},
{"singular":"息子さん", "plural":"息子さんたち"},
{"singular":"ご子息"},
{"singular":"ご令息"},
{"singular":"長男"},
{"singular":"次男"},
{"singular":"三男"},
{"singular":"末男"},
{"singular":"末息子"},
{"singular":"夫", "plural":"夫たち"},
{"singular":"主人", "plural":"主人たち"},
{"singular":"旦那", "plural":"旦那たち"},
{"singular":"旦那さん", "plural":"旦那さんたち"},
{"singular":"-", "plural":"旦那さん方"},
{"singular":"亭主", "plural":"亭主たち"},
{"singular":"ご亭主", "plural":"ご亭主たち"},
{"singular":"ご主人", "plural":"ご主人たち"},
{"singular":"旦那様", "plural":"旦那様たち"},
{"singular":"-", "plural":"旦那様方"},
{"singular":"夫君"},
{"singular":"祖父", "plural":"祖父たち"},
{"singular":"おじいさん", "plural":"おじいさんたち"},
{"singular":"お祖父さん", "plural":"お祖父さんたち"},
{"singular":"おじい様", "plural":"おじい様たち"},
{"singular":"-", "plural":"おじい様方"},
{"singular":"お祖父様", "plural":"お祖父様たち"},
{"singular":"おじいちゃん", "plural":"おじいちゃんたち"},
{"singular":"じいちゃん", "plural":"じいちゃんたち"},
{"singular":"じいじ", "plural":"じいじたち"},
{"singular":"じいさん", "plural":"じいさんたち"},
{"singular":"兄", "plural":"兄たち"},
{"singular":"兄ちゃん", "plural":"兄ちゃんたち"},
{"singular":"お兄ちゃん", "plural":"お兄ちゃんたち"},
{"singular":"兄さん", "plural":"兄さんたち"},
{"singular":"お兄さん", "plural":"お兄さんたち"},
{"singular":"お兄様", "plural":"お兄様たち"},
{"singular":"-", "plural":"お兄様方"},
{"singular":"弟", "plural":"弟たち"},
{"singular":"弟さん", "plural":"弟さんたちたち"},
{"singular":"兄弟", "plural":"兄弟たち"}
],
"unspecified": [
{"singular":"個人"},
{"singular":"各自"},
{"singular":"人"},
{"singular":"者"},
{"singular":"こども", "plural":"こどもたち"},
{"singular":"子供", "plural":"子供たち"},
{"singular":"子ども", "plural":"子どもたち"},
{"singular":"お子様", "plural":"お子様たち"},
{"singular":"-", "plural":"お子様方"},
{"singular":"お子さん", "plural":"お子さんたち"},
{"singular":"親"},
{"singular":"両親"},
{"singular":"ご両親"},
{"singular":"親御さん", "plural":"親御さんたち"},
{"singular":"-", "plural":"親御さん方"},
{"singular":"保護者", "plural":"保護者たち"},
{"singular":"-", "plural":"保護者の方たち"},
{"singular":"-", "plural":"保護者の方々"},
{"singular":"配偶者"},
{"singular":"伴侶"},
{"singular":"連れ合い"},
{"singular":"パートナー"},
{"singular":"祖父母"},
{"singular":"じいちゃんばあちゃん"},
{"singular":"おじいちゃんおばあちゃん"},
{"singular":"兄弟姉妹"},
{"singular":"末っ子"},
{"singular":"きょうだい"},
{"singular":"弟妹"},
{"singular":"ご弟妹"},
{"singular":"熟練者"},
{"singular":"退役軍人"}
]
}
