{
"feminine": [
{"singular":"ქალი", "plural":"ქალები"},
{"singular":"ქალმა", "plural":"ქალებმა"},
{"singular":"ქალს", "plural":"ქალებს"},
{"singular":"ქალის", "plural":"ქალების"},
{"singular":"ქალით", "plural":"ქალებით"},
{"singular":"ქალად", "plural":"ქალებად"},
{"singular":"ქალო", "plural":"ქალებო"},
{"singular":"ქალბატონი", "plural":"ქალბატონები"},
{"singular":"ქალბატონმა", "plural":"ქალბატონებმა"},
{"singular":"ქალბატონს", "plural":"ქალბატონებს"},
{"singular":"ქალბატონის", "plural":"ქალბატონების"},
{"singular":"ქალბატონით", "plural":"ქალბატონებით"},
{"singular":"ქალბატონად", "plural":"ქალბატონებად"},
{"singular":"ქალბატონო", "plural":"ქალბატონებო"},
{"singular":"გოგო", "plural":"გოგოები"},
{"singular":"გოგომ", "plural":"გოგოებმა"},
{"singular":"გოგოს", "plural":"გოგოებს"},
{"singular":"გოგოს", "plural":"გოგოების"},
{"singular":"გოგოთი", "plural":"გოგოებით"},
{"singular":"გოგოდ", "plural":"გოგოებად"},
{"singular":"გოგო", "plural":"გოგოებო"},
{"singular":"დედა", "plural":"დედები"},
{"singular":"დედამ", "plural":"დედებმა"},
{"singular":"დედას", "plural":"დედებს"},
{"singular":"დედის", "plural":"დედების"},
{"singular":"დედით", "plural":"დედებით"},
{"singular":"დედად", "plural":"დედებად"},
{"singular":"დედავ", "plural":"დედებო"},
{"singular":"დედიკო", "plural":"დედიკოები"},
{"singular":"დედიკომ", "plural":"დედიკოებმა"},
{"singular":"დედიკოს", "plural":"დედიკოებს"},
{"singular":"დედიკოს", "plural":"დედიკოების"},
{"singular":"დედიკოთი", "plural":"დედიკოებით"},
{"singular":"დედიკოდ", "plural":"დედიკოებად"},
{"singular":"დედიკო", "plural":"დედიკოებო"},
{"singular":"ასული", "plural":"ცოლები"},
{"singular":"ასულმა", "plural":"ცოლებმა"},
{"singular":"ასულს", "plural":"ცოლებს"},
{"singular":"ასულის", "plural":"ცოლების"},
{"singular":"ასულით", "plural":"ცოლებით"},
{"singular":"ასულად", "plural":"ცოლებად"},
{"singular":"ასულო", "plural":"ცოლებო"},
{"singular":"ცოლი", "plural":"ბებიები"},
{"singular":"ცოლმა", "plural":"ბებიებმა"},
{"singular":"ცოლს", "plural":"ბებიებს"},
{"singular":"ცოლის", "plural":"ბებიების"},
{"singular":"ცოლით", "plural":"ბებიებით"},
{"singular":"ცოლად", "plural":"ბებიებად"},
{"singular":"ცოლო", "plural":"ბებიებო"},
{"singular":"ბებია", "plural":"ბებიები"},
{"singular":"ბებიამ", "plural":"ბებიებმა"},
{"singular":"ბებიას", "plural":"ბებიებს"},
{"singular":"ბებიის", "plural":"ბებიების"},
{"singular":"ბებიით", "plural":"ბებიებით"},
{"singular":"ბებიად", "plural":"ბებიებად"},
{"singular":"ბებიავ", "plural":"ბებიებო"},
{"singular":"ბებო", "plural":"ბებოები"},
{"singular":"ბებომ", "plural":"ბებოებმა"},
{"singular":"ბებოს", "plural":"ბებოებს"},
{"singular":"ბებოს", "plural":"ბებოების"},
{"singular":"ბებოთი", "plural":"ბებოებით"},
{"singular":"ბებოდ", "plural":"ბებოებად"},
{"singular":"ბებო", "plural":"ბებოებო"},
{"singular":"ქალბატონი", "plural":"დები"},
{"singular":"ქალბატონმა", "plural":"დებმა"},
{"singular":"ქალბატონს", "plural":"დებს"},
{"singular":"ქალბატონის", "plural":"დების"},
{"singular":"ქალბატონით", "plural":"დებით"},
{"singular":"ქალბატონად", "plural":"დებად"},
{"singular":"ქალბატონო", "plural":"დებო"}
],
"masculine": [
{"singular":"გოგო", "plural":"კაცები"},
{"singular":"გოგომ", "plural":"კაცებმა"},
{"singular":"გოგოს", "plural":"კაცებს"},
{"singular":"გოგოს", "plural":"კაცების"},
{"singular":"გოგოთი", "plural":"კაცებით"},
{"singular":"გოგოდ", "plural":"კაცებად"},
{"singular":"გოგო", "plural":"კაცებო"},
{"singular":"დედა", "plural":"ძმები"},
{"singular":"დედამ", "plural":"ძმებმა"},
{"singular":"დედას", "plural":"ძმებს"},
{"singular":"დედის", "plural":"ძმების"},
{"singular":"დედით", "plural":"ძმებით"},
{"singular":"დედად", "plural":"ძმებად"},
{"singular":"დედავ", "plural":"ძმებო"},
{"singular":"დედიკო", "plural":"ბიჭები"},
{"singular":"დედიკომ", "plural":"ბიჭებმა"},
{"singular":"დედიკოს", "plural":"ბიჭებს"},
{"singular":"დედიკოს", "plural":"ბიჭების"},
{"singular":"დედიკოთი", "plural":"ბიჭებით"},
{"singular":"დედიკოდ", "plural":"ბიჭებად"},
{"singular":"დედიკო", "plural":"ბიჭებო"},
{"singular":"ასული", "plural":"ბიჭები"},
{"singular":"ასულმა", "plural":"ბიჭებმა"},
{"singular":"ასულს", "plural":"ბიჭებს"},
{"singular":"ასულის", "plural":"ბიჭების"},
{"singular":"ასულით", "plural":"ბიჭებით"},
{"singular":"ასულად", "plural":"ბიჭებად"},
{"singular":"ასულო", "plural":"ბიჭებო"},
{"singular":"ცოლი", "plural":"მამები"},
{"singular":"ცოლმა", "plural":"მამებმა"},
{"singular":"ცოლს", "plural":"მამებს"},
{"singular":"ცოლის", "plural":"მამების"},
{"singular":"ცოლით", "plural":"მამებით"},
{"singular":"ცოლად", "plural":"მამებად"},
{"singular":"ცოლო", "plural":"მამებო"},
{"singular":"ბებია", "plural":"მამიკოები"},
{"singular":"ბებიამ", "plural":"მამიკოებმა"},
{"singular":"ბებიას", "plural":"მამიკოებს"},
{"singular":"ბებიის", "plural":"მამიკოების"},
{"singular":"ბებიით", "plural":"მამიკოებით"},
{"singular":"ბებიად", "plural":"მამიკოებად"},
{"singular":"ბებიავ", "plural":"მამიკოებო"},
{"singular":"ბებო", "plural":"ძეები"},
{"singular":"ბებომ", "plural":"ძეებმა"},
{"singular":"ბებოს", "plural":"ძეებს"},
{"singular":"ბებოს", "plural":"ძეების"},
{"singular":"ბებოთი", "plural":"ძეებით"},
{"singular":"ბებოდ", "plural":"ძეებად"},
{"singular":"ბებო", "plural":"ძეებო"},
{"singular":"ქმარი", "plural":"ქმრები"},
{"singular":"ქმარმა", "plural":"ქმრებმა"},
{"singular":"ქმარს", "plural":"ქმრებს"},
{"singular":"ქმრის", "plural":"ქმრების"},
{"singular":"ქმრით", "plural":"ქმრებით"},
{"singular":"ქმრად", "plural":"ქმრებად"},
{"singular":"ქმარო", "plural":"ქმრებო"},
{"singular":"ბაბუა", "plural":"ბაბუები"},
{"singular":"ბაბუამ", "plural":"ბაბუებმა"},
{"singular":"ბაბუას", "plural":"ბაბუებს"},
{"singular":"ბაბუის", "plural":"ბაბუების"},
{"singular":"ბაბუით", "plural":"ბაბუებით"},
{"singular":"ბაბუად", "plural":"ბაბუებად"},
{"singular":"ბაბუავ", "plural":"ბაბუებო"},
{"singular":"პაპა", "plural":"პაპები"},
{"singular":"პაპამ", "plural":"პაპებმა"},
{"singular":"პაპას", "plural":"პაპებს"},
{"singular":"პაპის", "plural":"პაპების"},
{"singular":"პაპით", "plural":"პაპებით"},
{"singular":"პაპად", "plural":"პაპებად"},
{"singular":"პაპავ", "plural":"პაპებო"},
{"singular":"ქალბატონი", "plural":"ბაბუები"},
{"singular":"ქალბატონმა", "plural":"ბაბუებმა"},
{"singular":"ქალბატონს", "plural":"ბაბუებს"},
{"singular":"ქალბატონის", "plural":"ბაბუების"},
{"singular":"ქალბატონით", "plural":"ბაბუებით"},
{"singular":"ქალბატონად", "plural":"ბაბუებად"},
{"singular":"ქალბატონო", "plural":"ბაბუებო"},
{"singular":"გოგო", "plural":"ძმები"},
{"singular":"გოგომ", "plural":"ძმებმა"},
{"singular":"გოგოს", "plural":"ძმებს"},
{"singular":"გოგოს", "plural":"ძმების"},
{"singular":"გოგოთი", "plural":"ძმებით"},
{"singular":"გოგოდ", "plural":"ძმებად"},
{"singular":"გოგო", "plural":"ძმებო"}
],
"unspecified": [
{"singular":"დედა", "plural":"ინდივიდები"},
{"singular":"დედამ", "plural":"ინდივიდებმა"},
{"singular":"დედას", "plural":"ინდივიდებს"},
{"singular":"დედის", "plural":"ინდივიდების"},
{"singular":"დედით", "plural":"ინდივიდებით"},
{"singular":"დედად", "plural":"ინდივიდებად"},
{"singular":"დედავ", "plural":"ინდივიდებო"},
{"singular":"დედიკო", "plural":"პირები"},
{"singular":"დედიკომ", "plural":"პირებმა"},
{"singular":"დედიკოს", "plural":"პირებს"},
{"singular":"დედიკოს", "plural":"პირების"},
{"singular":"დედიკოთი", "plural":"პირებით"},
{"singular":"დედიკოდ", "plural":"პირებად"},
{"singular":"დედიკო", "plural":"პირებო"},
{"singular":"ასული", "plural":"ბავშვები"},
{"singular":"ასულმა", "plural":"ბავშვებმა"},
{"singular":"ასულს", "plural":"ბავშვებს"},
{"singular":"ასულის", "plural":"ბავშვების"},
{"singular":"ასულით", "plural":"ბავშვებით"},
{"singular":"ასულად", "plural":"ბავშვებად"},
{"singular":"ასულო", "plural":"ბავშვებო"},
{"singular":"ცოლი", "plural":"მშობლები"},
{"singular":"ცოლმა", "plural":"მშობლებმა"},
{"singular":"ცოლს", "plural":"მშობლებს"},
{"singular":"ცოლის", "plural":"მშობლების"},
{"singular":"ცოლით", "plural":"მშობლებით"},
{"singular":"ცოლად", "plural":"მშობლებად"},
{"singular":"ცოლო", "plural":"მშობლებო"},
{"singular":"ბებია", "plural":"ბავშვები"},
{"singular":"ბებიამ", "plural":"ბავშვებმა"},
{"singular":"ბებიას", "plural":"ბავშვებს"},
{"singular":"ბებიის", "plural":"ბავშვების"},
{"singular":"ბებიით", "plural":"ბავშვებით"},
{"singular":"ბებიად", "plural":"ბავშვებად"},
{"singular":"ბებიავ", "plural":"ბავშვებო"},
{"singular":"ბებო", "plural":"მეუღლეები"},
{"singular":"ბებომ", "plural":"მეუღლეებმა"},
{"singular":"ბებოს", "plural":"მეუღლეებს"},
{"singular":"ბებოს", "plural":"მეუღლეების"},
{"singular":"ბებოთი", "plural":"მეუღლეებით"},
{"singular":"ბებოდ", "plural":"მეუღლეებად"},
{"singular":"ბებო", "plural":"მეუღლეებო"},
{"singular":"ქმარი", "plural":"ბებია-ბაბუები"},
{"singular":"ქმარმა", "plural":"ბებია-ბაბუებმა"},
{"singular":"ქმარს", "plural":"ბებია-ბაბუებს"},
{"singular":"ქმრის", "plural":"ბებია-ბაბუების"},
{"singular":"ქმრით", "plural":"ბებია-ბაბუებით"},
{"singular":"ქმრად", "plural":"ბებია-ბაბუებად"},
{"singular":"ქმარო", "plural":"ბებუა-ბაბუა"},
{"singular":"ბაბუა", "plural":"დედმამიშვილები"},
{"singular":"ბაბუამ", "plural":"დედმამიშვილებმა"},
{"singular":"ბაბუას", "plural":"დედმამიშვილებს"},
{"singular":"ბაბუის", "plural":"დედმამიშვილების"},
{"singular":"ბაბუით", "plural":"დედმამიშვილებით"},
{"singular":"ბაბუად", "plural":"დედმამიშვილებად"},
{"singular":"ბაბუავ", "plural":"დედმამიშვილებო"},
{"singular":"პაპა", "plural":"ვეტერანები"},
{"singular":"პაპამ", "plural":"ვეტერანებმა"},
{"singular":"პაპას", "plural":"ვეტერანებს"},
{"singular":"პაპის", "plural":"ვეტერანების"},
{"singular":"პაპით", "plural":"ვეტერანებით"},
{"singular":"პაპად", "plural":"ვეტერანებად"},
{"singular":"პაპავ", "plural":"ვეტერანებო"}
]
}
