{
"feminine": [
{"singular":"эмэгтэй", "plural":"эмэгтэйчүүд"},
{"singular":"эмэгтэйн", "plural":"эмэгтэйчүүдийн"},
{"singular":"эмэгтэйг", "plural":"эмэгтэйчүүдийг"},
{"singular":"эмэгтэйд", "plural":"эмэгтэйчүүдэд"},
{"singular":"эмэгтэйгээс", "plural":"эмэгтэйчүүдээс"},
{"singular":"эмэгтэйгээр", "plural":"эмэгтэйчүүдээр"},
{"singular":"эмэгтэйтэй", "plural":"эмэгтэйчүүдтэй"},
{"singular":"эмэгтэй рүү", "plural":"эмэгтэйчүүд рүү"},
{"singular":"эмэгтэйгүй", "plural":"эмэгтэйчүүдгүй"},
{"singular":"эмэгтэйнх", "plural":"эмэгтэйчүүдийнх"},
{"singular":"хүүхэн", "plural":"хүүхнүүд"},
{"singular":"хүүхний", "plural":"хүүхнүүдийн"},
{"singular":"хүүхнийг", "plural":"хүүхнүүдийг"},
{"singular":"хүүхнийд", "plural":"хүүхнүүдэд"},
{"singular":"хүүхнээс", "plural":"хүүхнүүдээс"},
{"singular":"хүүхнээр", "plural":"хүүхнүүдээр"},
{"singular":"хүүхэнтэй", "plural":"хүүхнүүдтэй"},
{"singular":"хүүхэн рүү", "plural":"хүүхнүүд рүү"},
{"singular":"хүүхэнгүй", "plural":"хүүхнүүдгүй"},
{"singular":"хүүхнийх", "plural":"хүүхнүүдийнх"},
{"singular":"эм", "plural":"эмс"},
{"singular":"эмийн", "plural":"эмсийн"},
{"singular":"эмийг", "plural":"эмсийг"},
{"singular":"эмд", "plural":"эмст"},
{"singular":"эмээс", "plural":"эмсээс"},
{"singular":"эмээр", "plural":"эмсээр"},
{"singular":"эмтэй", "plural":"эмстэй"},
{"singular":"эм рүү", "plural":"эмс рүү"},
{"singular":"эмгүй", "plural":"эмсгүй"},
{"singular":"эмийнх", "plural":"эмсийнх"},
{"singular":"бүсгүй", "plural":"бүсгүйчүүд"},
{"singular":"бүсгүйн", "plural":"бүсгүйчүүдийн"},
{"singular":"бүсгүйг", "plural":"бүсгүйчүүдийг"},
{"singular":"бүсгүйд", "plural":"бүсгүйчүүдэд"},
{"singular":"бүсгүйгээс", "plural":"бүсгүйчүүдээс"},
{"singular":"бүсгүйгээр", "plural":"бүсгүйчүүдээр"},
{"singular":"бүсгүйтэй", "plural":"бүсгүйчүүдтэй"},
{"singular":"бүсгүй рүү", "plural":"бүсгүйчүүд рүү"},
{"singular":"бүсгүйгүй", "plural":"бүсгүйчүүдгүй"},
{"singular":"бүсгүйнх", "plural":"бүсгүйчүүдийнх"},
{"singular":"хатагтай", "plural":"хатагтай нар"},
{"singular":"хатагтайн", "plural":"хатагтай нарын"},
{"singular":"хатагтайг", "plural":"хатагтай нарыг"},
{"singular":"хатагтайд", "plural":"хатагтай нарт"},
{"singular":"хатагтайгаас", "plural":"хатагтай нараас"},
{"singular":"хатагтайгаар", "plural":"хатагтай нараар"},
{"singular":"хатагтайтай", "plural":"хатагтай нартай"},
{"singular":"хатагтай руу", "plural":"хатагтай нар луу"},
{"singular":"хатагтайгүй", "plural":"хатагтай наргүй"},
{"singular":"хатагтайнх", "plural":"хатагтай нарынх"},
{"singular":"ахайтан", "plural":"ахайтан нар"},
{"singular":"ахайтны", "plural":"ахайтан нарын"},
{"singular":"ахайтныг", "plural":"ахайтан нарыг"},
{"singular":"ахайтанд", "plural":"ахайтан нарт"},
{"singular":"ахайтнаас", "plural":"ахайтан нараас"},
{"singular":"ахайтнаар", "plural":"ахайтан нараар"},
{"singular":"ахайтантай", "plural":"ахайтан нартай"},
{"singular":"ахайтан руу", "plural":"ахайтан нар луу"},
{"singular":"ахайтангүй", "plural":"ахайтан наргүй"},
{"singular":"ахайтных", "plural":"ахайтан нарынх"},
{"singular":"охин", "plural":"охид"},
{"singular":"охины", "plural":"охидын"},
{"singular":"охиныг", "plural":"охидыг"},
{"singular":"охинд", "plural":"охидод"},
{"singular":"охиноос", "plural":"охидоос"},
{"singular":"охиноор", "plural":"охидоор"},
{"singular":"охинтой", "plural":"охидтой"},
{"singular":"охин руу", "plural":"охид руу"},
{"singular":"охингүй", "plural":"охидгүй"},
{"singular":"охиных", "plural":"охидынх"},
{"singular":"ээж", "plural":"ээжүүд"},
{"singular":"ээжийн", "plural":"ээжүүдийн"},
{"singular":"ээжийг", "plural":"ээжүүдийг"},
{"singular":"ээжид", "plural":"ээжүүдэд"},
{"singular":"ээжээс", "plural":"ээжүүдээс"},
{"singular":"ээжээр", "plural":"ээжүүдээр"},
{"singular":"ээжтэй", "plural":"ээжүүдтэй"},
{"singular":"ээж рүү", "plural":"ээжүүд рүү"},
{"singular":"ээжгүй", "plural":"ээжүүдгүй"},
{"singular":"ээжийнх", "plural":"ээжүүдийнх"},
{"singular":"эх", "plural":"эхчүүд"},
{"singular":"эхийн", "plural":"эхчүүдийн"},
{"singular":"эхийг", "plural":"эхчүүдийг"},
{"singular":"эхэд", "plural":"эхчүүдэд"},
{"singular":"эхээс", "plural":"эхчүүдээс"},
{"singular":"эхээр", "plural":"эхчүүдээр"},
{"singular":"эхтэй", "plural":"эхчүүдтэй"},
{"singular":"эх рүү", "plural":"эхчүүд рүү"},
{"singular":"эхгүй", "plural":"эхчүүдгүй"},
{"singular":"эхийнх", "plural":"эхчүүдийнх"},
{"singular":"гэг", "plural":"гэгүүд"},
{"singular":"гэгийн", "plural":"гэгүүдийн"},
{"singular":"гэгийг", "plural":"гэгүүдийг"},
{"singular":"гэгд", "plural":"гэгүүдэд"},
{"singular":"гэгээс", "plural":"гэгүүдээс"},
{"singular":"гэгээр", "plural":"гэгүүдээр"},
{"singular":"гэгтэй", "plural":"гэгүүдтэй"},
{"singular":"гэг рүү", "plural":"гэгүүд рүү"},
{"singular":"гэггүй", "plural":"гэгүүдгүй"},
{"singular":"гэгийнх", "plural":"гэгүүдийнх"},
{"singular":"авхай", "plural":"авхай нар"},
{"singular":"авхайн", "plural":"авхай нарын"},
{"singular":"авхайг", "plural":"авхай нарыг"},
{"singular":"авхайд", "plural":"авхай нарт"},
{"singular":"авхайгаас", "plural":"авхай нараас"},
{"singular":"авхайгаар", "plural":"авхай нараар"},
{"singular":"авхайтай", "plural":"авхай нартай"},
{"singular":"авхай руу", "plural":"авхай нар руу"},
{"singular":"авхайгүй", "plural":"авхай наргүй"},
{"singular":"авхайнх", "plural":"авхай нарынх"},
{"singular":"эхнэр", "plural":"эхнэрүүд"},
{"singular":"эхнэрийн", "plural":"эхнэрүүдийн"},
{"singular":"эхнэрийг", "plural":"эхнэрүүдийг"},
{"singular":"эхнэрт", "plural":"эхнэрүүдэд"},
{"singular":"эхнэрээс", "plural":"эхнэрүүдээс"},
{"singular":"эхнэрээр", "plural":"эхнэрүүдээр"},
{"singular":"энхэртэй", "plural":"эхнэрүүдтэй"},
{"singular":"эхнэр лүү", "plural":"эхнэрүүд рүү"},
{"singular":"эхнэргүй", "plural":"эхнэрүүдгүй"},
{"singular":"эхнэрийнх", "plural":"эхнэрүүдийнх"},
{"singular":"гэргий", "plural":"гэргийчүүд"},
{"singular":"гэргийн", "plural":"гэргийчүүдийн"},
{"singular":"гэргийг", "plural":"гэргийчүүдийг"},
{"singular":"гэргийд", "plural":"гэргийчүүдэд"},
{"singular":"гэргийгээс", "plural":"гэргийчүүдээс"},
{"singular":"гэргийгээр", "plural":"гэргийчүүдээр"},
{"singular":"гэргийтэй", "plural":"гэргийчүүдтэй"},
{"singular":"гэргий рүү", "plural":"гэргийчүүд рүү"},
{"singular":"гэргийгүй", "plural":"гэргийчүүдгүй"},
{"singular":"гэргийнх", "plural":"гэргийчүүдийнх"},
{"singular":"авгай", "plural":"авгайчуул"},
{"singular":"авгайн", "plural":"авгайчуулын"},
{"singular":"авгайг", "plural":"авгайчуулыг"},
{"singular":"авгайд", "plural":"авгайчуулд"},
{"singular":"авгайгаас", "plural":"авгайчуулаас"},
{"singular":"авгайгаар", "plural":"авгайчуулаар"},
{"singular":"авгайтай", "plural":"авгайчуултай"},
{"singular":"авгай руу", "plural":"авгайчуул руу"},
{"singular":"авгайгүй", "plural":"авгайчуулгүй"},
{"singular":"авгайнх", "plural":"авгайчуулынх"},
{"singular":"эмээ", "plural":"эмээ нар"},
{"singular":"эмээгийн", "plural":"эмээ нарын"},
{"singular":"эмээг", "plural":"эмээ нарыг"},
{"singular":"эмээд", "plural":"эмээ нарт"},
{"singular":"эмээгээс", "plural":"эмээ нараас"},
{"singular":"эмээгээр", "plural":"эмээ нараар"},
{"singular":"эмээтэй", "plural":"эмээ нартай"},
{"singular":"эмээ рүү", "plural":"эмээ нар луу"},
{"singular":"эмээгүй", "plural":"эмээ наргүй"},
{"singular":"эмээгийнх", "plural":"эмээ нарынх"},
{"singular":"эмэг", "plural":"эмгүүд"},
{"singular":"эмгийн", "plural":"эмгүүдийн"},
{"singular":"эмгийг", "plural":"эмгүүдийг"},
{"singular":"эмэгт", "plural":"эмгүүдэд"},
{"singular":"эмгээс", "plural":"эмгүүдээс"},
{"singular":"эмгээр", "plural":"эмгүүдээр"},
{"singular":"эмэгтэй", "plural":"эмгүүдтэй"},
{"singular":"эмэг рүү", "plural":"эмгүүд рүү"},
{"singular":"эмэггүй", "plural":"эмгүүдгүй"},
{"singular":"эмгийнх", "plural":"эмгүүдийнх"},
{"singular":"эгч", "plural":"эгч нар"},
{"singular":"эгчийн", "plural":"эгч нарын"},
{"singular":"эгчийг", "plural":"эгч нарыг"},
{"singular":"эгчид", "plural":"эгч нарт"},
{"singular":"эгчээс", "plural":"эгч нараас"},
{"singular":"эгчээр", "plural":"эгч нараар"},
{"singular":"эгчтэй", "plural":"эгч нартай"},
{"singular":"эгч рүү", "plural":"эгч нар луу"},
{"singular":"эгчгүй", "plural":"эгч наргүй"},
{"singular":"эгчийнх", "plural":"эгч нарынх"},
{"singular":"аниа", "plural":"аниа нар"},
{"singular":"аниагийн", "plural":"аниа нарын"},
{"singular":"аниаг", "plural":"аниа нарыг"},
{"singular":"аниад", "plural":"аниа нарт"},
{"singular":"аниагаас", "plural":"аниа нараас"},
{"singular":"аниагаар", "plural":"аниа нараар"},
{"singular":"аниатай", "plural":"аниа нартай"},
{"singular":"аниа руу", "plural":"аниа нар луу"},
{"singular":"аниагүй", "plural":"аниа наргүй"},
{"singular":"аниагийнх", "plural":"аниа нарынх"}
],
"masculine": [
{"singular":"хүн", "plural":"хүмүүс"},
{"singular":"хүний", "plural":"хүмүүсийн"},
{"singular":"хүнийг", "plural":"хүмүүсийг"},
{"singular":"хүнд", "plural":"хүмүүст"},
{"singular":"хүнээс", "plural":"хүмүүсээс"},
{"singular":"хүнээр", "plural":"хүмүүсээр"},
{"singular":"хүнтэй", "plural":"хүмүүстэй"},
{"singular":"хүн рүү", "plural":"хүмүүс рүү"},
{"singular":"хүнгүй", "plural":"хүмүүсгүй"},
{"singular":"хүнийх", "plural":"хүмүүсийнх"},
{"singular":"хүмүүн", "plural":"хүмүүс"},
{"singular":"хүмүүний", "plural":"хүмүүсийн"},
{"singular":"хүмүүнийг", "plural":"хүмүүсийг"},
{"singular":"хүмүүнд", "plural":"хүмүүст"},
{"singular":"хүмүүнээс", "plural":"хүмүүсээс"},
{"singular":"хүмүүнээр", "plural":"хүмүүсээр"},
{"singular":"хүмүүнтэй", "plural":"хүмүүстэй"},
{"singular":"хүмүүн рүү", "plural":"хүмүүс рүү"},
{"singular":"хүмүүнгүй", "plural":"хүмүүсгүй"},
{"singular":"хүмүүнийх", "plural":"хүмүүсийнх"},
{"singular":"эрэгтэй", "plural":"эрэгтэйчүүд"},
{"singular":"эрэгтэйн", "plural":"эрэгтэйчүүдийн"},
{"singular":"эрэгтэйг", "plural":"эрэгтэйчүүдийг"},
{"singular":"эрэгтэйд", "plural":"эрэгтэйчүүдэд"},
{"singular":"эрэгтэйгээс", "plural":"эрэгтэйчүүдээс"},
{"singular":"эрэгтэйгээр", "plural":"эрэгтэйчүүдээр"},
{"singular":"эрэгтэйтэй", "plural":"эрэгтэйчүүдтэй"},
{"singular":"эрэгтэй рүү", "plural":"эрэгтэйчүүд рүү"},
{"singular":"эрэгтэйгүй", "plural":"эрэгтэйчүүдгүй"},
{"singular":"эрэгтэйнх", "plural":"эрэгтэйчүүдийнх"},
{"singular":"эр", "plural":"эрчүүд"},
{"singular":"эрийн", "plural":"эрчүүдийн"},
{"singular":"эрийг", "plural":"эрчүүдийг"},
{"singular":"эрд", "plural":"эрчүүдэд"},
{"singular":"эрээс", "plural":"эрчүүдээс"},
{"singular":"эрээр", "plural":"эрчүүдээр"},
{"singular":"эртэй", "plural":"эрчүүдтэй"},
{"singular":"эр лүү", "plural":"эрчүүд рүү"},
{"singular":"эргүй", "plural":"эрчүүдгүй"},
{"singular":"эрийнх", "plural":"эрчүүдийнх"},
{"singular":"анд", "plural":"андууд"},
{"singular":"андын", "plural":"андуудын"},
{"singular":"андыг", "plural":"андуудыг"},
{"singular":"андад", "plural":"андуудад"},
{"singular":"андаас", "plural":"андуудаас"},
{"singular":"андаар", "plural":"андуудаар"},
{"singular":"андтай", "plural":"андуудтай"},
{"singular":"анд руу", "plural":"андууд руу"},
{"singular":"андгүй", "plural":"андуудгүй"},
{"singular":"андынх", "plural":"андуудынх"},
{"singular":"залуу", "plural":"залуус"},
{"singular":"залуугийн", "plural":"залуусын"},
{"singular":"залууг", "plural":"залуусыг"},
{"singular":"залууд", "plural":"залууст"},
{"singular":"залуугаас", "plural":"залуусаас"},
{"singular":"залуугаар", "plural":"залуусаар"},
{"singular":"залуутай", "plural":"залуустай"},
{"singular":"залуу руу", "plural":"залуус руу"},
{"singular":"залуугүй", "plural":"залуусгүй"},
{"singular":"залуугийнх", "plural":"залуусынх"},
{"singular":"хүү", "plural":"хүү нар"},
{"singular":"хүүгийн", "plural":"хүү нарын"},
{"singular":"хүүг", "plural":"хүү нарыг"},
{"singular":"хүүд", "plural":"хүү нарт"},
{"singular":"хүүгээс", "plural":"хүү нараас"},
{"singular":"хүүгээр", "plural":"хүү нараар"},
{"singular":"хүүтэй", "plural":"хүү нартай"},
{"singular":"хүү рүү", "plural":"хүү нар луу"},
{"singular":"хүүгүй", "plural":"хүү наргүй"},
{"singular":"хүүгийнх", "plural":"хүү нарынх"},
{"singular":"хөвүүн", "plural":"хөвүүд"},
{"singular":"хөвүүний", "plural":"хөвүүдийн"},
{"singular":"хөвүүнийг", "plural":"хөвүүдийг"},
{"singular":"хөвүүнд", "plural":"хөвүүдэд"},
{"singular":"хөвүүнээс", "plural":"хөвүүдээс"},
{"singular":"хөвүүнээр", "plural":"хөвүүдээр"},
{"singular":"хөвүүнтэй", "plural":"хөвүүдтэй"},
{"singular":"хөвүүн рүү", "plural":"хөвүүд рүү"},
{"singular":"хөвүүнгүй", "plural":"хөвүүдгүй"},
{"singular":"хөвүүнийх", "plural":"хөвүүдийнх"},
{"singular":"хөвгүүн", "plural":"хөвгүүд"},
{"singular":"хөвгүүний", "plural":"хөвгүүдийн"},
{"singular":"хөвгүүнийг", "plural":"хөвгүүдийг"},
{"singular":"хөвгүүнд", "plural":"хөвгүүдэд"},
{"singular":"хөвгүүнээс", "plural":"хөвгүүдээс"},
{"singular":"хөвгүүнээр", "plural":"хөвгүүдээр"},
{"singular":"хөвгүүнтэй", "plural":"хөвгүүдтэй"},
{"singular":"хөвгүүн рүү", "plural":"хөвгүүд рүү"},
{"singular":"хөвгүүнгүй", "plural":"хөвгүүдгүй"},
{"singular":"хөвгүүнийх", "plural":"хөвгүүдийнх"},
{"singular":"банди", "plural":"банди нар"},
{"singular":"бандийн", "plural":"банди нарын"},
{"singular":"бандийг", "plural":"банди нарыг"},
{"singular":"бандид", "plural":"банди нарт"},
{"singular":"бандиас", "plural":"банди нараас"},
{"singular":"бандиар", "plural":"банди нараар"},
{"singular":"бандитай", "plural":"банди нартай"},
{"singular":"банди руу", "plural":"банди нар луу"},
{"singular":"бандигүй", "plural":"банди наргүй"},
{"singular":"бандийнх", "plural":"банди нарынх"},
{"singular":"эцэг", "plural":"эцгүүд"},
{"singular":"эцгийн", "plural":"эцгүүдийн"},
{"singular":"эцгийг", "plural":"эцгүүдийг"},
{"singular":"эцэгт", "plural":"эцгүүдэд"},
{"singular":"эцгээс", "plural":"эцгүүдээс"},
{"singular":"эцгээр", "plural":"эцгүүдээр"},
{"singular":"эцэгтэй", "plural":"эцгүүдтэй"},
{"singular":"эцэг рүү", "plural":"эцгүүд рүү"},
{"singular":"эцэггүй", "plural":"эцгүүдгүй"},
{"singular":"эцгийнх", "plural":"эцгүүдийнх"},
{"singular":"аав", "plural":"аавууд"},
{"singular":"аавын", "plural":"аавуудын"},
{"singular":"аавыг", "plural":"аавуудыг"},
{"singular":"аавд", "plural":"аавуудад"},
{"singular":"ааваас", "plural":"аавуудаас"},
{"singular":"ааваар", "plural":"аавуудаар"},
{"singular":"аавтай", "plural":"аавуудтай"},
{"singular":"аав руу", "plural":"аавууд руу"},
{"singular":"аавгүй", "plural":"аавуудгүй"},
{"singular":"аавынх", "plural":"аавуудынх"},
{"singular":"агь", "plural":"агиуд"},
{"singular":"агийн", "plural":"агиудын"},
{"singular":"агийг", "plural":"агиудыг"},
{"singular":"агьд", "plural":"агиудад"},
{"singular":"агиас", "plural":"агиудаас"},
{"singular":"агиар", "plural":"агиудаар"},
{"singular":"агьтай", "plural":"агиудтай"},
{"singular":"агь руу", "plural":"агиуд руу"},
{"singular":"агьгүй", "plural":"агиудгүй"},
{"singular":"агийнх", "plural":"агиудынх"},
{"singular":"нөхөр", "plural":"нөхрүүд"},
{"singular":"нөхрийн", "plural":"нөхрүүдийн"},
{"singular":"нөхрийг", "plural":"нөхрүүдийг"},
{"singular":"нөхөрт", "plural":"нөхрүүдэд"},
{"singular":"нөхрөөс", "plural":"нөхрүүдээс"},
{"singular":"нөхрөөр", "plural":"нөхрүүдээр"},
{"singular":"нөхөрт", "plural":"нөхрүүдтэй"},
{"singular":"нөхөр лүү", "plural":"нөхрүүд рүү"},
{"singular":"нөхөргүй", "plural":"нөхрүүдгүй"},
{"singular":"нөхрийнх", "plural":"нөхрүүдийнх"},
{"singular":"эр нөхөр", "plural":"эр нөхрүүд"},
{"singular":"эр нөхрийн", "plural":"эр нөхрүүдийн"},
{"singular":"эр нөхрийг", "plural":"эр нөхрүүдийг"},
{"singular":"эр нөхөрт", "plural":"эр нөхрүүдэд"},
{"singular":"эр нөхрөөс", "plural":"эр нөхрүүдээс"},
{"singular":"эр нөхрөөр", "plural":"эр нөхрүүдээр"},
{"singular":"эр нөхөрт", "plural":"эр нөхрүүдтэй"},
{"singular":"эр нөхөр лүү", "plural":"эр нөхрүүд рүү"},
{"singular":"эр нөхөргүй", "plural":"эр нөхрүүдгүй"},
{"singular":"эр нөхрийнх", "plural":"эр нөхрүүдийнх"},
{"singular":"нөхөр сүүдэр", "plural":"нөхөр сүүдрүүд"},
{"singular":"нөхөр сүүдрийн", "plural":"нөхөр сүүдрүүдийн"},
{"singular":"нөхөр сүүдрийг", "plural":"нөхөр сүүдрүүдийг"},
{"singular":"нөхөр сүүдэрт", "plural":"нөхөр сүүдрүүдэд"},
{"singular":"нөхөр сүүдрээс", "plural":"нөхөр сүүдрүүдээс"},
{"singular":"нөхөр сүүдрээр", "plural":"нөхөр сүүдрүүдээр"},
{"singular":"нөхөр сүүдэрт", "plural":"нөхөр сүүдрүүдтэй"},
{"singular":"нөхөр сүүдэр лүү", "plural":"нөхөр сүүдрүүд рүү"},
{"singular":"нөхөр сүүдэргүй", "plural":"нөхөр сүүдрүүдгүй"},
{"singular":"нөхөр сүүдрийнх", "plural":"нөхөр сүүдрүүдийнх"},
{"singular":"өвөө", "plural":"өвөө нар"},
{"singular":"өвөөгийн", "plural":"өвөө нарын"},
{"singular":"өвөөг", "plural":"өвөө нарыг"},
{"singular":"өвөөд", "plural":"өвөө нарт"},
{"singular":"өвөөгөөс", "plural":"өвөө нараас"},
{"singular":"өвөөгөөр", "plural":"өвөө нараар"},
{"singular":"өвөөтэй", "plural":"өвөө нартай"},
{"singular":"өвөө рүү", "plural":"өвөө нар луу"},
{"singular":"өвөөгүй", "plural":"өвөө наргүй"},
{"singular":"өвөөгийнх", "plural":"өвөө нарынх"},
{"singular":"өвөг", "plural":"өвөг нар"},
{"singular":"өвгийн", "plural":"өвөг нарын"},
{"singular":"өвгийг", "plural":"өвөг нарыг"},
{"singular":"өвөгт", "plural":"өвөг нарт"},
{"singular":"өвгөөс", "plural":"өвөг нараас"},
{"singular":"өвгөөр", "plural":"өвөг нараар"},
{"singular":"өвөгтэй", "plural":"өвөг нартай"},
{"singular":"өвөг рүү", "plural":"өвөг нар луу"},
{"singular":"өвөггүй", "plural":"өвөг наргүй"},
{"singular":"өвгийнх", "plural":"өвөг нарынх"},
{"singular":"ах", "plural":"ах нар"},
{"singular":"ахын", "plural":"ах нарын"},
{"singular":"ахыг", "plural":"ах нарыг"},
{"singular":"ахад", "plural":"ах нарт"},
{"singular":"ахаас", "plural":"ах нараас"},
{"singular":"ахаар", "plural":"ах нараар"},
{"singular":"ахтай", "plural":"ах нартай"},
{"singular":"ах руу", "plural":"ах нар луу"},
{"singular":"ахгүй", "plural":"ах наргүй"},
{"singular":"ахынх", "plural":"ах нарынх"}
],
"unspecified": [
{"singular":"дүү", "plural":"дүү нар"},
{"singular":"дүүгийн", "plural":"дүү нарын"},
{"singular":"дүүг", "plural":"дүү нарыг"},
{"singular":"дүүд", "plural":"дүү нарт"},
{"singular":"дүүгээс", "plural":"дүү нараас"},
{"singular":"дүүгээр", "plural":"дүү нараар"},
{"singular":"дүүтэй", "plural":"дүү нартай"},
{"singular":"дүү рүү", "plural":"дүү нар луу"},
{"singular":"дүүгүй", "plural":"дүү наргүй"},
{"singular":"дүүгийнх", "plural":"дүү нарынх"},
{"singular":"бие хүн", "plural":"бие хүмүүс"},
{"singular":"бие хүний", "plural":"бие хүмүүсийн"},
{"singular":"бие хүнийг", "plural":"бие хүмүүсийг"},
{"singular":"бие хүнд", "plural":"бие хүмүүст"},
{"singular":"бие хүнээс", "plural":"бие хүмүүсээс"},
{"singular":"бие хүнээр", "plural":"бие хүмүүсээр"},
{"singular":"бие хүнтэй", "plural":"бие хүмүүстэй"},
{"singular":"бие хүн рүү", "plural":"бие хүмүүс рүү"},
{"singular":"бие хүнгүй", "plural":"бие хүмүүсгүй"},
{"singular":"бие хүнийх", "plural":"бие хүмүүсийнх"},
{"singular":"хувь хүн", "plural":"хувь хүмүүс"},
{"singular":"хувь хүний", "plural":"хувь хүмүүсийн"},
{"singular":"хувь хүнийг", "plural":"хувь хүмүүсийг"},
{"singular":"хувь хүнд", "plural":"хувь хүмүүст"},
{"singular":"хувь хүнээс", "plural":"хувь хүмүүсээс"},
{"singular":"хувь хүнээр", "plural":"хувь хүмүүсээр"},
{"singular":"хувь хүнтэй", "plural":"хувь хүмүүстэй"},
{"singular":"хувь хүн рүү", "plural":"хувь хүмүүс рүү"},
{"singular":"хувь хүнгүй", "plural":"хувь хүмүүсгүй"},
{"singular":"хувь хүнийх", "plural":"хувь хүмүүсийнх"},
{"singular":"бодгаль", "plural":"бодгалиуд"},
{"singular":"бодгалийн", "plural":"бодгалиудын"},
{"singular":"бодгалийг", "plural":"бодгалиудыг"},
{"singular":"бодгальд", "plural":"бодгалиудад"},
{"singular":"бодгалиас", "plural":"бодгалиудаас"},
{"singular":"бодгалиар", "plural":"бодгалиудаар"},
{"singular":"бодгальтай", "plural":"бодгалиудтай"},
{"singular":"бодгаль руу", "plural":"бодгалиуд руу"},
{"singular":"бодгальгүй", "plural":"бодгалиудгүй"},
{"singular":"бодгалийнх", "plural":"бодгалиудынх"},
{"singular":"хүүхэд", "plural":"хүүхдүүд"},
{"singular":"хүүхдийн", "plural":"хүүхдүүдийн"},
{"singular":"хүүхдийг", "plural":"хүүхдүүдийг"},
{"singular":"хүүхдэд", "plural":"хүүхдүүдэд"},
{"singular":"хүүхдээс", "plural":"хүүхдүүдээс"},
{"singular":"хүүхдээр", "plural":"хүүхдүүдээр"},
{"singular":"хүүхэдтэй", "plural":"хүүхдүүдтэй"},
{"singular":"хүүхэд рүү", "plural":"хүүхдүүд рүү"},
{"singular":"хүүхэдгүй", "plural":"хүүхдүүдгүй"},
{"singular":"хүүхдийнх", "plural":"хүүхдүүдийнх"},
{"singular":"жаал", "plural":"жаалууд"},
{"singular":"жаалын", "plural":"жаалуудын"},
{"singular":"жаалыг", "plural":"жаалуудыг"},
{"singular":"жаалд", "plural":"жаалуудад"},
{"singular":"жаалаас", "plural":"жаалуудаас"},
{"singular":"жаалаар", "plural":"жаалуудаар"},
{"singular":"жаалтай", "plural":"жаалуудтай"},
{"singular":"жаал руу", "plural":"жаалууд руу"},
{"singular":"жаалгүй", "plural":"жаалуудгүй"},
{"singular":"жаалынх", "plural":"жаалуудынх"},
{"singular":"эцэг эх", "plural":"эцэг эхчүүд"},
{"singular":"эцэг эхийн", "plural":"эцэг эхчүүдийн"},
{"singular":"эцэг эхийг", "plural":"эцэг эхчүүдийг"},
{"singular":"эцэг эхэд", "plural":"эцэг эхчүүдэд"},
{"singular":"эцэг эхээс", "plural":"эцэг эхчүүдээс"},
{"singular":"эцэг эхээр", "plural":"эцэг эхчүүдээр"},
{"singular":"эцэг эхтэй", "plural":"эцэг эхчүүдтэй"},
{"singular":"эцэг эх рүү", "plural":"эцэг эхчүүд рүү"},
{"singular":"эцэг эхгүй", "plural":"эцэг эхчүүдгүй"},
{"singular":"эцэг эхийнх", "plural":"эцэг эхчүүдийнх"},
{"singular":"үр", "plural":"үрс"},
{"singular":"үрийн", "plural":"үрсийн"},
{"singular":"үрийг", "plural":"үрсийг"},
{"singular":"үрд", "plural":"үрст"},
{"singular":"үрээс", "plural":"үрсээс"},
{"singular":"үрээр", "plural":"үрсээр"},
{"singular":"үртэй", "plural":"үрстэй"},
{"singular":"үр лүү", "plural":"үрс рүү"},
{"singular":"үргүй", "plural":"үрсгүй"},
{"singular":"үрийнх", "plural":"үрсийнх"},
{"singular":"хань", "plural":"ханиуд"},
{"singular":"ханийн", "plural":"ханиудын"},
{"singular":"ханийг", "plural":"ханиудыг"},
{"singular":"ханьд", "plural":"ханиудад"},
{"singular":"ханиас", "plural":"ханиудаас"},
{"singular":"ханиар", "plural":"ханиудаар"},
{"singular":"ханьтай", "plural":"ханиудтай"},
{"singular":"хань руу", "plural":"ханиуд руу"},
{"singular":"ханьгүй", "plural":"ханиудгүй"},
{"singular":"ханийнх", "plural":"ханиудынх"},
{"singular":"хань ижил", "plural":"хань ижлүүд"},
{"singular":"хань ижлийн", "plural":"хань ижлүүдийн"},
{"singular":"хань ижлийг", "plural":"хань ижлүүдийг"},
{"singular":"хань ижилд", "plural":"хань ижлүүдэд"},
{"singular":"хань ижлээс", "plural":"хань ижлүүдээс"},
{"singular":"хань ижлээр", "plural":"хань ижлүүдээр"},
{"singular":"хань ижилтэй", "plural":"хань ижлүүдтэй"},
{"singular":"хань ижил рүү", "plural":"хань ижлүүд рүү"},
{"singular":"хань ижилгүй", "plural":"хань ижлүүдгүй"},
{"singular":"хань ижлийнх", "plural":"хань ижлүүдийнх"},
{"singular":"өвөө эмээ", "plural":"өвөө эмээ нар"},
{"singular":"өвөө эмээгийн", "plural":"өвөө эмээ нарын"},
{"singular":"өвөө эмээг", "plural":"өвөө эмээ нарыг"},
{"singular":"өвөө эмээд", "plural":"өвөө эмээ нарт"},
{"singular":"өвөө эмээгээс", "plural":"өвөө эмээ нараас"},
{"singular":"өвөө эмээгээр", "plural":"өвөө эмээ нараар"},
{"singular":"өвөө эмээтэй", "plural":"өвөө эмээ нартай"},
{"singular":"өвөө эмээ рүү", "plural":"өвөө эмээ нар луу"},
{"singular":"өвөө эмээгүй", "plural":"өвөө эмээ наргүй"},
{"singular":"өвөө эмээгийнх", "plural":"өвөө эмээ нарынх"},
{"singular":"ах дүү", "plural":"ах дүүс"},
{"singular":"ах дүүгийн", "plural":"ах дүүсийн"},
{"singular":"ах дүүг", "plural":"ах дүүсийг"},
{"singular":"ах дүүд", "plural":"ах дүүст"},
{"singular":"ах дүүгээс", "plural":"ах дүүсээс"},
{"singular":"ах дүүгээр", "plural":"ах дүүсээр"},
{"singular":"ах дүүтэй", "plural":"ах дүүстэй"},
{"singular":"ах дүү рүү", "plural":"ах дүүс рүү"},
{"singular":"ах дүүгүй", "plural":"ах дүүсгүй"},
{"singular":"ах дүүгийнх", "plural":"ах дүүсийнх"},
{"singular":"эгч дүү", "plural":"эгч дүүс"},
{"singular":"эгч дүүгийн", "plural":"эгч дүүсийн"},
{"singular":"эгч дүүг", "plural":"эгч дүүсийг"},
{"singular":"эгч дүүд", "plural":"эгч дүүст"},
{"singular":"эгч дүүгээс", "plural":"эгч дүүсээс"},
{"singular":"эгч дүүгээр", "plural":"эгч дүүсээр"},
{"singular":"эгч дүүтэй", "plural":"эгч дүүстэй"},
{"singular":"эгч дүү рүү", "plural":"эгч дүүс рүү"},
{"singular":"эгч дүүгүй", "plural":"эгч дүүсгүй"},
{"singular":"эгч дүүгийнх", "plural":"эгч дүүсийнх"},
{"singular":"ахмад ажилтан", "plural":"ахмад ажилтнууд"},
{"singular":"ахмад ажилтны", "plural":"ахмад ажилтнуудын"},
{"singular":"ахмад ажилтныг", "plural":"ахмад ажилтнуудыг"},
{"singular":"ахмад ажилтанд", "plural":"ахмад ажилтнуудад"},
{"singular":"ахмад ажилтнаас", "plural":"ахмад ажилтнуудаас"},
{"singular":"ахмад ажилтнаас", "plural":"ахмад ажилтнуудаар"},
{"singular":"ахмад ажилтантай", "plural":"ахмад ажилтнуудтай"},
{"singular":"ахмад ажилтан руу", "plural":"ахмад ажилтнууд руу"},
{"singular":"ахмад ажилтангүй", "plural":"ахмад ажилтнуудгүй"},
{"singular":"ахмад ажилтных", "plural":"ахмад ажилтнуудынх"},
{"singular":"ахмад зүтгэлтэн", "plural":"ахмад зүтгэлтнүүд"},
{"singular":"ахмад зүтгэлтний", "plural":"ахмад зүтгэлтнүүдийн"},
{"singular":"ахмад зүтгэлтнийг", "plural":"ахмад зүтгэлтнүүдийг"},
{"singular":"ахмад зүтгэлтэнд", "plural":"ахмад зүтгэлтнүүдэд"},
{"singular":"ахмад зүтгэлтнээс", "plural":"ахмад зүтгэлтнүүдээс"},
{"singular":"ахмад зүтгэлтнээр", "plural":"ахмад зүтгэлтнүүдээр"},
{"singular":"ахмад зүтгэлтэнтэй", "plural":"ахмад зүтгэлтнүүдтэй"},
{"singular":"ахмад зүтгэлтэн рүү", "plural":"ахмад зүтгэлтнүүд рүү"},
{"singular":"ахмад зүтгэлтэнгүй", "plural":"ахмад зүтгэлтнүүдгүй"},
{"singular":"ахмад зүтгэлтнийх", "plural":"ахмад зүтгэлтнүүдийнх"},
{"singular":"ахмад дайчин", "plural":"ахмад дайчид"},
{"singular":"ахмад дайчны", "plural":"ахмад дайчдын"},
{"singular":"ахмад дайчныг", "plural":"ахмад дайчдыг"},
{"singular":"ахмад дайчинд", "plural":"ахмад дайчдад"},
{"singular":"ахмад дайчнаас", "plural":"ахмад дайчдаас"},
{"singular":"ахмад дайчнаар", "plural":"ахмад дайчдаар"},
{"singular":"ахмад дайчинтай", "plural":"ахмад дайчидтай"},
{"singular":"ахмад дайчин руу", "plural":"ахмад дайчид руу"},
{"singular":"ахмад дайчингүй", "plural":"ахмад дайчидгүй"},
{"singular":"ахмад дайчных", "plural":"ахмад дайчдынх"}
]
}
