{
"feminine": [
{"singular":"аял", "plural":"аялдар"},
{"singular":"аялдын", "plural":"аялдардын"},
{"singular":"аялга", "plural":"аялдарга"},
{"singular":"аялды", "plural":"аялдарды"},
{"singular":"аялда", "plural":"аялдарда"},
{"singular":"аялдан", "plural":"аялдардан"},
{"singular":"айым", "plural":"айымдар"},
{"singular":"айымдын", "plural":"айымдардын"},
{"singular":"айымга", "plural":"айымдарга"},
{"singular":"айымды", "plural":"айымдарды"},
{"singular":"айымда", "plural":"айымдарда"},
{"singular":"айымдан", "plural":"айымдардан"},
{"singular":"кыз", "plural":"кыздар"},
{"singular":"кыздын", "plural":"кыздардын"},
{"singular":"кызга", "plural":"кыздарга"},
{"singular":"кызды", "plural":"кыздарды"},
{"singular":"кызда", "plural":"кыздарда"},
{"singular":"кыздан", "plural":"кыздардан"},
{"singular":"эне", "plural":"энелер"},
{"singular":"эненин", "plural":"энелердин"},
{"singular":"энеге", "plural":"энелерге"},
{"singular":"энени", "plural":"энелерди"},
{"singular":"энеде", "plural":"энелерде"},
{"singular":"энеден", "plural":"энелерден"},
{"singular":"апа", "plural":"апалар"},
{"singular":"апанын", "plural":"апалардын"},
{"singular":"апага", "plural":"апаларга"},
{"singular":"апаны", "plural":"апаларды"},
{"singular":"апада", "plural":"апаларда"},
{"singular":"ападан", "plural":"апалардан"},
{"singular":"жубай", "plural":"жубайлар"},
{"singular":"жубайдын", "plural":"жубайлардын"},
{"singular":"жубайга", "plural":"жубайларга"},
{"singular":"жубайды", "plural":"жубайларды"},
{"singular":"жубайда", "plural":"жубайларда"},
{"singular":"жубайдан", "plural":"жубайдан"},
{"singular":"тайэне", "plural":"тайэнелер"},
{"singular":"тайэненин", "plural":"тайэнелердин"},
{"singular":"тайэнеге", "plural":"тайэнелерге"},
{"singular":"тайэнени", "plural":"тайэнелерди"},
{"singular":"тайэнеде", "plural":"тайэнелерде"},
{"singular":"тайэнеден", "plural":"тайэнедлерден"},
{"singular":"чоң эне", "plural":"чоң энелер"},
{"singular":"чоң эненин", "plural":"чоң энелердин"},
{"singular":"чоң энеге", "plural":"чоң энелерге"},
{"singular":"чоң энени", "plural":"чоң энелерди"},
{"singular":"чоң энеде", "plural":"чоң энелерде"},
{"singular":"чоң энеден", "plural":"чоң энелерден"},
{"singular":"эже", "plural":"эжелер"},
{"singular":"эженин", "plural":"эжелердин"},
{"singular":"эжеге", "plural":"эжелерге"},
{"singular":"эжени", "plural":"эжелерди"},
{"singular":"эжеде", "plural":"эжелерде"},
{"singular":"эжеден", "plural":"эжелерден"}
],
"masculine": [
{"singular":"эркек", "plural":"эркектер"},
{"singular":"эркектин", "plural":"эркектердин"},
{"singular":"эркекке", "plural":"эркектерге"},
{"singular":"эркекти", "plural":"эркектерди"},
{"singular":"эркекте", "plural":"эркектерде"},
{"singular":"эркектен", "plural":"эркектерден"},
{"singular":"тууган", "plural":"туугандар"},
{"singular":"туугандын", "plural":"туугандардан"},
{"singular":"тууганга", "plural":"туугандарга"},
{"singular":"тууганды", "plural":"туугандарды"},
{"singular":"тууганда", "plural":"туугандарда"},
{"singular":"туугандан", "plural":"туугандардан"},
{"singular":"жигит", "plural":"жигиттер"},
{"singular":"жигиттин", "plural":"жигиттерден"},
{"singular":"жигитке", "plural":"жигиттерге"},
{"singular":"жигитти", "plural":"жигиттерди"},
{"singular":"жигитте", "plural":"жигиттерде"},
{"singular":"жигиттен", "plural":"жигиттерден"},
{"singular":"бала", "plural":"балдар"},
{"singular":"баланын", "plural":"балдардын"},
{"singular":"балага", "plural":"балдарга"},
{"singular":"баланы", "plural":"балдарды"},
{"singular":"балада", "plural":"балдарда"},
{"singular":"баладан", "plural":"балдардан"},
{"singular":"ата", "plural":"аталар"},
{"singular":"атанын", "plural":"аталардан"},
{"singular":"атага", "plural":"аталарга"},
{"singular":"атаны", "plural":"аталарды"},
{"singular":"атада", "plural":"аталарда"},
{"singular":"атадан", "plural":"аталардан"},
{"singular":"күйөө", "plural":"күйөөлөр"},
{"singular":"күйөөнүн", "plural":"күйөөлөрдөн"},
{"singular":"күйөөгө", "plural":"күйөөлөргө"},
{"singular":"күйөөнү", "plural":"күйөөлөрдү"},
{"singular":"күйөөдө", "plural":"күйөөлөрдө"},
{"singular":"күйөөдөн", "plural":"күйөөлөрдөн"},
{"singular":"чоң ата", "plural":"чоң аталар"},
{"singular":"чоң атанын", "plural":"чоң аталардан"},
{"singular":"чоң атага", "plural":"чоң аталарга"},
{"singular":"чоң атаны", "plural":"чоң аталарды"},
{"singular":"чоң атада", "plural":"чоң аталарда"},
{"singular":"чоң атадан", "plural":"чоң аталардан"},
{"singular":"байке", "plural":"байкелер"},
{"singular":"байкенин", "plural":"байкелердин"},
{"singular":"байкеге", "plural":"байкелерге"},
{"singular":"байкени", "plural":"байкелерди"},
{"singular":"байкеде", "plural":"байкелерде"},
{"singular":"байкеден", "plural":"байкелерден"},
{"singular":"ини", "plural":"инилер"},
{"singular":"ининин", "plural":"инилердин"},
{"singular":"иниге", "plural":"инилерге"},
{"singular":"инини", "plural":"инилерди"},
{"singular":"иниде", "plural":"инилерде"},
{"singular":"иниден", "plural":"инилерден"}
],
"unspecified": [
{"singular":"инсан", "plural":"инсандар"},
{"singular":"инсандын", "plural":"инсандардын"},
{"singular":"инсанга", "plural":"инсандарга"},
{"singular":"инсанды", "plural":"инсандарды"},
{"singular":"инсанда", "plural":"инсандарда"},
{"singular":"инсандан", "plural":"инсандардан"},
{"singular":"адам", "plural":"адамдар"},
{"singular":"адамдын", "plural":"адамдардынн"},
{"singular":"адамга", "plural":"адамдарга"},
{"singular":"адамды", "plural":"адамдарды"},
{"singular":"адамда", "plural":"адамдарда"},
{"singular":"адамдан", "plural":"адамдардан"},
{"singular":"наристе", "plural":"наристелер"},
{"singular":"наристенин", "plural":"наристелердин"},
{"singular":"наристеге", "plural":"наристелерге"},
{"singular":"наристени", "plural":"наристелерди"},
{"singular":"наристеде", "plural":"наристелерде"},
{"singular":"наристеден", "plural":"наристелерден"},
{"singular":"ата-эне", "plural":"ата-энелер"},
{"singular":"ата-эненин", "plural":"ата-энелердин"},
{"singular":"ата-энеге", "plural":"ата-энелерине"},
{"singular":"ата-энени", "plural":"ата-энелерди"},
{"singular":"ата-энеде", "plural":"ата-энелерде"},
{"singular":"ата-энеден", "plural":"ата-энелерден"},
{"singular":"келинчек", "plural":"келинчектер"},
{"singular":"келинчектин", "plural":"келинчектердин"},
{"singular":"келинчекке", "plural":"келинчектерге"},
{"singular":"келинчекти", "plural":"келинчектерди"},
{"singular":"келинчекте", "plural":"келинчектерде"},
{"singular":"келинчектен", "plural":"келинчектерден"},
{"singular":"жолдош", "plural":"жолдоштор"},
{"singular":"жолдоштун", "plural":"жолдоштордун"},
{"singular":"жолдошко", "plural":"жолдошторго"},
{"singular":"жолдошту", "plural":"жолдошторду"},
{"singular":"жолдошто", "plural":"жолдоштордо"},
{"singular":"жолдоштон", "plural":"жолдоштордон"},
{"singular":"таята", "plural":"таяталар"},
{"singular":"таятанын", "plural":"таяталардан"},
{"singular":"таятага", "plural":"таяталарга"},
{"singular":"таятаны", "plural":"таяталарды"},
{"singular":"таятада", "plural":"таяталарда"},
{"singular":"таятадан", "plural":"таяталардан"},
{"singular":"бир тууган", "plural":"бир туугандар"},
{"singular":"бир туугандын", "plural":"бир туугандардын"},
{"singular":"бир тууганга", "plural":"бир туугандарга"},
{"singular":"бир тууганды", "plural":"бир туугандарды"},
{"singular":"бир тууганда", "plural":"бир туугандарда"},
{"singular":"бир туугандан", "plural":"бир туугандардан"},
{"singular":"ветеран", "plural":"ветерандар"},
{"singular":"ветерандын", "plural":"ветерандардын"},
{"singular":"ветеранга", "plural":"ветерандарга"},
{"singular":"ветеранды", "plural":"ветерандарды"},
{"singular":"ветеранда", "plural":"ветерандарда"},
{"singular":"ветерандан", "plural":"ветерандардан"}
]
}
