{
"feminine": [
{"singular":"여성", "plural":"여성들"},
{"singular":"여자", "plural":"여자들"},
{"singular":"여인", "plural":"여인들"},
{"singular":"부인", "plural":"부인들"},
{"singular":"숙녀", "plural":"숙녀들"},
{"singular":"아가씨", "plural":"아가씨들"},
{"singular":"레이디"},
{"singular":"소녀", "plural":"소녀들"},
{"singular":"여자아이", "plural":"여자아이들"},
{"singular":"여자애", "plural":"여자애들"},
{"singular":"여학생", "plural":"여학생들"},
{"singular":"어머니", "plural":"어머니들"},
{"singular":"모친", "plural":"모친들"},
{"singular":"어머님", "plural":"어머님들"},
{"singular":"엄마", "plural":"엄마들"},
{"singular":"딸", "plural":"딸들"},
{"singular":"따님", "plural":"따님들"},
{"singular":"딸내미", "plural":"딸내미들"},
{"singular":"아내", "plural":"아내들"},
{"singular":"마누라", "plural":"마누라들"},
{"singular":"와이프", "plural":"와이프들"},
{"singular":"집사람", "plural":"집사람들"},
{"singular":"처", "plural":"처들"},
{"singular":"할머니", "plural":"할머니들"},
{"singular":"증조모", "plural":"증조모들"},
{"singular":"할머님", "plural":"할머님들"},
{"singular":"할멈"},
{"singular":"자매", "plural":"자매들"},
{"singular":"여동생", "plural":"여동생들"},
{"singular":"누나", "plural":"누나들"},
{"singular":"누님", "plural":"누님들"},
{"singular":"언니", "plural":"언니들"}
],
"masculine": [
{"singular":"남성", "plural":"남성들"},
{"singular":"남자", "plural":"남자들"},
{"singular":"사람", "plural":"사람들"},
{"singular":"남동생", "plural":"남동생들"},
{"singular":"형", "plural":"형들"},
{"singular":"형님", "plural":"형님들"},
{"singular":"친구", "plural":"친구들"},
{"singular":"동료", "plural":"동료들"},
{"singular":"사내", "plural":"사내들"},
{"singular":"너희", "plural":"너희들"},
{"singular":"녀석", "plural":"녀석들"},
{"singular":"소년", "plural":"소년들"},
{"singular":"남자아이", "plural":"남자아이들"},
{"singular":"남자애", "plural":"남자애들"},
{"singular":"사내아이", "plural":"사내아이들"},
{"singular":"남학생", "plural":"남학생들"},
{"singular":"아버지", "plural":"아버지들"},
{"singular":"부친", "plural":"부친들"},
{"singular":"아버님", "plural":"아버님들"},
{"singular":"아빠", "plural":"아빠들"},
{"singular":"아들", "plural":"아들들"},
{"singular":"자식", "plural":"자식들"},
{"singular":"아드님", "plural":"아드님들"},
{"singular":"자손", "plural":"자손들"},
{"singular":"남편", "plural":"남편들"},
{"singular":"할아버지", "plural":"할아버지들"},
{"singular":"증조부", "plural":"증조부들"},
{"singular":"할아버님", "plural":"할아버님들"},
{"singular":"할아범"},
{"singular":"형제", "plural":"형제들"},
{"singular":"오빠", "plural":"오빠들"}
],
"unspecified": [
{"singular":"개인", "plural":"개인들"},
{"singular":"인간", "plural":"인간들"},
{"singular":"아이", "plural":"아이들"},
{"singular":"어린이", "plural":"어린이들"},
{"singular":"아동", "plural":"아동들"},
{"singular":"꼬마", "plural":"꼬마들"},
{"singular":"부모", "plural":"부모들"},
{"singular":"부모님", "plural":"부모님들"},
{"singular":"어버이", "plural":"어버이들"},
{"singular":"양친", "plural":"양친들"},
{"singular":"소인", "plural":"소인들"},
{"singular":"배우자", "plural":"배우자들"},
{"singular":"배우자분", "plural":"배우자분들"},
{"singular":"조부모", "plural":"조부모들"},
{"singular":"조부모님", "plural":"조부모님들"},
{"singular":"형제자매", "plural":"형제자매들"},
{"singular":"남매", "plural":"남매들"},
{"singular":"숙련자", "plural":"숙련자들"},
{"singular":"베테랑", "plural":"베테랑들"},
{"singular":"참전 용사", "plural":"참전 용사들"},
{"singular":"재향 군인", "plural":"재향 군인들"},
{"singular":"퇴역 군인", "plural":"퇴역 군인들"}
]
}
