{
"feminine": [
{"singular":"moteris", "plural":"moterys"},
{"singular":"moters", "plural":"moterų"},
{"singular":"moteriai", "plural":"moterims"},
{"singular":"moterį", "plural":"moteris"},
{"singular":"moterimi", "plural":"moterimis"},
{"singular":"moteryje", "plural":"moteryse"},
{"singular":"moterie", "plural":"moterys"},
{"singular":"ponia", "plural":"ponios"},
{"singular":"ponios", "plural":"ponių"},
{"singular":"poniai", "plural":"ponioms"},
{"singular":"ponią", "plural":"ponias"},
{"singular":"ponia", "plural":"poniomis"},
{"singular":"ponioje", "plural":"poniose"},
{"singular":"mergaitė", "plural":"mergaitės"},
{"singular":"mergaitės", "plural":"mergaičių"},
{"singular":"mergaitei", "plural":"mergaitėms"},
{"singular":"mergaitę", "plural":"mergaites"},
{"singular":"mergaite", "plural":"mergaitėmis"},
{"singular":"mergaitėje", "plural":"mergaitėse"},
{"singular":"mergaite", "plural":"mergaitės"},
{"singular":"mergina", "plural":"merginos"},
{"singular":"merginos", "plural":"merginų"},
{"singular":"merginai", "plural":"merginoms"},
{"singular":"merginą", "plural":"merginas"},
{"singular":"mergina", "plural":"merginomis"},
{"singular":"merginoje", "plural":"merginose"},
{"singular":"motina", "plural":"motinos"},
{"singular":"motinos", "plural":"motinų"},
{"singular":"motinai", "plural":"motinoms"},
{"singular":"motiną", "plural":"motinas"},
{"singular":"motina", "plural":"motinomis"},
{"singular":"motinoje", "plural":"motinose"},
{"singular":"mama", "plural":"mamos"},
{"singular":"mamos", "plural":"mamų"},
{"singular":"mamai", "plural":"mamoms"},
{"singular":"mamą", "plural":"mamas"},
{"singular":"mama", "plural":"mamomis"},
{"singular":"mamoje", "plural":"mamose"},
{"singular":"dukra", "plural":"dukros"},
{"singular":"dukros", "plural":"dukrų"},
{"singular":"dukrai", "plural":"dukroms"},
{"singular":"dukrą", "plural":"dukras"},
{"singular":"dukra", "plural":"dukromis"},
{"singular":"dukroje", "plural":"dukrose"},
{"singular":"žmona", "plural":"žmonos"},
{"singular":"žmonos", "plural":"žmonų"},
{"singular":"žmonai", "plural":"žmonoms"},
{"singular":"žmoną", "plural":"žmonas"},
{"singular":"žmona", "plural":"žmonomis"},
{"singular":"žmonoje", "plural":"žmonose"},
{"singular":"senelė", "plural":"senelės"},
{"singular":"senelės", "plural":"senelių"},
{"singular":"senelei", "plural":"senelėms"},
{"singular":"senelę", "plural":"seneles"},
{"singular":"senele", "plural":"senelėmis"},
{"singular":"senelėje", "plural":"senelėse"},
{"singular":"senele", "plural":"senelės"},
{"singular":"močiutė", "plural":"močiutės"},
{"singular":"močiutės", "plural":"močiučių"},
{"singular":"močiutei", "plural":"močiutėms"},
{"singular":"močiutę", "plural":"močiutes"},
{"singular":"močiute", "plural":"močiutėmis"},
{"singular":"močiutėje", "plural":"močiutėse"},
{"singular":"močiute", "plural":"močiutės"},
{"singular":"sesuo", "plural":"seserys"},
{"singular":"sesers", "plural":"seserų"},
{"singular":"seseriai", "plural":"seserims"},
{"singular":"seserį", "plural":"seseris"},
{"singular":"seserimi", "plural":"seserimis"},
{"singular":"seseryje", "plural":"seseryse"},
{"singular":"seserie", "plural":"seserys"},
{"singular":"sesė", "plural":"sesės"},
{"singular":"sesės", "plural":"sesių"},
{"singular":"sesei", "plural":"sesėms"},
{"singular":"sesę", "plural":"seses"},
{"singular":"sese", "plural":"sesėmis"},
{"singular":"sesėje", "plural":"sesėse"},
{"singular":"sese", "plural":"sesės"}
],
"masculine": [
{"singular":"vyras", "plural":"vyrai"},
{"singular":"vyro", "plural":"vyrų"},
{"singular":"vyrui", "plural":"vyrams"},
{"singular":"vyrą", "plural":"vyrus"},
{"singular":"vyru", "plural":"vyrais"},
{"singular":"vyre", "plural":"vyruose"},
{"singular":"vyre", "plural":"vyrai"},
{"singular":"bičas", "plural":"bičai"},
{"singular":"bičo", "plural":"bičų"},
{"singular":"bičui", "plural":"bičams"},
{"singular":"bičą", "plural":"bičus"},
{"singular":"biču", "plural":"bičais"},
{"singular":"biče", "plural":"bičuose"},
{"singular":"biče", "plural":"bičai"},
{"singular":"vaikinas", "plural":"vaikinai"},
{"singular":"vaikino", "plural":"vaikinų"},
{"singular":"vaikinui", "plural":"vaikinams"},
{"singular":"vaikiną", "plural":"vaikinus"},
{"singular":"vaikinu", "plural":"vaikinais"},
{"singular":"vaikine", "plural":"vaikinuose"},
{"singular":"vaikine", "plural":"vaikinai"},
{"singular":"berniukas", "plural":"berniukai"},
{"singular":"berniuko", "plural":"berniukų"},
{"singular":"berniukui", "plural":"berniukams"},
{"singular":"berniuką", "plural":"berniukus"},
{"singular":"berniuku", "plural":"berniukais"},
{"singular":"berniuke", "plural":"berniukuose"},
{"singular":"berniuk", "plural":"berniukai"},
{"singular":"tėvas", "plural":"tėvai"},
{"singular":"tėvo", "plural":"tėvų"},
{"singular":"tėvui", "plural":"tėvams"},
{"singular":"tėvą", "plural":"tėvus"},
{"singular":"tėvu", "plural":"tėvais"},
{"singular":"tėve", "plural":"tėvuose"},
{"singular":"tėve", "plural":"tėvai"},
{"singular":"tėtis", "plural":"tėčiai"},
{"singular":"tėčio", "plural":"tėčių"},
{"singular":"tėčiui", "plural":"tėčiams"},
{"singular":"tėtį", "plural":"tėčius"},
{"singular":"tėčiu", "plural":"tėčiais"},
{"singular":"tėtyje", "plural":"tėčiuose"},
{"singular":"tėti", "plural":"tėčiai"},
{"singular":"sūnus", "plural":"sūnūs"},
{"singular":"sūnaus", "plural":"sūnų"},
{"singular":"sūnui", "plural":"sūnums"},
{"singular":"sūnų", "plural":"sūnus"},
{"singular":"sūnumi", "plural":"sūnumis"},
{"singular":"sūnuje", "plural":"sūnuose"},
{"singular":"sūnau", "plural":"sūnūs"},
{"singular":"sutuoktinis", "plural":"sutuoktiniai"},
{"singular":"sutuoktinio", "plural":"sutuoktinių"},
{"singular":"sutuoktiniui", "plural":"sutuoktiniams"},
{"singular":"sutuoktinį", "plural":"sutuoktinius"},
{"singular":"sutuoktiniu", "plural":"sutuoktiniais"},
{"singular":"sutuoktinyje", "plural":"sutuoktiniuose"},
{"singular":"sutuoktini", "plural":"sutuoktiniai"},
{"singular":"senelis", "plural":"seneliai"},
{"singular":"senelio", "plural":"senelių"},
{"singular":"seneliui", "plural":"seneliams"},
{"singular":"senelį", "plural":"senelius"},
{"singular":"seneliu", "plural":"seneliais"},
{"singular":"senelyje", "plural":"seneliuose"},
{"singular":"seneli", "plural":"seneliai"},
{"singular":"diedukas", "plural":"diedukai"},
{"singular":"dieduko", "plural":"diedukų"},
{"singular":"diedukui", "plural":"diedukams"},
{"singular":"dieduką", "plural":"diedukus"},
{"singular":"dieduku", "plural":"diedukais"},
{"singular":"dieduke", "plural":"diedukuose"},
{"singular":"dieduk", "plural":"diedukai"},
{"singular":"brolis", "plural":"broliai"},
{"singular":"brolio", "plural":"brolių"},
{"singular":"broliui", "plural":"broliams"},
{"singular":"brolį", "plural":"brolius"},
{"singular":"broliu", "plural":"broliais"},
{"singular":"brolyje", "plural":"broliuose"},
{"singular":"broli", "plural":"broliai"}
],
"unspecified": [
{"singular":"individas", "plural":"individai"},
{"singular":"individo", "plural":"individų"},
{"singular":"individui", "plural":"individams"},
{"singular":"individą", "plural":"individus"},
{"singular":"individu", "plural":"individais"},
{"singular":"individe", "plural":"individuose"},
{"singular":"individe", "plural":"individai"},
{"singular":"asmuo", "plural":"asmenys"},
{"singular":"asmens", "plural":"asmenų"},
{"singular":"asmeniui", "plural":"asmenims"},
{"singular":"asmenį", "plural":"asmenis"},
{"singular":"asmenimi", "plural":"asmenimis"},
{"singular":"asmenyje", "plural":"asmenyse"},
{"singular":"asmenie", "plural":"asmenys"},
{"singular":"vaikas", "plural":"vaikai"},
{"singular":"vaiko", "plural":"vaikų"},
{"singular":"vaikui", "plural":"vaikams"},
{"singular":"vaiką", "plural":"vaikus"},
{"singular":"vaiku", "plural":"vaikais"},
{"singular":"vaike", "plural":"vaikuose"},
{"singular":"vaike", "plural":"vaikai"},
{"singular":"sutuoktinis", "plural":"sutuoktiniai"},
{"singular":"sutuoktinio", "plural":"sutuoktinių"},
{"singular":"sutuoktiniui", "plural":"sutuoktiniams"},
{"singular":"sutuoktinį", "plural":"sutuoktinius"},
{"singular":"sutuoktiniu", "plural":"sutuoktiniais"},
{"singular":"sutuoktinyje", "plural":"sutuoktiniuose"},
{"singular":"sutuoktini", "plural":"sutuoktiniai"},
{"singular":"veteranas", "plural":"veteranai"},
{"singular":"veterano", "plural":"veteranų"},
{"singular":"veteranui", "plural":"veteranams"},
{"singular":"veteraną", "plural":"veteranus"},
{"singular":"veteranu", "plural":"veteranais"},
{"singular":"veterane", "plural":"veteranuose"},
{"singular":"veterane", "plural":"veteranai"}
]
}
