{
"feminine": [
{"singular":"vrouw", "plural":"vrouwen"},
{"singular":"mevrouw", "plural":"mevrouwen"},
{"singular":"wijf", "plural":"wijven"},
{"singular":"dame", "plural":"dames"},
{"singular":"lady", "plural":"lady's"},
{"singular":"meisje", "plural":"meisjes"},
{"singular":"meid", "plural":"meiden"},
{"singular":"griet", "plural":"grietjes"},
{"singular":"grietje", "plural":"grietjes"},
{"singular":"moeder", "plural":"moeders"},
{"singular":"moeke ", "plural":"moekes"},
{"singular":"moesje", "plural":"moesjes"},
{"singular":"moer", "plural":"moeren"},
{"singular":"mam"},
{"singular":"mamma", "plural":"mamma's"},
{"singular":"mama", "plural":"mama's"},
{"singular":"mams"},
{"singular":"mammie", "plural":"mammie's"},
{"singular":"dochter", "plural":"dochters"},
{"singular":"echtgenote", "plural":"echtgenotes"},
{"singular":"wijf"},
{"singular":"grootmoeder", "plural":"grootmoeders"},
{"singular":"grootje", "plural":"grootjes"},
{"singular":"oma", "plural":"oma's"},
{"singular":"opoe", "plural":"opoes"},
{"singular":"zuster", "plural":"zusters"},
{"singular":"zus", "plural":"zussen"},
{"singular":"zusje", "plural":"zusjes"}
],
"masculine": [
{"singular":"man", "plural":"mannen"},
{"singular":"mens"},
{"singular":"echtgenoot", "plural":"echtgenoten"},
{"singular":"kerel", "plural":"kerels"},
{"singular":"vent", "plural":"venten"},
{"singular":"bro", "plural":"bro's"},
{"singular":"broer", "plural":"broers"},
{"singular":"gappie", "plural":"gappies"},
{"singular":"mattie", "plural":"matties"},
{"singular":"homie", "plural":"homies"},
{"singular":"kill", "plural":"kills"},
{"singular":"neef", "plural":"neven"},
{"singular":"niffo", "plural":"niffo's"},
{"singular":"jongen", "plural":"jongens"},
{"singular":"gozer", "plural":"gozers"},
{"singular":"knaap", "plural":"knapen"},
{"singular":"knul", "plural":"knullen"},
{"singular":"jongetje", "plural":"jongetjes"},
{"singular":"joch", "plural":"jochies"},
{"singular":"vader", "plural":"vaders"},
{"singular":"ouwe"},
{"singular":"pap"},
{"singular":"papa", "plural":"papa's"},
{"singular":"pappa", "plural":"pappa's"},
{"singular":"paps"},
{"singular":"pappie", "plural":"pappies"},
{"singular":"zoon", "plural":"zonen"},
{"singular":"grootvader", "plural":"grootvaders"},
{"singular":"opa", "plural":"opa's"},
{"singular":"broertje", "plural":"broertjes"},
{"singular":"broeder", "plural":"broeders"}
],
"unspecified": [
{"singular":"individu", "plural":"individuen"},
{"singular":"persoon", "plural":"personen"},
{"singular":"figuur", "plural":"figuren"},
{"singular":"iemand"},
{"singular":"kind", "plural":"kinderen"},
{"singular":"jong", "plural":"jongen"},
{"singular":"kleine"},
{"singular":"ouder", "plural":"ouders"},
{"singular":"eega", "plural":"eega's"},
{"singular":"gade", "plural":"gaden"},
{"singular":"grootouder", "plural":"grootouders"},
{"singular":"veteraan", "plural":"veteranen"},
{"singular":"oudgediende", "plural":"oudgedienden"}
]
}
