{
"feminine": [
{"singular":"ਮਹਿਲਾ ", "plural":"ਔਰਤਾਂ"},
{"singular":"ਔਰਤ ", "plural":"ਤੀਵੀਆਂ"},
{"singular":"ਤੀਵੀਂ ", "plural":"ਮਹਿਲਾਵਾਂ"},
{"singular":"ਇਸਤਰੀ"},
{"singular":"ਨਾਰ"},
{"singular":"ਦੇਵੀ", "plural":"ਔਰਤਾਂ"},
{"singular":"ਔਰਤ", "plural":"ਮਹਿਲਾਵਾਂ"},
{"singular":"ਮਹਿਲਾ"},
{"singular":"ਕੁੜੀ", "plural":"ਕੁੜੀਆਂ"},
{"singular":"ਕੁਮਾਰੀ", "plural":"ਲੜਕੀਆਂ"},
{"singular":"ਲੜਕੀ"},
{"singular":"ਮਾਂ", "plural":"ਮਾਂਵਾਂ"},
{"singular":"ਮਾਤਾ", "plural":"ਮਾਤਾਵਾਂ"},
{"singular":"ਮਾਤਰ"},
{"singular":"ਮੰਮੀ", "plural":"ਮਾਤਾਵਾਂ"},
{"singular":"ਬੇਟੀ", "plural":"ਬੇਟੀਆਂ"},
{"singular":"ਲੜਕੀ", "plural":"ਲੜਕੀਆਂ"},
{"singular":"ਧੀ", "plural":"ਧੀਆਂ"},
{"singular":"ਪੁੱਤਰੀ", "plural":"ਪੁੱਤਰੀਆਂ"},
{"singular":"ਪਤਨੀ", "plural":"ਪਤਨੀਆਂ"},
{"singular":"ਘਰਵਾਲੀ", "plural":"ਘਰਵਾਲੀਆਂ"},
{"singular":"ਤੀਵੀਂ", "plural":"ਤੀਵੀਂਆਂ"},
{"singular":"ਇਸਤਰੀ", "plural":"ਇਸਤਰੀਆਂ"},
{"singular":"ਨਾਨੀ", "plural":"ਨਾਨੀਆਂ"},
{"singular":"ਦਾਦੀ", "plural":"ਦਾਦੀਆਂ"},
{"singular":"ਬੇਬੇ"},
{"singular":"ਭੈਣ", "plural":"ਭੈਣਾਂ"},
{"singular":"ਦੀਦੀ", "plural":"ਦੀਦੀਆਂ"}
],
"masculine": [
{"singular":"ਆਦਮੀ", "plural":"ਆਦਮੀਆਂ"},
{"singular":"ਮਨੁੱਖ", "plural":"ਮਨੁੱਖਾਂ"},
{"singular":"ਪੁਰਖ", "plural":"ਪੁਰਖਾਂ"},
{"singular":"ਨਰ"},
{"singular":"ਭਰਾ", "plural":"ਭਰਾਵਾਂ"},
{"singular":"ਵੀਰ", "plural":"ਵੀਰਾਂ"},
{"singular":"ਭਾਈ", "plural":"ਭਾਈਆਂ"},
{"singular":"ਮੁੰਡਾ", "plural":"ਮੁੰਡੇ"},
{"singular":"ਕਿਸ਼ੋਰ", "plural":"ਲੜਕੇ"},
{"singular":"ਲੜਕਾ"},
{"singular":"ਬਾਲਕ"},
{"singular":"ਪਿਤਾ", "plural":"ਪਿਤਾਵਾਂ"},
{"singular":"ਪਾਪਾ"},
{"singular":"ਪਿਓ"},
{"singular":"ਬਾਪ"},
{"singular":"ਪੁੱਤਰ", "plural":"ਪੁੱਤਰਾਂ"},
{"singular":"ਬੇਟਾ", "plural":"ਬੇਟੇ"},
{"singular":"ਬੱਚਾ", "plural":"ਬੱਚੇ"},
{"singular":"ਪਤੀ", "plural":"ਪਤੀਆਂ"},
{"singular":"ਮਰਦ", "plural":"ਮਰਦਾਂ"},
{"singular":"ਵਰ", "plural":"ਵਰਾਂ"},
{"singular":"ਘਰਵਾਲਾ", "plural":"ਘਰਵਾਲੇ"},
{"singular":"ਦਾਦਾ", "plural":"ਦਾਦੇ"},
{"singular":"ਨਾਨਾ", "plural":"ਨਾਨੇ"}
],
"unspecified": [
{"singular":"ਵਿਅਕਤੀ", "plural":"ਵਿਅਕਤੀਆਂ"},
{"singular":"ਸ਼ਖ਼ਸ"},
{"singular":"ਨਿਆਣਾ", "plural":"ਨਿਆਣੇ"},
{"singular":"ਬਾਲ"},
{"singular":"ਮਾਤਾ ਪਿਤਾ", "plural":"ਮਾਂਵਾਂ-ਪਿਤਾਵਾਂ"},
{"singular":"ਮਾਂ-ਪਿਉ"},
{"singular":"ਜੀਵਨ-ਸਾਥੀ", "plural":"ਜੀਵਨ-ਸਾਥੀਆਂ"},
{"singular":"ਦੰਪਤੀ", "plural":"ਦੰਪਤੀਆਂ"},
{"singular":"ਪਤੀ ਅਤੇ ਪਤਨੀ ", "plural":"ਪਤੀਆਂ ਅਤੇ ਪਤਨੀਆਂ"},
{"singular":"ਭੈਣ-ਭਰਾ", "plural":"ਭੈਣਾਂ-ਭਰਾਵਾਂ"},
{"singular":"ਤਜਰਬੇਕਾਰ", "plural":"ਤਜਰਬੇਕਾਰਾਂ"}
]
}
