{
"feminine": [
{"singular":"kobieta", "plural":"kobiety"},
{"singular":"kobiety", "plural":"kobiet"},
{"singular":"kobiecie", "plural":"kobietom"},
{"singular":"kobietę", "plural":"kobiety"},
{"singular":"kobietą", "plural":"kobietami"},
{"singular":"kobiecie", "plural":"kobietach"},
{"singular":"kobieto", "plural":"kobiety"},
{"singular":"pani", "plural":"panie"},
{"singular":"pani", "plural":"pań"},
{"singular":"pani", "plural":"paniom"},
{"singular":"panią", "plural":"panie"},
{"singular":"panią", "plural":"paniami"},
{"singular":"pani", "plural":"paniach"},
{"singular":"dziewczyna", "plural":"dziewczyny"},
{"singular":"dziewczyny", "plural":"dziewczyn"},
{"singular":"dziewczynie", "plural":"dziewczynom"},
{"singular":"dziewczynę", "plural":"dziewczyny"},
{"singular":"dziewczyną", "plural":"dziewczynami"},
{"singular":"dziewczynie", "plural":"dziewczynach"},
{"singular":"dziewczyno", "plural":"dziewczyny"},
{"singular":"dziewczynka", "plural":"dziewczynki"},
{"singular":"dziewczynki", "plural":"dziewczynek"},
{"singular":"dziewczynce", "plural":"dziewczynkom"},
{"singular":"dziewczynkę", "plural":"dziewczynki"},
{"singular":"dziewczynką", "plural":"dziewczynkami"},
{"singular":"dziewczynce", "plural":"dziewczynkach"},
{"singular":"dziewczynko", "plural":"dziewczynki"},
{"singular":"matka", "plural":"matki"},
{"singular":"matki", "plural":"matek"},
{"singular":"matce", "plural":"matkom"},
{"singular":"matkę", "plural":"matki"},
{"singular":"matką", "plural":"matkami"},
{"singular":"matce", "plural":"matkach"},
{"singular":"matko", "plural":"matki"},
{"singular":"mama", "plural":"mamy"},
{"singular":"mamy", "plural":"mam"},
{"singular":"mamie", "plural":"mamom"},
{"singular":"mamę", "plural":"mamy"},
{"singular":"mamą", "plural":"mamami"},
{"singular":"mamie", "plural":"mamach"},
{"singular":"mamo", "plural":"mamy"},
{"singular":"mamusia", "plural":"mamusie"},
{"singular":"mamusi", "plural":"mamusi"},
{"singular":"mamusi", "plural":"mamusiom"},
{"singular":"mamusię", "plural":"mamusie"},
{"singular":"mamusią", "plural":"mamusiami"},
{"singular":"mamusi", "plural":"mamusiach"},
{"singular":"mamusiu", "plural":"mamusie"},
{"singular":"córka", "plural":"córki"},
{"singular":"córki", "plural":"córek"},
{"singular":"córce", "plural":"córkom"},
{"singular":"córkę", "plural":"córki"},
{"singular":"córką", "plural":"córkami"},
{"singular":"córce", "plural":"córkach"},
{"singular":"córko", "plural":"córki"},
{"singular":"córeczka", "plural":"córeczki"},
{"singular":"córeczki", "plural":"córeczek"},
{"singular":"córeczce", "plural":"córeczkom"},
{"singular":"córeczkę", "plural":"córeczki"},
{"singular":"córeczką", "plural":"córeczkami"},
{"singular":"córeczce", "plural":"córeczkach"},
{"singular":"córeczko", "plural":"córeczki"},
{"singular":"żona", "plural":"żony"},
{"singular":"żony", "plural":"żon"},
{"singular":"żonie", "plural":"żonom"},
{"singular":"żonę", "plural":"żony"},
{"singular":"żoną", "plural":"żonami"},
{"singular":"żonie", "plural":"żonach"},
{"singular":"żono", "plural":"żony"},
{"singular":"małżonka", "plural":"małżonki"},
{"singular":"małżonki", "plural":"małżonek"},
{"singular":"małżonce", "plural":"małżonkom"},
{"singular":"małżonkę", "plural":"małżonki"},
{"singular":"małżonką", "plural":"małżonkami"},
{"singular":"małżonce", "plural":"małżonkach"},
{"singular":"małżonko", "plural":"małżonki"},
{"singular":"babka", "plural":"babki"},
{"singular":"babki", "plural":"babek"},
{"singular":"babce", "plural":"babkom"},
{"singular":"babkę", "plural":"babki"},
{"singular":"babką", "plural":"babkami"},
{"singular":"babce", "plural":"babkach"},
{"singular":"babko", "plural":"babki"},
{"singular":"babcia", "plural":"babcie"},
{"singular":"babci", "plural":"babci"},
{"singular":"babci", "plural":"babciom"},
{"singular":"babcię", "plural":"babcie"},
{"singular":"babcią", "plural":"babciami"},
{"singular":"babci", "plural":"babciach"},
{"singular":"babciu", "plural":"babcie"},
{"singular":"babć"},
{"singular":"babunia", "plural":"babunie"},
{"singular":"babuni", "plural":"babuni"},
{"singular":"babuni", "plural":"babuniom"},
{"singular":"babunię", "plural":"babunie"},
{"singular":"babunią", "plural":"babuniami"},
{"singular":"babuni", "plural":"babuniach"},
{"singular":"babuniu", "plural":"babunie"},
{"singular":"babuń"},
{"singular":"siostra", "plural":"siostry"},
{"singular":"siostry", "plural":"sióstr"},
{"singular":"siostrze", "plural":"siostrom"},
{"singular":"siostrę", "plural":"siostry"},
{"singular":"siostrą", "plural":"siostrami"},
{"singular":"siostrze", "plural":"siostrach"},
{"singular":"siostro", "plural":"siostry"},
{"singular":"siostrzyczka", "plural":"siostrzyczki"},
{"singular":"siostrzyczki", "plural":"siostrzyczek"},
{"singular":"siostrzyczce", "plural":"siostrzyczkom"},
{"singular":"siostrzyczkę", "plural":"siostrzyczki"},
{"singular":"siostrzyczką", "plural":"siostrzyczkami"},
{"singular":"siostrzyczce", "plural":"siostrzyczkach"},
{"singular":"siostrzyczko", "plural":"siostrzyczki"},
{"singular":"weteranka", "plural":"weteranki"},
{"singular":"weteranki", "plural":"weteranek"},
{"singular":"weterance", "plural":"weterankom"},
{"singular":"weterankę", "plural":"weteranki"},
{"singular":"weteranką", "plural":"weterankami"},
{"singular":"weterance", "plural":"weterankach"},
{"singular":"weteranko", "plural":"weteranki"},
{"singular":"kombatantka", "plural":"kombatantki"},
{"singular":"kombatantki", "plural":"kombatantek"},
{"singular":"kombatantce", "plural":"kombatantkom"},
{"singular":"kombatantkę", "plural":"kombatantki"},
{"singular":"kombatantką", "plural":"kombatantkami"},
{"singular":"kombatantce", "plural":"kombatantkach"},
{"singular":"kombatantko", "plural":"kombatantki"}
],
"masculine": [
{"singular":"mężczyzna", "plural":"mężczyźni"},
{"singular":"mężczyzny", "plural":"mężczyzn"},
{"singular":"mężczyźnie", "plural":"mężczyznom"},
{"singular":"mężczyznę", "plural":"mężczyzn"},
{"singular":"mężczyzną", "plural":"mężczyznami"},
{"singular":"mężczyźnie", "plural":"mężczyznach"},
{"singular":"mężczyzno", "plural":"mężczyźni"},
{"singular":"ziom", "plural":"ziomowie"},
{"singular":"zioma", "plural":"ziomów"},
{"singular":"ziomowi", "plural":"ziomom"},
{"singular":"ziomem", "plural":"ziomami"},
{"singular":"ziomie", "plural":"ziomach"},
{"singular":"ziomie", "plural":"ziomowie"},
{"plural":"ziomy"},
{"singular":"ziomek", "plural":"ziomowie"},
{"singular":"ziomka", "plural":"ziomków"},
{"singular":"ziomkowi", "plural":"ziomkom"},
{"singular":"ziomkiem", "plural":"ziomkami"},
{"singular":"ziomku", "plural":"ziomkach"},
{"singular":"ziomku", "plural":"ziomkowie"},
{"plural":"ziomki"},
{"singular":"ziomal", "plural":"ziomale"},
{"singular":"ziomala", "plural":"ziomali"},
{"singular":"ziomalowi", "plural":"ziomalom"},
{"singular":"ziomalem", "plural":"ziomalami"},
{"singular":"ziomalu", "plural":"ziomalach"},
{"singular":"ziomalu", "plural":"ziomale"},
{"plural":"ziomalowie"},
{"plural":"ziomalów"},
{"singular":"koleś", "plural":"kolesie"},
{"singular":"kolesia", "plural":"kolesi"},
{"singular":"kolesiowi", "plural":"kolesiom"},
{"singular":"kolesiem", "plural":"kolesiami"},
{"singular":"kolesiu", "plural":"kolesiach"},
{"singular":"kolesiu", "plural":"kolesie"},
{"plural":"kolesiów"},
{"singular":"facet", "plural":"faceci"},
{"singular":"faceta", "plural":"facetów"},
{"singular":"facetowi", "plural":"facetom"},
{"singular":"facetem", "plural":"facetami"},
{"singular":"facecie", "plural":"facetach"},
{"singular":"facecie", "plural":"faceci"},
{"singular":"gość", "plural":"goście"},
{"singular":"gościa", "plural":"gości"},
{"singular":"gościowi", "plural":"gościom"},
{"singular":"gościem", "plural":"gośćmi"},
{"singular":"gościu", "plural":"gościach"},
{"singular":"gościu", "plural":"goście"},
{"singular":"chłopak", "plural":"chłopaki"},
{"singular":"chłopaka", "plural":"chłopaków"},
{"singular":"chłopakowi", "plural":"chłopakom"},
{"singular":"chłopakiem", "plural":"chłopakami"},
{"singular":"chłopaku", "plural":"chłopakach"},
{"singular":"chłopaku", "plural":"chłopaki"},
{"plural":"chłopacy"},
{"singular":"chłopiec", "plural":"chłopcy"},
{"singular":"chłopca", "plural":"chłopców"},
{"singular":"chłopcu", "plural":"chłopcom"},
{"singular":"chłopcem", "plural":"chłopcami"},
{"singular":"chłopcu", "plural":"chłopacach"},
{"singular":"chłopcze", "plural":"chłopcy"},
{"singular":"chłopczyk", "plural":"chłopczykowie"},
{"singular":"chłopczyka", "plural":"chłopczyków"},
{"singular":"chłopczykowi", "plural":"chłopczykom"},
{"singular":"chłopczykiem", "plural":"chłopczykami"},
{"singular":"chłopczyku", "plural":"chłopczykach"},
{"singular":"chłopczyku", "plural":"chłopczykowie"},
{"singular":"ojciec", "plural":"ojcowie"},
{"singular":"ojca", "plural":"ojców"},
{"singular":"ojcu", "plural":"ojcom"},
{"singular":"ojcem", "plural":"ojcami"},
{"singular":"ojcu", "plural":"ojcach"},
{"singular":"ojcze", "plural":"ojcowie"},
{"singular":"tata", "plural":"tatowie"},
{"singular":"taty", "plural":"tatów"},
{"singular":"tacie", "plural":"tatom"},
{"singular":"tatę", "plural":"tatów"},
{"singular":"tatą", "plural":"tatami"},
{"singular":"tacie", "plural":"tatach"},
{"singular":"tato", "plural":"tatowie"},
{"singular":"tatuś", "plural":"tatusiowe"},
{"singular":"tatusia", "plural":"tatusiów"},
{"singular":"tatusiowi", "plural":"tatusiom"},
{"singular":"tatusiem", "plural":"tatusiami"},
{"singular":"tatusiu", "plural":"tatusiach"},
{"singular":"tatusiu", "plural":"tatusiowie"},
{"singular":"syn", "plural":"synowie"},
{"singular":"syna", "plural":"synów"},
{"singular":"synowi", "plural":"synom"},
{"singular":"synem", "plural":"synami"},
{"singular":"synu", "plural":"synach"},
{"singular":"synu", "plural":"synowie"},
{"plural":"syny"},
{"singular":"synek", "plural":"synkowie"},
{"singular":"synka", "plural":"synków"},
{"singular":"synkowi", "plural":"synkom"},
{"singular":"synkiem", "plural":"synkami"},
{"singular":"synku", "plural":"synkach"},
{"singular":"synku", "plural":"synkowie"},
{"plural":"synki"},
{"singular":"mąż", "plural":"mężowie"},
{"singular":"męża", "plural":"mężów"},
{"singular":"mężowi", "plural":"mężom"},
{"singular":"mężem", "plural":"mężami"},
{"singular":"mężu", "plural":"mążach"},
{"singular":"mężu", "plural":"mężowie"},
{"plural":"męże"},
{"singular":"małżonek", "plural":"małżonkowie"},
{"singular":"małżonka", "plural":"małżonków"},
{"singular":"małżonkowi", "plural":"małżonkom"},
{"singular":"małżonkiem", "plural":"małżonkami"},
{"singular":"małżonku", "plural":"małżonkach"},
{"singular":"dziadek", "plural":"dziadkowie"},
{"singular":"dziadka", "plural":"dziadków"},
{"singular":"dziadkowi", "plural":"dziadkom"},
{"singular":"dziadkiem", "plural":"dziadkami"},
{"singular":"dziadku", "plural":"dziadkach"},
{"singular":"dziadku", "plural":"dziadkowie"},
{"plural":"dziadki"},
{"singular":"dziadziuś", "plural":"dziadziusiowie"},
{"singular":"dziadziusia", "plural":"dziadziusiów"},
{"singular":"dziadziusiowi", "plural":"dziadziusiom"},
{"singular":"dziadziusiem", "plural":"dziadziusiami"},
{"singular":"dziadziusiu", "plural":"dziadziusiach"},
{"singular":"dziadziusiu", "plural":"dziadziusiowie"},
{"plural":"dziadziusie"},
{"singular":"brat", "plural":"bracia"},
{"singular":"brata", "plural":"braci"},
{"singular":"bratu", "plural":"braciom"},
{"singular":"bratem", "plural":"braćmi"},
{"singular":"bracie", "plural":"braciach"},
{"singular":"bracie", "plural":"bracia"},
{"singular":"braciszek", "plural":"braciszkowie"},
{"singular":"braciszka", "plural":"braciszków"},
{"singular":"braciszkowi", "plural":"braciszkom"},
{"singular":"braciszkiem", "plural":"braciszkami"},
{"singular":"braciszku", "plural":"braciszkach"},
{"singular":"braciszku", "plural":"braciszkowie"},
{"singular":"weteran", "plural":"weterani"},
{"singular":"weterana", "plural":"weteranów"},
{"singular":"weteranowi", "plural":"weteranom"},
{"singular":"weteranem", "plural":"weteranami"},
{"singular":"weteranie", "plural":"weteranach"},
{"singular":"weteranie", "plural":"weterani"},
{"singular":"kombatant", "plural":"kombatanci"},
{"singular":"kombatanta", "plural":"kombatantów"},
{"singular":"kombatantowi", "plural":"kombatantom"},
{"singular":"kombatantem", "plural":"kombatantami"},
{"singular":"kombatancie", "plural":"kombatantach"},
{"singular":"kombatancie", "plural":"kombatanci"}
],
"unspecified": [
{"singular":"osoba", "plural":"osoby"},
{"singular":"osoby", "plural":"osób"},
{"singular":"osobie", "plural":"osobom"},
{"singular":"osobę", "plural":"osoby"},
{"singular":"osobą", "plural":"osobami"},
{"singular":"osobie", "plural":"osobach"},
{"singular":"osobo", "plural":"osoby"},
{"singular":"człowiek", "plural":"ludzie"},
{"singular":"człowieka", "plural":"ludzi"},
{"singular":"człowiekowi", "plural":"ludziom"},
{"singular":"człowiekiem", "plural":"ludźmi"},
{"singular":"człowieku", "plural":"ludziach"},
{"singular":"człowieku", "plural":"ludzie"},
{"singular":"dziecko", "plural":"dzieci"},
{"singular":"dziecku", "plural":"dzieciom"},
{"singular":"dzieckiem", "plural":"dziećmi"},
{"singular":"dziecku", "plural":"dzieciach"},
{"singular":"dzieciak", "plural":"dzieciaki"},
{"singular":"dzieciaka", "plural":"dzieciaków"},
{"singular":"dzieciakowi", "plural":"dzieciakom"},
{"singular":"dzieciaka", "plural":"dzieciaki"},
{"singular":"dzieciakiem", "plural":"dzieciakami"},
{"singular":"dzieciaku", "plural":"dzieciakach"},
{"singular":"dzieciaku", "plural":"dzieciaki"},
{"plural":"dzieciacy"},
{"plural":"dzieciaków"},
{"singular":"rodzic", "plural":"rodzice"},
{"singular":"rodzica", "plural":"rodziców"},
{"singular":"rodzicowi", "plural":"rodzicom"},
{"singular":"rodzicem", "plural":"rodzicami"},
{"singular":"rodzicu", "plural":"rodzicach"},
{"singular":"rodzicu", "plural":"rodzice"},
{"singular":"dziecka", "plural":"dzieci"},
{"singular":"małżonku", "plural":"małżonkowie"},
{"singular":"współmałżonek", "plural":"współmałżonkowie"},
{"singular":"współmałżonka", "plural":"współmałżonków"},
{"singular":"współmałżonkowi", "plural":"współmałżonkom"},
{"singular":"współmałżonkiem", "plural":"współmałżonkami"},
{"singular":"współmałżonku", "plural":"współmałżonkach"},
{"singular":"współmałżonku", "plural":"współmałżonkowie"},
{"singular":"współmałżonka", "plural":"współmałżonki"},
{"singular":"współmałżonki", "plural":"współmałżonek"},
{"singular":"współmałżonce", "plural":"współmałżonkom"},
{"singular":"współmałżonkę", "plural":"współmałżonki"},
{"singular":"współmałżonką", "plural":"współmałżonkami"},
{"singular":"współmałżonce", "plural":"współmałżonkach"},
{"singular":"współmałżonko", "plural":"współmałżonki"},
{"plural":"dziadkowie"},
{"plural":"dziadków"},
{"plural":"dziadkom"},
{"plural":"dziadkami"},
{"plural":"dziadkach"},
{"singular":"rodzeństwo", "plural":"rodzeństwa"},
{"singular":"rodzeństwa", "plural":"rodzeństw"},
{"singular":"rodzeństwu", "plural":"rodzeństwom"},
{"singular":"rodzeństwem", "plural":"rodzeństwami"},
{"singular":"rodzeństwie", "plural":"rodzeństwach"}
]
}
