{
"feminine": [
{"singular":"femeie", "plural":"femei"},
{"singular":"femei", "plural":"femei"},
{"singular":"femeia", "plural":"femeile"},
{"singular":"femeii", "plural":"femeilor"},
{"singular":"doamnă", "plural":"doamne"},
{"singular":"doamne", "plural":"doamne"},
{"singular":"doamna", "plural":"doamnele"},
{"singular":"doamnei", "plural":"doamnelor"},
{"singular":"fată", "plural":"fete"},
{"singular":"fete", "plural":"fete"},
{"singular":"fata", "plural":"fetele"},
{"singular":"fetei", "plural":"fetelor"},
{"singular":"mamă", "plural":"mame"},
{"singular":"mame", "plural":"mame"},
{"singular":"mama", "plural":"mamele"},
{"singular":"mamei", "plural":"mamelor"},
{"singular":"mami"},
{"singular":"fiică", "plural":"fiice"},
{"singular":"fiice", "plural":"fiice"},
{"singular":"fiica", "plural":"fiicele"},
{"singular":"fiicei", "plural":"fiicelor"},
{"singular":"soție", "plural":"soții"},
{"singular":"soții", "plural":"soții"},
{"singular":"soția", "plural":"soțiile"},
{"singular":"soției", "plural":"soțiilor"},
{"singular":"consoartă", "plural":"consoarte"},
{"singular":"consoarte", "plural":"consoarte"},
{"singular":"consoarta", "plural":"consoartele"},
{"singular":"consoartei", "plural":"consoartelor"},
{"singular":"bunică", "plural":"bunici"},
{"singular":"bunici", "plural":"bunici"},
{"singular":"bunica", "plural":"bunicile"},
{"singular":"bunicii", "plural":"bunicilor"},
{"singular":"buni"},
{"singular":"soră", "plural":"surori"},
{"singular":"surori", "plural":"surori"},
{"singular":"sora", "plural":"surorile"},
{"singular":"surorii", "plural":"surorilor"},
{"singular":"veterană", "plural":"veterane"},
{"singular":"veterane", "plural":"veterane"},
{"singular":"veterana", "plural":"veteranele"},
{"singular":"veteranei", "plural":"veteranelor"},
{"singular":"puștoaică", "plural":"puștoaice"},
{"singular":"puștoaice", "plural":"puștoaice"},
{"singular":"puștoaica", "plural":"puștoaicele"},
{"singular":"puștoaicei", "plural":"puștoaicelor"}
],
"masculine": [
{"singular":"bărbat", "plural":"bărbați"},
{"singular":"bărbatul", "plural":"bărbații"},
{"singular":"bărbatului", "plural":"bărbaților"},
{"singular":"frate", "plural":"frați"},
{"singular":"fratele", "plural":"frații"},
{"singular":"fratelui", "plural":"fraților"},
{"singular":"tip", "plural":"tipi"},
{"singular":"tipul", "plural":"tipii"},
{"singular":"tipului", "plural":"tipilor"},
{"singular":"băiat", "plural":"băieți"},
{"singular":"băiatul", "plural":"băieții"},
{"singular":"băiatului", "plural":"băieților"},
{"singular":"băiețel", "plural":"băieței"},
{"singular":"băiețelul", "plural":"băiețeii"},
{"singular":"băiețelului", "plural":"băiețeilor"},
{"singular":"tată", "plural":"tați"},
{"singular":"tatăl", "plural":"tații"},
{"singular":"tatălui", "plural":"taților"},
{"singular":"tati"},
{"singular":"tătic"},
{"singular":"tăticul"},
{"singular":"tăticului"},
{"singular":"fiu", "plural":"fii"},
{"singular":"fiul", "plural":"fiii"},
{"singular":"fiului", "plural":"fiilor"},
{"singular":"soț", "plural":"soți"},
{"singular":"soțul", "plural":"soții"},
{"singular":"soțului", "plural":"soților"},
{"singular":"bunic", "plural":"bunici"},
{"singular":"bunicul", "plural":"bunicii"},
{"singular":"bunicului", "plural":"bunicilor"},
{"singular":"tataie"},
{"singular":"veteran", "plural":"veterani"},
{"singular":"veteranul", "plural":"veteranii"},
{"singular":"veteranului", "plural":"veteranilor"},
{"singular":"puști", "plural":"puști"},
{"singular":"puștiul", "plural":"puștii"},
{"singular":"puștiului", "plural":"puștilor"}
],
"unspecified": [
{"singular":"individ", "plural":"indivizi"},
{"singular":"individul", "plural":"indivizii"},
{"singular":"individului", "plural":"indivizilor"},
{"singular":"persoană", "plural":"persoane"},
{"singular":"persoane", "plural":"persoane"},
{"singular":"persoana", "plural":"persoanele"},
{"singular":"persoanei", "plural":"persoanelor"},
{"singular":"copil", "plural":"copii"},
{"singular":"copilul", "plural":"copiii"},
{"singular":"copilului", "plural":"copiilor"},
{"singular":"părinte", "plural":"părinți"},
{"singular":"părintele", "plural":"părinții"},
{"singular":"părintelui", "plural":"părinților"},
{"singular":"soț"},
{"plural":"soțul"},
{"plural":"soțului"},
{"plural":"bunic"},
{"plural":"bunicul"},
{"plural":"bunicului"},
{"plural":"frate"},
{"plural":"fratele"},
{"plural":"fratelui"}
]
}
