{
"feminine": [
{"singular":"женщина", "plural":"женщины"},
{"singular":"женщины", "plural":"женщин"},
{"singular":"женщине", "plural":"женщинам"},
{"singular":"женщину", "plural":"женщин"},
{"singular":"женщиной", "plural":"женщинами"},
{"singular":"женщине", "plural":"женщинах"},
{"singular":"леди", "plural":"леди"},
{"singular":"дама", "plural":"дамы"},
{"singular":"дамы", "plural":"дам"},
{"singular":"даме", "plural":"дамам"},
{"singular":"даму", "plural":"дам"},
{"singular":"дамой", "plural":"дамами"},
{"singular":"даме", "plural":"дамах"},
{"singular":"девочка", "plural":"девочки"},
{"singular":"девочки", "plural":"девочек"},
{"singular":"девочке", "plural":"девочкам"},
{"singular":"девочку", "plural":"девочек"},
{"singular":"девочкой", "plural":"девочками"},
{"singular":"девочке", "plural":"девочках"},
{"singular":"девушка", "plural":"девушки"},
{"singular":"девушки", "plural":"девушек"},
{"singular":"девушке", "plural":"девушкам"},
{"singular":"девушку", "plural":"девушек"},
{"singular":"девушкой", "plural":"девушками"},
{"singular":"девушке", "plural":"девушках"},
{"singular":"девчонка", "plural":"девчонки"},
{"singular":"девчонки", "plural":"девчонок"},
{"singular":"девчонке", "plural":"девчонкам"},
{"singular":"девчонку", "plural":"девчонок"},
{"singular":"довчонкой", "plural":"девчонками"},
{"singular":"девчонке", "plural":"девчонках"},
{"singular":"мать", "plural":"матери"},
{"singular":"матери", "plural":"матерей"},
{"singular":"матери", "plural":"матерям"},
{"singular":"мать", "plural":"матерей"},
{"singular":"матерью", "plural":"матерями"},
{"singular":"матери", "plural":"матерях"},
{"singular":"мама", "plural":"мамы"},
{"singular":"мамы", "plural":"мам"},
{"singular":"маме", "plural":"мамам"},
{"singular":"маму", "plural":"мам"},
{"singular":"мамой", "plural":"мамами"},
{"singular":"маме", "plural":"мамах"},
{"singular":"мам"},
{"singular":"мамуля", "plural":"мамули"},
{"singular":"мамули", "plural":"мамуль"},
{"singular":"мамуле", "plural":"мамулям"},
{"singular":"мамулю", "plural":"мамуль"},
{"singular":"мамулей", "plural":"мамулями"},
{"singular":"мамуле", "plural":"мамулях"},
{"singular":"мамуль"},
{"singular":"мамочка", "plural":"мамочки"},
{"singular":"мамочки", "plural":"мамочек"},
{"singular":"мамочке", "plural":"мамочкам"},
{"singular":"мамочку", "plural":"мамочек"},
{"singular":"мамочкой", "plural":"мамочками"},
{"singular":"мамочке", "plural":"мамочках"},
{"singular":"дочь", "plural":"дочери"},
{"singular":"дочери", "plural":"дочерей"},
{"singular":"дочери", "plural":"дочерям"},
{"singular":"дочь", "plural":"дочерей"},
{"singular":"дочерью", "plural":"дочерьми"},
{"singular":"дочери", "plural":"дочерях"},
{"singular":"дочка", "plural":"дочки"},
{"singular":"дочки", "plural":"дочек"},
{"singular":"дочке", "plural":"дочкам"},
{"singular":"дочку", "plural":"дочек"},
{"singular":"дочкой", "plural":"дочками"},
{"singular":"дочке", "plural":"дочках"},
{"singular":"жена", "plural":"жёны"},
{"singular":"жены", "plural":"жён"},
{"singular":"жене", "plural":"жёнам"},
{"singular":"жену", "plural":"жён"},
{"singular":"женой", "plural":"жёнами"},
{"singular":"жене", "plural":"жёнах"},
{"singular":"бабка", "plural":"бабки"},
{"singular":"бабки", "plural":"бабок"},
{"singular":"бабке", "plural":"бабкам"},
{"singular":"бабку", "plural":"бабок"},
{"singular":"бабкой", "plural":"бабками"},
{"singular":"бабке", "plural":"бабках"},
{"singular":"бабушка", "plural":"бабушки"},
{"singular":"бабушки", "plural":"бабушек"},
{"singular":"бабушке", "plural":"бабушкам"},
{"singular":"бабушку", "plural":"бабушек"},
{"singular":"бабушкой", "plural":"бабушками"},
{"singular":"бабушке", "plural":"бабушках"},
{"singular":"баба", "plural":"бабы"},
{"singular":"бабы", "plural":"баб"},
{"singular":"бабе", "plural":"бабам"},
{"singular":"бабу", "plural":"баб"},
{"singular":"бабой", "plural":"бабами"},
{"singular":"бабе", "plural":"бабах"},
{"singular":"бабуля", "plural":"бабули"},
{"singular":"бабули", "plural":"бабуль"},
{"singular":"бабуле", "plural":"бабулям"},
{"singular":"бабулю", "plural":"бабуль"},
{"singular":"бабулей", "plural":"бабулями"},
{"singular":"бабуле", "plural":"бабулях"},
{"singular":"бабуль"},
{"singular":"сестра", "plural":"сёстры"},
{"singular":"сестры", "plural":"сестёр"},
{"singular":"сестре", "plural":"сёстрам"},
{"singular":"сестру", "plural":"сестёр"},
{"singular":"сестрой", "plural":"сёстрами"},
{"singular":"сестре", "plural":"сёстрах"},
{"singular":"сестрёнка", "plural":"сестренки"},
{"singular":"сестрёнки", "plural":"сестрёнок"},
{"singular":"сестрёнке", "plural":"сестрёнкам"},
{"singular":"сестрёнку", "plural":"сестрёнок"},
{"singular":"сестрёнкой", "plural":"сестрёнками"},
{"singular":"сестрёнке", "plural":"сестрёнках"}
],
"masculine": [
{"singular":"мужчина", "plural":"мужчины"},
{"singular":"мужчины", "plural":"мужчин"},
{"singular":"мужчине", "plural":"мужчинам"},
{"singular":"мужчину", "plural":"мужчин"},
{"singular":"мужчиной", "plural":"мужчинами"},
{"singular":"мужчине", "plural":"мужчинах"},
{"singular":"мужик", "plural":"мужики"},
{"singular":"мужика", "plural":"мужиков"},
{"singular":"мужику", "plural":"мужикам"},
{"singular":"мужиком", "plural":"мужиками"},
{"singular":"мужике", "plural":"мужиках"},
{"singular":"чел", "plural":"челы"},
{"singular":"чела", "plural":"челов"},
{"singular":"челу", "plural":"челам"},
{"singular":"челом", "plural":"челами"},
{"singular":"челе", "plural":"челах"},
{"singular":"брат", "plural":"братья"},
{"singular":"брата", "plural":"братьев"},
{"singular":"брату", "plural":"братьям"},
{"singular":"братом", "plural":"братьями"},
{"singular":"брате", "plural":"братьях"},
{"singular":"братан", "plural":"братаны"},
{"singular":"братана", "plural":"братанов"},
{"singular":"братану", "plural":"братанам"},
{"singular":"братаном", "plural":"братанами"},
{"singular":"братане", "plural":"братанах"},
{"singular":"друг", "plural":"друзья"},
{"singular":"друга", "plural":"друзей"},
{"singular":"другу", "plural":"друзьям"},
{"singular":"другом", "plural":"друзьями"},
{"singular":"друге", "plural":"друзьях"},
{"singular":"парень", "plural":"парни"},
{"singular":"парня", "plural":"парней"},
{"singular":"парню", "plural":"парням"},
{"singular":"парнем", "plural":"парнями"},
{"singular":"парне", "plural":"парнях"},
{"singular":"юноша", "plural":"юноши"},
{"singular":"юноши", "plural":"юношей"},
{"singular":"юноше", "plural":"юношам"},
{"singular":"юношу", "plural":"юношей"},
{"singular":"юношей", "plural":"юношами"},
{"singular":"юноше", "plural":"юношах"},
{"singular":"мальчик", "plural":"мальчики"},
{"singular":"мальчика", "plural":"мальчиков"},
{"singular":"мальчику", "plural":"мальчикам"},
{"singular":"мальчиком", "plural":"мальчиками"},
{"singular":"мальчике", "plural":"мальчиках"},
{"singular":"пацан", "plural":"пацаны"},
{"singular":"пацана", "plural":"пацанов"},
{"singular":"пацану", "plural":"пацанам"},
{"singular":"пацаном", "plural":"пацанами"},
{"singular":"пацане", "plural":"пацанах"},
{"singular":"отец", "plural":"отцы"},
{"singular":"отца", "plural":"отцов"},
{"singular":"отцу", "plural":"отцам"},
{"singular":"отцом", "plural":"отцами"},
{"singular":"отце", "plural":"отцах"},
{"singular":"папа", "plural":"папы"},
{"singular":"папы", "plural":"пап"},
{"singular":"папе", "plural":"папам"},
{"singular":"папу", "plural":"пап"},
{"singular":"папой", "plural":"папами"},
{"singular":"папе", "plural":"папах"},
{"singular":"пап"},
{"singular":"папуля", "plural":"папули"},
{"singular":"папули", "plural":"папуль"},
{"singular":"папуле", "plural":"папулям"},
{"singular":"папулю", "plural":"папуль"},
{"singular":"папулей", "plural":"папулями"},
{"singular":"папуле", "plural":"папулях"},
{"singular":"папочка", "plural":"папочки"},
{"singular":"папочки", "plural":"папочек"},
{"singular":"папочке", "plural":"папочкам"},
{"singular":"папочку", "plural":"папочек"},
{"singular":"папочкой", "plural":"папочками"},
{"singular":"папочке", "plural":"папочках"},
{"singular":"батя", "plural":"бати"},
{"singular":"бати", "plural":"батей"},
{"singular":"бате", "plural":"батям"},
{"singular":"батю", "plural":"батей"},
{"singular":"батей", "plural":"батями"},
{"singular":"бате", "plural":"батях"},
{"singular":"бать"},
{"singular":"сын", "plural":"сыновья"},
{"singular":"сына", "plural":"сыновей"},
{"singular":"сыну", "plural":"сыновьям"},
{"singular":"сыном", "plural":"сыновьями"},
{"singular":"сыне", "plural":"сыновьях"},
{"singular":"сынок", "plural":"сынки"},
{"singular":"сынка", "plural":"сынков"},
{"singular":"сынку", "plural":"сынкам"},
{"singular":"сынком", "plural":"сынками"},
{"singular":"сынке", "plural":"сынках"},
{"singular":"муж", "plural":"мужья"},
{"singular":"мужа", "plural":"мужей"},
{"singular":"мужу", "plural":"мужьям"},
{"singular":"мужем", "plural":"мужьями"},
{"singular":"муже", "plural":"мужьях"},
{"singular":"дед", "plural":"деды"},
{"singular":"деда", "plural":"дедов"},
{"singular":"деду", "plural":"дедам"},
{"singular":"дедом", "plural":"дедами"},
{"singular":"деде", "plural":"дедах"},
{"singular":"дедушка", "plural":"дедушки"},
{"singular":"дедушки", "plural":"дедушек"},
{"singular":"дедушке", "plural":"дедушкам"},
{"singular":"дедушку", "plural":"дедушек"},
{"singular":"дедушкой", "plural":"дедушками"},
{"singular":"дедушке", "plural":"дедушках"},
{"singular":"дедуля", "plural":"дедули"},
{"singular":"дедули", "plural":"дедуль"},
{"singular":"дедуле", "plural":"дедулям"},
{"singular":"дедулю", "plural":"дедуль"},
{"singular":"дедулей", "plural":"дедулями"},
{"singular":"дедуле", "plural":"дедулях"},
{"singular":"дедуль"},
{"singular":"братишка", "plural":"братишки"},
{"singular":"братишки", "plural":"братишек"},
{"singular":"братишке", "plural":"братишкам"},
{"singular":"братишку", "plural":"братишек"},
{"singular":"братишкой", "plural":"братишками"},
{"singular":"братишке", "plural":"братишках"}
],
"unspecified": [
{"singular":"индивид", "plural":"индивиды"},
{"singular":"индивида", "plural":"индивидов"},
{"singular":"индивиду", "plural":"индивидам"},
{"singular":"индивидом", "plural":"индивидами"},
{"singular":"индивиде", "plural":"индивидах"},
{"singular":"субъект", "plural":"субъекты"},
{"singular":"субъекта", "plural":"субъектов"},
{"singular":"субъекту", "plural":"субъектам"},
{"singular":"субъектом", "plural":"субъектами"},
{"singular":"субъекте", "plural":"субъектах"},
{"singular":"особа", "plural":"особы"},
{"singular":"особы", "plural":"ососб"},
{"singular":"особе", "plural":"особам"},
{"singular":"особу", "plural":"ососб"},
{"singular":"особой", "plural":"особами"},
{"singular":"особе", "plural":"особах"},
{"singular":"персона", "plural":"персоны"},
{"singular":"персоны", "plural":"персон"},
{"singular":"персоне", "plural":"персонам"},
{"singular":"персону", "plural":"персон"},
{"singular":"персоной", "plural":"персонами"},
{"singular":"персоне", "plural":"персонах"},
{"singular":"ребенок", "plural":"дети"},
{"singular":"ребёнка", "plural":"детей"},
{"singular":"ребёнку", "plural":"детям"},
{"singular":"ребёнком", "plural":"детьми"},
{"singular":"ребёнке", "plural":"детях"},
{"singular":"родитель", "plural":"родители"},
{"singular":"родителя", "plural":"родителей"},
{"singular":"родителю", "plural":"родителям"},
{"singular":"родителем", "plural":"родителями"},
{"singular":"родителе", "plural":"родителях"},
{"singular":"родительница", "plural":"родительницы"},
{"singular":"родительницы", "plural":"родительниц"},
{"singular":"родительнице", "plural":"родительницам"},
{"singular":"родительницу", "plural":"родительниц"},
{"singular":"родительницей", "plural":"родительницами"},
{"singular":"родительнице", "plural":"родительницах"},
{"singular":"дитя", "plural":"дети"},
{"singular":"дитяти", "plural":"детей"},
{"singular":"дитяти", "plural":"детям"},
{"singular":"дитя", "plural":"детей"},
{"singular":"дитятей", "plural":"детьми"},
{"singular":"дитяти", "plural":"детях"},
{"singular":"супруг", "plural":"супруги"},
{"singular":"супруга", "plural":"супругов"},
{"singular":"супругу", "plural":"супругам"},
{"singular":"супругом", "plural":"супругами"},
{"singular":"супруге", "plural":"супругах"},
{"singular":"супруга", "plural":"супруги"},
{"singular":"супруги", "plural":"супруг"},
{"singular":"супруге", "plural":"супругам"},
{"singular":"супругу", "plural":"супруг"},
{"singular":"супругой", "plural":"супругами"},
{"singular":"ветеран", "plural":"ветераны"},
{"singular":"ветерана", "plural":"ветеранов"},
{"singular":"ветерану", "plural":"ветеранам"},
{"singular":"ветераном", "plural":"ветеранами"},
{"singular":"ветеране", "plural":"ветеранах"}
]
}
