{
"feminine": [
{"singular":"žena", "plural":"ženy"},
{"singular":"ženy", "plural":"žien"},
{"singular":"žene", "plural":"ženám"},
{"singular":"ženu", "plural":"ženy"},
{"singular":"žene", "plural":"ženách"},
{"singular":"ženou", "plural":"ženami"},
{"singular":"žienka", "plural":"žienky"},
{"singular":"žienky", "plural":"žienok"},
{"singular":"žienke", "plural":"žienkam"},
{"singular":"žienku", "plural":"žienky"},
{"singular":"žienke", "plural":"žienkach"},
{"singular":"žienkou", "plural":"žienkami"},
{"singular":"ženička", "plural":"ženičky"},
{"singular":"ženičky", "plural":"ženičiek"},
{"singular":"ženičke", "plural":"ženičkám"},
{"singular":"ženičku", "plural":"ženičky"},
{"singular":"ženičke", "plural":"ženičkách"},
{"singular":"ženičkou", "plural":"ženičkami"},
{"singular":"ženuška", "plural":"ženušky"},
{"singular":"ženušky", "plural":"ženušiek"},
{"singular":"ženuške", "plural":"ženuškám"},
{"singular":"ženušku", "plural":"ženušky"},
{"singular":"ženuške", "plural":"ženuškách"},
{"singular":"ženuškou", "plural":"ženuškami"},
{"singular":"dáma", "plural":"dámy"},
{"singular":"dámy", "plural":"dám"},
{"singular":"dáme", "plural":"dámam"},
{"singular":"dámu", "plural":"dámy"},
{"singular":"déme", "plural":"dámach"},
{"singular":"dámou", "plural":"dámami"},
{"singular":"pani", "plural":"panie"},
{"singular":"panej", "plural":"paní"},
{"singular":"panej", "plural":"paniam"},
{"singular":"paniu", "plural":"panie"},
{"singular":"panej", "plural":"paniach"},
{"singular":"paňou", "plural":"paniami"},
{"singular":"dievča", "plural":"dievčatá"},
{"singular":"dievčaťa", "plural":"dievčat"},
{"singular":"dievčaťu", "plural":"dievčatám"},
{"singular":"dievčati", "plural":"dievčatách"},
{"singular":"dievčaťom", "plural":"dievčatami"},
{"plural":"dievčence"},
{"plural":"dievčeniec"},
{"plural":"dievčencom"},
{"plural":"dievčencoch"},
{"plural":"dievčencami"},
{"singular":"dievčatko", "plural":"dievčatká"},
{"singular":"dievčatka", "plural":"dievčatiek"},
{"singular":"dievčatku", "plural":"dievčatkám"},
{"singular":"dievčatku", "plural":"dievčatkách"},
{"singular":"dievčatkom", "plural":"dievčatkami"},
{"singular":"dievčina", "plural":"dievčiny"},
{"singular":"dievčiny", "plural":"dievčin"},
{"singular":"dievčine", "plural":"dievčinám"},
{"singular":"dievčinu", "plural":"dievčiny"},
{"singular":"dievčine", "plural":"dievčinách"},
{"singular":"dievčinou", "plural":"dievčinami"},
{"singular":"dievka", "plural":"dievky"},
{"singular":"dievky", "plural":"dievok"},
{"singular":"dievke", "plural":"dievkam"},
{"singular":"dievku", "plural":"dievky"},
{"singular":"dievke", "plural":"dievkach"},
{"singular":"dievkou", "plural":"dievkami"},
{"singular":"deva", "plural":"devy"},
{"singular":"devy", "plural":"diev"},
{"singular":"deve", "plural":"devám"},
{"singular":"devu", "plural":"devy"},
{"singular":"deve", "plural":"devách"},
{"singular":"devou", "plural":"devami"},
{"singular":"devucha", "plural":"devuchy"},
{"singular":"devuchy", "plural":"devúch"},
{"singular":"devuche", "plural":"devuchám"},
{"singular":"devuchu", "plural":"devuchy"},
{"singular":"devuche", "plural":"devuchách"},
{"singular":"devuchou", "plural":"devuchami"},
{"singular":"mama", "plural":"mamy"},
{"singular":"mamy", "plural":"mám"},
{"singular":"mame", "plural":"mamám"},
{"singular":"mamu", "plural":"mamy"},
{"singular":"mame", "plural":"mamách"},
{"singular":"mamou", "plural":"mamami"},
{"singular":"matka", "plural":"matky"},
{"singular":"matky", "plural":"matiek"},
{"singular":"matke", "plural":"matkám"},
{"singular":"matku", "plural":"matky"},
{"singular":"matke", "plural":"matkách"},
{"singular":"matkou", "plural":"matkami"},
{"singular":"mami"},
{"singular":"mamka", "plural":"mamky"},
{"singular":"mamky", "plural":"mamiek"},
{"singular":"mamke", "plural":"mamkám"},
{"singular":"mamku", "plural":"mamky"},
{"singular":"mamke", "plural":"mamkách"},
{"singular":"mamkou", "plural":"mamkami"},
{"singular":"mamička", "plural":"mamičky"},
{"singular":"mamičky", "plural":"mamičiek"},
{"singular":"mamičke", "plural":"mamičkám"},
{"singular":"mamičku", "plural":"mamičky"},
{"singular":"mamičke", "plural":"mamičkách"},
{"singular":"mamičkou", "plural":"mamičkami"},
{"singular":"dcéra", "plural":"dcéry"},
{"singular":"dcéry", "plural":"dcér"},
{"singular":"dcére", "plural":"dcéram"},
{"singular":"dcéru", "plural":"dcéry"},
{"singular":"dcére", "plural":"dcérach"},
{"singular":"dcérou", "plural":"dcérami"},
{"singular":"dcérka", "plural":"dcérky"},
{"singular":"dcérky", "plural":"dcérok"},
{"singular":"dcérke", "plural":"dcérkam"},
{"singular":"dcérku", "plural":"dcérky"},
{"singular":"dcérke", "plural":"dcérkach"},
{"singular":"dcérkou", "plural":"dcérkami"},
{"singular":"dcéruška", "plural":"dcérušky"},
{"singular":"dcérušky", "plural":"dcérušiek"},
{"singular":"dcéruške", "plural":"dcéruškám"},
{"singular":"dcérušku", "plural":"dcérušky"},
{"singular":"dcéruške", "plural":"dcéruškách"},
{"singular":"dcéruškou", "plural":"dcéruškami"},
{"singular":"dcérenka", "plural":"dcérenky"},
{"singular":"dcérenky", "plural":"dcéreniek"},
{"singular":"dcérenke", "plural":"dcérenkám"},
{"singular":"dcérenku", "plural":"dcérenky"},
{"singular":"dcérenke", "plural":"dcérenkách"},
{"singular":"dcérenkou", "plural":"dcérenkami"},
{"singular":"manželka", "plural":"manželky"},
{"singular":"manželky", "plural":"manželiek"},
{"singular":"manželke", "plural":"manželkám"},
{"singular":"manželku", "plural":"manželky"},
{"singular":"manželke", "plural":"manželkách"},
{"singular":"manželkou", "plural":"manželkami"},
{"singular":"babka", "plural":"babky"},
{"singular":"babky", "plural":"babiek"},
{"singular":"babke", "plural":"babkám"},
{"singular":"babku", "plural":"babky"},
{"singular":"babke", "plural":"babkách"},
{"singular":"babkou", "plural":"babkami"},
{"singular":"stará mama", "plural":"staré mamy"},
{"singular":"starej mamy", "plural":"starých mám"},
{"singular":"starej mame", "plural":"starým mamám"},
{"singular":"starú mamu", "plural":"staré mamy"},
{"singular":"starej mame", "plural":"starých mamách"},
{"singular":"starou mamou", "plural":"starými mamami"},
{"singular":"babička", "plural":"babičky"},
{"singular":"babičky", "plural":"babičiek"},
{"singular":"babičke", "plural":"babičkám"},
{"singular":"babičku", "plural":"babičky"},
{"singular":"babičke", "plural":"babičkách"},
{"singular":"babičkou", "plural":"babičkami"},
{"singular":"starká", "plural":"starké"},
{"singular":"starkej", "plural":"starkých"},
{"singular":"starkej", "plural":"starkým"},
{"singular":"starkú", "plural":"starké"},
{"singular":"starkou", "plural":"starkými"},
{"singular":"sestra", "plural":"sestry"},
{"singular":"sestry", "plural":"sestier"},
{"singular":"sestre", "plural":"sestrám"},
{"singular":"sestru", "plural":"sestry"},
{"singular":"sestre", "plural":"sestrách"},
{"singular":"sestrou", "plural":"sestrami"},
{"singular":"sestrička", "plural":"sestričky"},
{"singular":"sestričky", "plural":"sestričiek"},
{"singular":"sestričke", "plural":"sestričkám"},
{"singular":"sestričku", "plural":"sestričky"},
{"singular":"sestričke", "plural":"sestričkách"},
{"singular":"sestričkou", "plural":"sestričkami"}
],
"masculine": [
{"singular":"muž", "plural":"muži"},
{"singular":"muža", "plural":"mužov"},
{"singular":"mužovi", "plural":"mužom"},
{"singular":"mužovi", "plural":"mužoch"},
{"singular":"mužom", "plural":"mužmi"},
{"singular":"chlap", "plural":"chlapi"},
{"singular":"chlapa", "plural":"chlapov"},
{"singular":"chlapovi", "plural":"chlapom"},
{"singular":"chlapovi", "plural":"chlapoch"},
{"singular":"chlapom", "plural":"chlapmi"},
{"singular":"braček", "plural":"bračekovia"},
{"singular":"bračeka", "plural":"bračekov"},
{"singular":"bračekovi", "plural":"bračekom"},
{"singular":"bračekovi", "plural":"bračekoch"},
{"singular":"bračekom", "plural":"bračekmi"},
{"singular":"chlapík", "plural":"chlapíci"},
{"singular":"chlapíka", "plural":"chlapíkov"},
{"singular":"chlapíkovi", "plural":"chlapíkom"},
{"singular":"chlapíkovi", "plural":"chlapíkoch"},
{"singular":"chlapíkom", "plural":"chlapíkmi"},
{"singular":"chlapec", "plural":"chlapci"},
{"singular":"chlapca", "plural":"chlapcov"},
{"singular":"chlapcovi", "plural":"chlapcom"},
{"singular":"chlapcovi", "plural":"chlapcoch"},
{"singular":"chlapcom", "plural":"chlapcami"},
{"singular":"chlapček", "plural":"chlapčekovia"},
{"singular":"chlapčeka", "plural":"chlapčekov"},
{"singular":"chlapčekovi", "plural":"chlapčekom"},
{"singular":"chlapčekovi", "plural":"chlapčekoch"},
{"singular":"chlapčekom", "plural":"chlapčekmi"},
{"singular":"chlapčisko", "plural":"chlapčiská"},
{"singular":"chlapčiska", "plural":"chlapčísk"},
{"singular":"chlapčisku", "plural":"chlapčiskám"},
{"singular":"chlapčisku", "plural":"chlapčiskách"},
{"singular":"chlapčiskom", "plural":"chlapčiskami"},
{"plural":"chlapčiskovia"},
{"plural":"chlapčiskov"},
{"singular":"chlapčiskovi", "plural":"chlapčiskom"},
{"plural":"chlapčiskoch"},
{"plural":"chlapčiskami"},
{"singular":"otec", "plural":"otcovia"},
{"singular":"otca", "plural":"otcov"},
{"singular":"otcovi", "plural":"otcom"},
{"singular":"otcovi", "plural":"otcoch"},
{"singular":"otcom", "plural":"otcami"},
{"singular":"otcu"},
{"singular":"ocko", "plural":"ockovia"},
{"singular":"ocka", "plural":"ockov"},
{"singular":"ockovi", "plural":"ockom"},
{"singular":"ockovi", "plural":"ockoch"},
{"singular":"ockom", "plural":"ockami"},
{"singular":"otecko", "plural":"oteckovia"},
{"singular":"otecka", "plural":"oteckov"},
{"singular":"oteckovi", "plural":"oteckom"},
{"singular":"oteckovi", "plural":"oteckoch"},
{"singular":"oteckom", "plural":"oteckami"},
{"singular":"ocinko", "plural":"ocinkovia"},
{"singular":"ocinka", "plural":"ocinkov"},
{"singular":"ocinkovi", "plural":"ocinkom"},
{"singular":"ocinkovi", "plural":"ocinkoch"},
{"singular":"ocinkom", "plural":"ocinkami"},
{"singular":"ocík", "plural":"ocíkovia"},
{"singular":"ocíka", "plural":"ocíkov"},
{"singular":"ocíkovi", "plural":"ocíkom"},
{"singular":"ocíkovi", "plural":"ocíkoch"},
{"singular":"ocíkom", "plural":"ocíkami"},
{"singular":"ocino", "plural":"ocinovia"},
{"singular":"ocina", "plural":"ocinov"},
{"singular":"ocinovi", "plural":"ocinom"},
{"singular":"ocinovi", "plural":"ocinoch"},
{"singular":"ocinom", "plural":"ocinami"},
{"singular":"oco", "plural":"ocovia"},
{"singular":"oca", "plural":"ocov"},
{"singular":"ocovi", "plural":"ocom"},
{"singular":"ocovi", "plural":"ococh"},
{"singular":"ocom", "plural":"ocami"},
{"singular":"tato", "plural":"tatovia"},
{"singular":"tata", "plural":"tatov"},
{"singular":"tatovi", "plural":"tatom"},
{"singular":"tatovi", "plural":"tatoch"},
{"singular":"tatom", "plural":"tatami"},
{"singular":"tatu"},
{"singular":"tatko", "plural":"tatkovia"},
{"singular":"tatka", "plural":"tatkov"},
{"singular":"tatkovi", "plural":"tatkom"},
{"singular":"tatkovi", "plural":"tatkoch"},
{"singular":"tatkom", "plural":"tatkami"},
{"singular":"tatino", "plural":"tatinovia"},
{"singular":"tatina", "plural":"tatinov"},
{"singular":"tatinovi", "plural":"tatinom"},
{"singular":"tatinovi", "plural":"tatinoch"},
{"singular":"tatinom", "plural":"tatinami"},
{"singular":"tatík", "plural":"tatíkovia"},
{"singular":"tatíka", "plural":"tatíkov"},
{"singular":"tatíkovi", "plural":"tatíkom"},
{"singular":"tatíkovi", "plural":"tatíkmi"},
{"singular":"tatíkom", "plural":"tatíkoch"},
{"singular":"tatuško", "plural":"tatuškovia"},
{"singular":"tatuška", "plural":"tatuškov"},
{"singular":"tatuškovi", "plural":"tatuškom"},
{"singular":"tatuškovi", "plural":"tatuškoch"},
{"singular":"tatuškom", "plural":"tatuškami"},
{"singular":"tatíčko", "plural":"tatíčkovia"},
{"singular":"tatíčka", "plural":"tatíčkov"},
{"singular":"tatíčkovi", "plural":"tatíčkom"},
{"singular":"tatíčkovi", "plural":"tatíčkoch"},
{"singular":"tatíčkom", "plural":"tatíčkami"},
{"singular":"syn", "plural":"synovia"},
{"singular":"syna", "plural":"synov"},
{"singular":"synovi", "plural":"synom"},
{"singular":"synovi", "plural":"synoch"},
{"singular":"synom", "plural":"synmi"},
{"singular":"synček", "plural":"synčekovia"},
{"singular":"synčeka", "plural":"synčekov"},
{"singular":"synčekovi", "plural":"synčekom"},
{"singular":"synčekovi", "plural":"synčekoch"},
{"singular":"synčekom", "plural":"synčekmi"},
{"singular":"synáčik", "plural":"synáčikovia"},
{"singular":"synáčika", "plural":"synáčikov"},
{"singular":"synáčikovi", "plural":"synáčikom"},
{"singular":"synáčikovi", "plural":"synáčikoch"},
{"singular":"synáčikom", "plural":"synáčikmi"},
{"singular":"manžel", "plural":"manželia"},
{"singular":"manžela", "plural":"manželov"},
{"singular":"manželovi", "plural":"manželom"},
{"singular":"manželovi", "plural":"manželoch"},
{"singular":"manželom", "plural":"manželmi"},
{"singular":"dedo", "plural":"dedovia"},
{"singular":"deda", "plural":"dedov"},
{"singular":"dedovi", "plural":"dedom"},
{"singular":"dedovi", "plural":"dedoch"},
{"singular":"dedom", "plural":"dedami"},
{"singular":"starý otec", "plural":"starí otcovia"},
{"singular":"starého otca", "plural":"starých otcov"},
{"singular":"starému otcovi", "plural":"starým otcom"},
{"singular":"starom otcovi", "plural":"starých otcoch"},
{"singular":"starým otcom", "plural":"starými otcami"},
{"singular":"starému otcu"},
{"singular":"dedko", "plural":"dedkovia"},
{"singular":"dedka", "plural":"dedkov"},
{"singular":"dedkovi", "plural":"dedkom"},
{"singular":"dedkovi", "plural":"dedkoch"},
{"singular":"dedkom", "plural":"dedkami"},
{"singular":"deduško", "plural":"deduškovia"},
{"singular":"deduška", "plural":"deduškov"},
{"singular":"deduškovi", "plural":"deduškom"},
{"singular":"deduškovi", "plural":"deduškoch"},
{"singular":"deduškom", "plural":"deduškami"},
{"singular":"starký", "plural":"starkí"},
{"singular":"starkého", "plural":"starkých"},
{"singular":"starkému", "plural":"starkým"},
{"singular":"starkom", "plural":"starkých"},
{"singular":"starkým", "plural":"starkými"},
{"singular":"brat", "plural":"bratia"},
{"singular":"brata", "plural":"bratov"},
{"singular":"bratovi", "plural":"bratom"},
{"singular":"bratovi", "plural":"bratoch"},
{"singular":"bratom", "plural":"bratmi"}
],
"unspecified": [
{"singular":"jednotlivec", "plural":"jednotlivci"},
{"singular":"jednotlivca", "plural":"jednotlivcov"},
{"singular":"jednotlivcovi", "plural":"jednotlivcom"},
{"singular":"jednotlivcovi", "plural":"jednotlivcoch"},
{"singular":"jednotlivcom", "plural":"jednotlivcami"},
{"singular":"jedinec", "plural":"jedinci"},
{"singular":"jedinca", "plural":"jedincov"},
{"singular":"jedincovi", "plural":"jedincom"},
{"singular":"jedincovi", "plural":"jedincoch"},
{"singular":"jedincom", "plural":"jedincami"},
{"singular":"osoba", "plural":"osoby"},
{"singular":"osoby", "plural":"osôb"},
{"singular":"osobe", "plural":"osobám"},
{"singular":"osobu", "plural":"osoby"},
{"singular":"osobe", "plural":"osobách"},
{"singular":"osobou", "plural":"osobami"},
{"singular":"človek", "plural":"ľudia"},
{"singular":"človeka", "plural":"ľudí"},
{"singular":"človekovi", "plural":"ľuďom"},
{"singular":"človekovi", "plural":"ľuďoch"},
{"singular":"človekom", "plural":"ľuďmi"},
{"singular":"človeku"},
{"singular":"dieťatko", "plural":"dieťatká"},
{"singular":"dieťatka", "plural":"dieťatiek"},
{"singular":"dieťatku", "plural":"dieťatkám"},
{"singular":"dieťatku", "plural":"dieťatkách"},
{"singular":"dieťatkom", "plural":"dieťatkami"},
{"singular":"decko", "plural":"decká"},
{"singular":"decka", "plural":"deciek"},
{"singular":"decku", "plural":"deckám"},
{"singular":"decku", "plural":"deckách"},
{"singular":"deckom", "plural":"deckami"},
{"singular":"rodič", "plural":"rodičia"},
{"singular":"rodiča", "plural":"rodičov"},
{"singular":"rodičovi", "plural":"rodičom"},
{"singular":"rodičovi", "plural":"rodičoch"},
{"singular":"rodičom", "plural":"rodičmi"},
{"singular":"dieťa", "plural":"deti"},
{"singular":"dieťaťa", "plural":"detí"},
{"singular":"dieťaťu", "plural":"deťom"},
{"singular":"dieťati", "plural":"deťoch"},
{"singular":"dieťaťom", "plural":"deťmi"},
{"singular":"snúbenec", "plural":"snúbencovia"},
{"singular":"snúbenca", "plural":"snúbencov"},
{"singular":"snúbencovi", "plural":"snúbencom"},
{"singular":"snúbencovi", "plural":"snúbencoch"},
{"singular":"snúbencom", "plural":"snúbencami"},
{"singular":"snúbenica", "plural":"snúbenice"},
{"singular":"snúbenice", "plural":"snúbeníc"},
{"singular":"snúbenici", "plural":"snúbeniciam"},
{"singular":"snúbenicu", "plural":"snúbenice"},
{"singular":"snúbenici", "plural":"snúbeniciach"},
{"singular":"snúbenicou", "plural":"snúbenicami"},
{"singular":"prarodič", "plural":"prarodičia"},
{"singular":"prarodiča", "plural":"prarodičov"},
{"singular":"prarodičovi", "plural":"prarodičom"},
{"singular":"prarodičovi", "plural":"prarodičoch"},
{"singular":"prarodičom", "plural":"prarodičmi"},
{"singular":"starý rodič", "plural":"starí rodičia"},
{"singular":"starého rodiča", "plural":"starých rodičov"},
{"singular":"starému rodičovi", "plural":"starým rodičom"},
{"singular":"starom rodičovi", "plural":"starých rodičoch"},
{"singular":"starým rodičom", "plural":"starými rodičmi"},
{"singular":"súrodenec", "plural":"súrodenci"},
{"singular":"súrodenca", "plural":"súrodencov"},
{"singular":"súrodencovi", "plural":"súrodencom"},
{"singular":"súrodencovi", "plural":"súrodencoch"},
{"singular":"súrodencom", "plural":"súrodencami"},
{"singular":"veterán", "plural":"veteráni"},
{"singular":"veterána", "plural":"veteránov"},
{"singular":"veteránovi", "plural":"veteránom"},
{"singular":"veteránovi", "plural":"veteránoch"},
{"singular":"veteránom", "plural":"veteránmi"},
{"singular":"vyslúžilec", "plural":"vyslúžilci"},
{"singular":"vyslúžilca", "plural":"vyslúžilcov"},
{"singular":"vyslúžilcovi", "plural":"vyslúžilcom"},
{"singular":"vyslúžilcovi", "plural":"vyslúžilcoch"},
{"singular":"vyslúžilcom", "plural":"vyslúžilcami"},
{"singular":"vyslúženec", "plural":"vyslúženci"},
{"singular":"vyslúženca", "plural":"vyslúžencov"},
{"singular":"vyslúžencovi", "plural":"vyslúžencom"},
{"singular":"vyslúžencovi", "plural":"vyslúžencoch"},
{"singular":"vyslúžencom", "plural":"vyslúžencami"}
]
}
