{
"feminine": [
{"singular":"ženska", "plural":"ženske"},
{"singular":"gospa", "plural":"gospe"},
{"singular":"dama", "plural":"dame"},
{"singular":"dekle", "plural":"dekleta"},
{"singular":"punca", "plural":"punce"},
{"singular":"punčka", "plural":"punčke"},
{"singular":"frajla", "plural":"frajle"},
{"singular":"mati", "plural":"matere"},
{"singular":"mama", "plural":"mame"},
{"singular":"mami", "plural":"mamice"},
{"singular":"mamica"},
{"singular":"hčerka", "plural":"hčerke"},
{"singular":"hčer", "plural":"hčere"},
{"singular":"hči"},
{"singular":"žena", "plural":"žene"},
{"singular":"babica", "plural":"babice"},
{"singular":"stara mama", "plural":"stare mame"},
{"singular":"babi", "plural":"babice"},
{"singular":"sestra", "plural":"sestre"}
],
"masculine": [
{"singular":"moški", "plural":"moški"},
{"singular":"mož", "plural":"možje"},
{"singular":"brat", "plural":"bratje"},
{"singular":"stari", "plural":"stari"},
{"singular":"model", "plural":"modeli"},
{"singular":"tip", "plural":"tipi"},
{"singular":"dečko", "plural":"dečki"},
{"singular":"fant", "plural":"fantje"},
{"singular":"deček", "plural":"dečki"},
{"singular":"fantek", "plural":"fantki"},
{"singular":"oče", "plural":"očeti"},
{"singular":"očka", "plural":"očkoti"},
{"singular":"oči", "plural":"očiji"},
{"singular":"ati", "plural":"atiji"},
{"singular":"sin", "plural":"sinovi"},
{"singular":"dedek", "plural":"dedki"},
{"singular":"stari oče", "plural":"stari očetje"},
{"singular":"dedi", "plural":"dediji"}
],
"unspecified": [
{"singular":"posameznica", "plural":"posameznice"},
{"singular":"posameznik", "plural":"posamezniki"},
{"singular":"oseba", "plural":"osebe"},
{"singular":"otrok", "plural":"otroci"},
{"singular":"starš", "plural":"starši"},
{"singular":"zakonec", "plural":"zakonci"},
{"singular":"stari starš", "plural":"stari starši"},
{"singular":"brat ali sestra", "plural":"bratje ali sestre"},
{"singular":"veteran", "plural":"veterani"}
]
}
