{
"feminine": [
{"singular":"abu","plural":"abus"},
{"singular":"abue","plural":"abues"},
{"singular":"abuela","plural":"abuelas"},
{"singular":"abuelita","plural":"abuelitas"},
{"singular":"chamaca","plural":"chamacas"},
{"singular":"chica","plural":"chicas"},
{"singular":"cría","plural":"crías"},
{"singular":"dama","plural":"damas"},
{"singular":"esposa","plural":"esposas"},
{"singular":"hermana","plural":"hermanas"},
{"singular":"hermanita","plural":"hermanitas"},
{"singular":"hija","plural":"hijas"},
{"singular":"hijita","plural":"hijitas"},
{"singular":"ma"},
{"singular":"madre","plural":"madres"},
{"singular":"mami","plural":"mamis"},
{"singular":"mamá","plural":"mamás"},
{"singular":"muchacha","plural":"muchachas"},
{"singular":"mujer","plural":"mujeres"},
{"singular":"nana","plural":"nanas"},
{"singular":"nena","plural":"nenas"},
{"singular":"niña","plural":"niñas"},
{"singular":"nona","plural":"nonas"},
{"singular":"piba","plural":"pibas"},
{"singular":"progenitora","plural":"progenitoras"},
{"singular":"señora","plural":"señoras"},
{"singular":"veterana","plural":"veteranas"}
],
"masculine": [
{"singular":"abu","plural":"abus"},
{"singular":"abue","plural":"abues"},
{"singular":"abuelito","plural":"abuelitos"},
{"singular":"abuelo","plural":"abuelos"},
{"singular":"amigo","plural":"amigos"},
{"singular":"chamaco","plural":"chamacos"},
{"singular":"chico","plural":"chicos"},
{"singular":"crío","plural":""},
{"plural":"compas"},
{"singular":"cuate","plural":"cuates"},
{"singular":"esposo","plural":"esposos"},
{"singular":"hermanito","plural":"hermanitos"},
{"singular":"hermano","plural":"hermanos"},
{"singular":"hijito","plural":"hijitos"},
{"singular":"hijo","plural":"hijos"},
{"singular":"hombre","plural":"hombres"},
{"singular":"mano","plural":"manos"},
{"singular":"marido","plural":"maridos"},
{"singular":"muchacho","plural":"muchachos"},
{"singular":"nene","plural":"nenes"},
{"singular":"niño","plural":"niños"},
{"singular":"nono","plural":"nonos"},
{"singular":"pa","plural":""},
{"singular":"padre","plural":"padres"},
{"singular":"papi","plural":"papis"},
{"singular":"papá","plural":"papás"},
{"singular":"parcero","plural":"parceros"},
{"singular":"pibe","plural":""},
{"singular":"tipo","plural":"tipos"},
{"singular":"varón","plural":"varones"},
{"singular":"veterano","plural":"veteranos"}
],
"unspecified": [
{"plural":"abuelos"},
{"plural":"chamacos"},
{"plural":"chicos"},
{"plural":"críos"},
{"plural":"cuates"},
{"singular":"cónyuge","plural":"cónyuges"},
{"singular":"excombatiente","plural":"excombatientes"},
{"singular":"exmilitar","plural":"exmilitares"},
{"plural":"hermanos"},
{"plural":"hijos"},
{"singular":"individuo","plural":"individuos"},
{"singular":"joven","plural":"jóvenes"},
{"plural":"niños"},
{"plural":"padres"},
{"singular":"persona","plural":"personas"},
{"plural":"pibes"},
{"plural":"progenitores"},
{"singular":"sujeto","plural":"sujetos"},
{"plural":"veteranos"}
]
}
