{
"feminine": [
{"singular":"mwanamke ", "plural":"wanawake"},
{"singular":"shaibu", "plural":"mashaibu"},
{"singular":"kizee", "plural":"vizee"},
{"singular":"ajuza", "plural":"ajuza"},
{"singular":"kibibi"},
{"singular":"bibi", "plural":"mabibi"},
{"singular":"bibiye"},
{"singular":"kibibi", "plural":"vibibi"},
{"singular":"msichana", "plural":"wasichana"},
{"singular":"kigori", "plural":"vigori"},
{"singular":"kigoli", "plural":"vigoli"},
{"singular":"mwanamwali", "plural":"wanawali"},
{"singular":"mama", "plural":"wamama"},
{"singular":"nina", "plural":"kina nina"},
{"singular":"mama", "plural":"mama"},
{"singular":"nina"},
{"singular":"binti", "plural":"mabinti"},
{"singular":"mke", "plural":"wake"},
{"singular":"ahali", "plural":"ahali"},
{"singular":"nyanya", "plural":"nyanya"},
{"singular":"kizee"},
{"singular":"dada", "plural":"madada"}
],
"masculine": [
{"singular":"mwanamume", "plural":"wanaume"},
{"singular":"mwanadamu", "plural":"wanadamu"},
{"singular":"binadamu", "plural":"binadamu"},
{"singular":"kaka", "plural":"kaka"},
{"singular":"mshikaji", "plural":"washikaji"},
{"singular":"mwandani", "plural":"wandani"},
{"singular":"jamaa", "plural":"majamaa"},
{"singular":"mvulana", "plural":"wavulana"},
{"singular":"boi", "plural":"maboi"},
{"singular":"baba", "plural":"kina baba"},
{"singular":"baba", "plural":"baba"},
{"singular":"mwana", "plural":"wana"},
{"singular":"bin", "plural":"bin"},
{"singular":"wadi", "plural":"wadi"},
{"singular":"auladi", "plural":"auladi"},
{"singular":"mume", "plural":"waume"},
{"singular":"babu", "plural":"mababu"},
{"singular":"mzee", "plural":"wazee"}
],
"unspecified": [
{"singular":"mmoja", "plural":"kila mmoja"},
{"singular":"mmojawapo", "plural":"kila mmojawapo"},
{"singular":"mtu binafsi", "plural":"watu binafsi"},
{"singular":"mtu", "plural":"watu"},
{"singular":"nafsi", "plural":"nafsi"},
{"singular":"mtoto", "plural":"watoto"},
{"singular":"mzazi", "plural":"wazazio"},
{"singular":"kitoto", "plural":"vitoto"},
{"singular":"mwenzi", "plural":"wenzi"},
{"singular":"mchumba", "plural":"wachumba"},
{"singular":"mzazi-mkuu", "plural":"wazazi wakuu"},
{"singular":"dada", "plural":"dada"},
{"singular":"mkongwe", "plural":"wakongwe"},
{"singular":"mkale", "plural":"wakale"},
{"singular":"mzoefu", "plural":"wazoefu"},
{"singular":"aliyebobea", "plural":"waliobobea"},
{"singular":"ndugu ", "plural":"ndugu"}
]
}
