{
"feminine": [
{"singular":"பெண்", "plural":"பெண்கள்"},
{"singular":"பெண்மணி", "plural":"பெண்மணிகள்"},
{"singular":"-", "plural":"மகளிர்"},
{"singular":"சிறுமி", "plural":"சிறுமிகள்"},
{"singular":"அம்மா", "plural":"அம்மாகள்"},
{"singular":"தாய்", "plural":"தாய்கள்"},
{"singular":"அன்னை", "plural":"அன்னைகள்"},
{"singular":"மாதா", "plural":"மாதாக்கள்"},
{"singular":"தாயார்", "plural":"தாயார்கள்"},
{"singular":"மகள்", "plural":"மகள்கள்"},
{"singular":"புதல்வி", "plural":"புதல்விகள்"},
{"singular":"-", "plural":"புதல்வியர்"},
{"singular":"மனைவி", "plural":"மனைவிகள்"},
{"singular":"இல்லாள்", "plural":"இல்லாள்கள்"},
{"singular":"பொண்டாட்டி", "plural":"மனைவியர்"},
{"singular":"-", "plural":"பொண்டாட்டிகள்"},
{"singular":"-", "plural":"மனைவிமார்கள்"},
{"singular":"பாட்டி", "plural":"பாட்டிகள்"},
{"singular":"மூதாட்டி", "plural":"மூதாட்டிகள்"},
{"singular":"அக்கா", "plural":"அக்காக்கள்"},
{"singular":"தங்கை", "plural":"தங்கைகள்"},
{"singular":"சகோதரி", "plural":"சகோதரிகள்"},
{"singular":"தமக்கை", "plural":"தமக்கைகள்"}
],
"masculine": [
{"singular":"ஆண்", "plural":"ஆண்கள்"},
{"singular":"ஆண்மகன்", "plural":"ஆண்மகன்கள்"},
{"singular":"ஆடவன்", "plural":"ஆடவர்கள்"},
{"singular":"மனிதன்"},
{"singular":"ஆண்பிள்ளை", "plural":"ஆண்பிள்ளைகள்"},
{"singular":"அண்ணா", "plural":"அண்ணாக்கள்"},
{"singular":"அண்ணன்", "plural":"அண்ணன்கள்"},
{"singular":"சகோதரன்", "plural":"சகோதரன்கள்"},
{"singular":"தமையன்", "plural":"தமையன்கள்"},
{"singular":"மனிதன்"},
{"singular":"அப்பா", "plural":"அப்பாக்கள்"},
{"singular":"தந்தை", "plural":"தந்தைகள்"},
{"singular":"தகப்பன்", "plural":"தகப்பன்கள்"},
{"singular":"பிதா", "plural":"பிதாக்கள்"},
{"singular":"மகன்", "plural":"மகன்கள்"},
{"singular":"பிள்ளை", "plural":"பிள்ளைகள்"},
{"singular":"கணவன்", "plural":"கணவன்கள்"},
{"singular":"கணவர்", "plural":"கணவர்கள்"},
{"singular":"புருஷன்", "plural":"புருஷன்கள்"},
{"singular":"-", "plural":"கணவன்மார்கள்"},
{"singular":"தாத்தா", "plural":"தாத்தாக்கள்"},
{"singular":"பாட்டன்", "plural":"பாட்டன்கள்"}
],
"unspecified": [
{"singular":"தனிநபர்", "plural":"தனிநபர்கள்"},
{"singular":"நபர்", "plural":"நபர்கள்"},
{"singular":"பெற்றோர்", "plural":"பெற்றோர்கள்"},
{"singular":"பெற்றவர்", "plural":"பெற்றவர்கள்"},
{"singular":"குழந்தை", "plural":"குழந்தைகள்"},
{"singular":"வாழ்க்கைத் துணை", "plural":"வாழ்க்கைத் துணைகள்"},
{"singular":"தாத்தா பாட்டி", "plural":"தாத்தா பாட்டிகள்"},
{"singular":"உடன்பிறப்பு", "plural":"உடன்பிறப்புகள்"},
{"singular":"உடன்பிறந்தோர்", "plural":"உடன்பிறந்தோர்கள்"},
{"singular":"படைவீரன்", "plural":"படைவீரர்கள்"}
]
}
