{
"feminine": [
{"singular":"మహిళ", "plural":"మహిళలు"},
{"singular":"స్త్రీ", "plural":"స్త్రీలు"},
{"singular":"వయోజన స్త్రీ", "plural":"వయోజన స్త్రీలు"},
{"singular":"ఉన్నత వర్గ స్త్రీ", "plural":"ఉన్నత వర్గ స్త్రీలు"},
{"singular":"అమ్మాయి", "plural":"అమ్మాయిలు"},
{"singular":"ఆడపిల్ల", "plural":"ఆడపిల్లలు"},
{"singular":"తల్లి", "plural":"తల్లులు"},
{"singular":"అమ్మ", "plural":"అమ్మలు"},
{"singular":"కూతురు", "plural":"కూతుళ్ళు"},
{"singular":"కుమార్తె", "plural":"కుమార్తెలు"},
{"singular":"పుత్రిక", "plural":"పుత్రికలు"},
{"singular":"ఆడ బిడ్డ", "plural":"ఆడ బిడ్డలు"},
{"singular":"భార్య", "plural":"భార్యలు"},
{"singular":"అర్థాంగి", "plural":"అర్థాంగులు"},
{"singular":"పత్ని", "plural":"పత్నులు"},
{"singular":"పెళ్లాం", "plural":"పెళ్లాలు"},
{"singular":"ఆలి", "plural":"ఆలులు"},
{"singular":"అమ్మమ్మ", "plural":"అమ్మమ్మలు"},
{"singular":"నాన్నమ్మ", "plural":"నాన్నమ్మలు"},
{"singular":"అవ్వ", "plural":"అవ్వలు"},
{"singular":"సోదరి", "plural":"సోదరీమణులు"},
{"singular":"అక్క", "plural":"అక్కలు"},
{"singular":"చెల్లి", "plural":"చెల్లెళ్ళు"},
{"singular":"నర్సు", "plural":"నర్సులు"},
{"singular":"సన్యాసిని", "plural":"సన్యాసినిలు"}
],
"masculine": [
{"singular":"మనిషి", "plural":"మనుషులు"},
{"singular":"పురుషుడు", "plural":"పురుషులు"},
{"singular":"వ్యక్తి", "plural":"వ్యక్తులు"},
{"singular":"మగవాడు", "plural":"మగవాళ్లు"},
{"singular":"అబ్బాయి", "plural":"అబ్బాయిలు"},
{"singular":"యువకుడు", "plural":"యువకులు"},
{"singular":"బాలుడు", "plural":"బాలురు"},
{"singular":"మగ బిడ్డ", "plural":"మగ బిడ్డలు"},
{"singular":"నాన్న", "plural":"నాన్నలు"},
{"singular":"తండ్రి", "plural":"తండ్రులు"},
{"singular":"అయ్య", "plural":"అయ్యలు"},
{"singular":"మతాధికారి", "plural":"మతాధికారులు"},
{"singular":"కొడుకు", "plural":"కొడుకులు"},
{"singular":"పుత్రుడు", "plural":"పుత్రులు"},
{"singular":"కుమారుడు", "plural":"కుమారులు"},
{"singular":"భర్త", "plural":"భర్తలు"},
{"singular":"మొగుడు", "plural":"మొగుళ్లు"},
{"singular":"పతి", "plural":"పతులు"},
{"singular":"పెనిమిటి", "plural":"పెనిమిట్లు"},
{"singular":"జీవిత భాగస్వామి", "plural":"జీవిత భాగస్వాములు"},
{"singular":"పితామహుడు", "plural":"పితామహులు"},
{"singular":"తాత", "plural":"తాతలు"},
{"singular":"సహోదరుడు", "plural":"సహోదరులు"},
{"singular":"అన్న", "plural":"అన్నలు"},
{"singular":"సోదరుడు", "plural":"సోదరులు"},
{"singular":"అన్నయ్య", "plural":"అన్నయ్యలు"},
{"singular":"తమ్ముడు", "plural":"తమ్ముళ్లు"}
],
"unspecified": [
{"singular":"వ్యక్తి", "plural":"వ్యక్తులు"},
{"singular":"మానవుడు", "plural":"మానవులు"},
{"singular":"చిన్నపిల్ల", "plural":"చిన్నపిల్లలు"},
{"singular":"చిన్నపిల్లవాడు", "plural":"చిన్న కుర్రాళ్ళు"},
{"singular":"పసిపిల్ల", "plural":"పసిపిల్లలు"},
{"singular":"పసిపిల్లవాడు", "plural":"పసిపిల్లలు"},
{"singular":"చిన్నారి", "plural":"చిన్నారులు"},
{"singular":"బిడ్డ", "plural":"బిడ్డలు"},
{"singular":"నానమ్మ", "plural":"నానమ్మలు"},
{"singular":"తాతయ్య", "plural":"తాతయ్యలు"},
{"singular":"తాత", "plural":"తాతలు"},
{"singular":"సోదరీమణి", "plural":"సోదరీమణులు"},
{"singular":"అనుభవజ్ఞుడు", "plural":"అనుభవజ్ఞులు"},
{"singular":"అనుభవజ్ఞురాలు", "plural":"అనుభవజ్ఞురాళ్లు"}
]
}
