{
"feminine": [
{"singular":"babae", "plural":"mga babae"},
{"singular":"ale", "plural":"mga ale"},
{"singular":"ginang", "plural":"mga ginang"},
{"singular":"binibini", "plural":"mga binibini"},
{"singular":"ineng", "plural":"mga ineng"},
{"singular":"batang babae", "plural":"mga batang babae"},
{"singular":"inday", "plural":"mga inday"},
{"singular":"iha", "plural":"mga iha"},
{"singular":"nene", "plural":"mga nene"},
{"singular":"ina", "plural":"mga ina"},
{"singular":"inay", "plural":"mga inay"},
{"singular":"inang", "plural":"mga inang"},
{"singular":"nanay", "plural":"mga nanay"},
{"singular":"mama", "plural":"mga mama"},
{"singular":"anak na babae", "plural":"mga anak na babae"},
{"singular":"asawang babae", "plural":"mga asawa"},
{"singular":"misis", "plural":"mga misis"},
{"singular":"esposa", "plural":"mga esposa"},
{"singular":"lola", "plural":"mga lola"},
{"singular":"impo", "plural":"mga impo"},
{"singular":"kapatid na babae", "plural":"mga kapatid na babae"},
{"singular":"ate", "plural":"mga ate"},
{"singular":"sis", "plural":"mga sis"}
],
"masculine": [
{"singular":"lalaki", "plural":"mga lalaki"},
{"singular":"kapatid na lalaki", "plural":"mga kapatid na lalaki"},
{"singular":"kuya", "plural":"mga kuya"},
{"singular":"brad", "plural":"mga brad"},
{"singular":"batang lalaki", "plural":"mga batang lalaki"},
{"singular":"totoy", "plural":"mga totoy"},
{"singular":"toto", "plural":"mga toto"},
{"singular":"iho", "plural":"mga iho"},
{"singular":"ama", "plural":"mga ama"},
{"singular":"itay", "plural":"mga itay"},
{"singular":"itang", "plural":"mga itang"},
{"singular":"tatay", "plural":"mga tatay"},
{"singular":"papa", "plural":"mga papa"},
{"singular":"anak na lalaki", "plural":"mga anak na lalaki"},
{"singular":"asawang lalaki", "plural":"mga asawang lalaki"},
{"singular":"mister", "plural":"mga mister"},
{"singular":"esposo", "plural":"mga esposo"},
{"singular":"bana", "plural":"mga bana"},
{"singular":"lolo", "plural":"mga lolo"},
{"singular":"ingkong", "plural":"mga ingkong"}
],
"unspecified": [
{"singular":"indibidwal", "plural":"mga indibidwal"},
{"singular":"isa-isa", "plural":"mga nagisa-isa"},
{"singular":"kanya-kanya", "plural":"mga nagkanya-kanya"},
{"singular":"tao", "plural":"mga tao"},
{"singular":"katao", "plural":"mga katao"},
{"singular":"panauhan", "plural":"mga panauhan"},
{"singular":"persona", "plural":"mga persona"},
{"singular":"bata", "plural":"mga bata"},
{"singular":"magulang", "plural":"mga magulang"},
{"singular":"anak", "plural":"mga anak"},
{"singular":"paslit", "plural":"mga paslit"},
{"singular":"bulilit", "plural":"mga bulilit"},
{"singular":"musmos", "plural":"mga musmos"},
{"singular":"asawa", "plural":"mga asawa"},
{"singular":"esposa", "plural":"mgaa esposo"},
{"singular":"lolo'tlola", "plural":"mga lolo'tlola"},
{"singular":"ninuno", "plural":"mga ninuno"},
{"singular":"kapatid", "plural":"mga kapatid"},
{"singular":"beterano", "plural":"mga beterano"}
]
}
