{
"feminine": [
{"singular":"พี่สาว", "plural":"พวกพี่สาว"},
{"singular":"-", "plural":"แม่ๆ"},
{"singular":"สตรี", "plural":"พวกสตรี"},
{"singular":"คุณย่า", "plural":"พวกคุณย่า"},
{"singular":"ภรรยา", "plural":"พวกภรรยา"},
{"singular":"-", "plural":"ผู้หญิงทั้งหลาย"},
{"singular":"-", "plural":"พวกสาวๆ"},
{"singular":"หญิงสาว", "plural":"พวกหญิงสาว"},
{"singular":"ม๊า", "plural":"พวกม๊า"},
{"singular":"สาวน้อย", "plural":"พวกสาวน้อย"},
{"singular":"มารดา", "plural":"พวกมารดา"},
{"singular":"-", "plural":"สาวๆ"},
{"singular":"-", "plural":"เมียๆ"},
{"singular":"คุณผู้หญิง", "plural":"พวกคุณผู้หญิง"},
{"singular":"-", "plural":"บรรดาคุณนาย"},
{"singular":"หญิงสาว", "plural":"บรรดาหญิงสาว"},
{"singular":"หม่าม๊า", "plural":"พวกหม่าม๊า"},
{"singular":"-", "plural":"บรรดาคุณผู้หญิง"},
{"singular":"ธิดา", "plural":"พวกธิดา"},
{"singular":"คุณแม่", "plural":"พวกคุณแม่"},
{"singular":"เจ๊", "plural":"พวกเจ๊"},
{"singular":"ยาย", "plural":"พวกยาย"},
{"singular":"คุณนาย", "plural":"พวกคุณนาย"},
{"singular":"-", "plural":"เหล่าสุภาพสตรี"},
{"singular":"ย่า", "plural":"พวกย่า"},
{"singular":"-", "plural":"บรรดาผู้หญิง"},
{"singular":"คุณยาย", "plural":"พวกคุณยาย"},
{"singular":"หญิง", "plural":"พวกหญิง"},
{"singular":"อาเจ๊", "plural":"พวกอาเจ๊"},
{"singular":"น้อง", "plural":"พวกน้อง"},
{"singular":"สาว", "plural":"พวกสาว"},
{"singular":"-", "plural":"บรรดาเหล่าสตรี"},
{"singular":"เด็กหญิง", "plural":"พวกเด็กหญิง"},
{"singular":"มะม๊า", "plural":"พวกมะม๊า"},
{"singular":"บุตรสาว", "plural":"พวกบุตรสาว"},
{"singular":"-", "plural":"สตรีทั้งหลาย"},
{"singular":"คุณหนู", "plural":"พวกคุณหนู"},
{"singular":"แม่", "plural":"พวกแม่"},
{"singular":"อาม่า", "plural":"พวกอาม่า"},
{"singular":"-", "plural":"บรรดาพวกผู้หญิง"},
{"singular":"-", "plural":"หญิงทั้งหลาย"},
{"singular":"น้องสาว", "plural":"พวกน้องสาว"},
{"singular":"-", "plural":"พวกย่ายาย"},
{"singular":"ลูกสาว", "plural":"พวกลูกสาว"},
{"singular":"บุตรี", "plural":"พวกบุตรี"},
{"singular":"คุณสุภาพสตรี", "plural":"พวกคุณสุภาพสตรี"},
{"singular":"-", "plural":"เหล่าสตรี"},
{"singular":"เด็กสาว", "plural":"พวกเด็กสาว"},
{"singular":"เมีย", "plural":"พวกเมีย"},
{"singular":"คุณภรรยา", "plural":"พวกคุณภรรยา"},
{"singular":"-", "plural":"บรรดาคุณแม่"},
{"singular":"สุภาพสตรี", "plural":"พวกสุภาพสตรี"},
{"singular":"ผู้หญิง", "plural":"พวกผู้หญิง"}
],
"masculine": [
{"singular":"เสี่ย", "plural":"พวกเสี่ย"},
{"singular":"ไอ้หนุ่ม", "plural":"พวกไอ้หนุ่ม"},
{"singular":"ป่ะป๊า", "plural":"พวกป่ะป๊า"},
{"singular":"ตา", "plural":"พวกตา"},
{"singular":"น้อง", "plural":"พวกน้อง"},
{"singular":"ผู้ชาย", "plural":"พวกผู้ชาย"},
{"singular":"คุณปู่", "plural":"พวกคุณปู่"},
{"singular":"พี่ชาย", "plural":"พวกพี่ชาย"},
{"singular":"คุณชาย", "plural":"พวกคุณชาย"},
{"singular":"คุณสามี", "plural":"พวกคุณสามี"},
{"singular":"บิดา", "plural":"พวกบิดา"},
{"singular":"อาเฮีย", "plural":"พวกอาเฮีย"},
{"singular":"คุณพ่อ", "plural":"พวกคุณพ่อ"},
{"singular":"บุตรชาย", "plural":"พวกบุตรชาย"},
{"singular":"แด๊ดดี้", "plural":"พวกแด๊ดดี้"},
{"singular":"อากง", "plural":"พวกอากง"},
{"singular":"คุณพี่", "plural":"พวกคุณพี่"},
{"singular":"อาแปะ", "plural":"พวกอาแปะ"},
{"singular":"ลูกชาย", "plural":"พวกลูกชาย"},
{"singular":"คุณผู้ชาย", "plural":"พวกคุณผู้ชาย"},
{"singular":"ผัว", "plural":"พวกผัว"},
{"singular":"หนุ่ม", "plural":"พวกหนุ่ม"},
{"singular":"กง", "plural":"พวกกง"},
{"singular":"ป๊ะป๋า", "plural":"พวกป๊ะป๋า"},
{"singular":"ไอ้ลูกชาย", "plural":"พวกไอ้ลูกชาย"},
{"singular":"สามี", "plural":"พวกสามี"},
{"singular":"เด็กผู้ชาย", "plural":"พวกเด็กผู้ชาย"},
{"singular":"ป๊า", "plural":"พวกป๊า"},
{"singular":"น้องชาย", "plural":"พวกน้องชาย"},
{"singular":"เพื่อน", "plural":"พวกเพื่อน"},
{"singular":"พ่อ", "plural":"พวกพ่อ"},
{"singular":"คุณตา", "plural":"พวกคุณตา"},
{"singular":"ปู่", "plural":"พวกปู่"},
{"singular":"ต้าว", "plural":"พวกต้าว"},
{"singular":"เฮีย", "plural":"พวกเฮีย"},
{"singular":"เด็กน้อย", "plural":"พวกเด็กน้อย"},
{"singular":"ไอ้หนู", "plural":"พวกไอ้หนู"},
{"singular":"ไอ้ต้าว", "plural":"พวกไอ้ต้าว"}
],
"unspecified": [
{"singular":"บุคคล", "plural":"พวกบุคคล"},
{"singular":"คน", "plural":"พวกคน"},
{"singular":"หนูน้อย", "plural":"พวกหนูน้อย"},
{"singular":"ไอ้หนู", "plural":"พวกไอ้หนู"},
{"singular":"พ่อแม่", "plural":"พวกพ่อแม่"},
{"singular":"บิดามารดา", "plural":"พวกบิดามารดา"},
{"singular":"ผู้ปกครอง", "plural":"พวกผู้ปกครอง"},
{"singular":"เด็ก", "plural":"พวกเด็ก"},
{"singular":"ลูก", "plural":"พวกลูก"},
{"singular":"บุตร", "plural":"พวกบุตร"},
{"singular":"สามีภรรยา", "plural":"พวกสามีภรรยา"},
{"singular":"คู่สมรส", "plural":"พวกคู่สมรส"},
{"singular":"ผัวเมีย", "plural":"พวกผัวเมีย"},
{"singular":"ปู่ย่าตายาย", "plural":"พวกปู่ย่าตายาย"},
{"singular":"ปู่ย่า", "plural":"พวกปู่ย่า"},
{"singular":"ตายาย", "plural":"พวกตายาย"},
{"singular":"อากงอาม่า", "plural":"พวกอากงอาม่า"},
{"singular":"พี่น้อง", "plural":"พวกพี่น้อง"},
{"singular":"ผู้มีประสบการณ์", "plural":"พวกผู้มีประสบการณ์"},
{"singular":"ทหารผ่านศึก", "plural":"พวกทหารผ่านศึก"},
{"singular":"-", "plural":"เหล่าทหารผ่านศึก"},
{"singular":"-", "plural":"บรรดาทหารผ่านศึก"},
{"singular":"ผู้มากประสบการณ์", "plural":"พวกผู้มากประสบการณ์"}
]
}
