{
"feminine": [
{"singular":"kadın", "plural":"kadınlar"},
{"singular":"bayan", "plural":"bayanlar"},
{"singular":"hatun", "plural":"hatunlar"},
{"singular":"hanım", "plural":"hanımlar"},
{"singular":"karı", "plural":"karılar"},
{"singular":"hanımefendi", "plural":"hanımefendiler"},
{"singular":"kız", "plural":"kızlar"},
{"singular":"kız arkadaş", "plural":"kız arkadaşlar"},
{"singular":"kız çocuğu", "plural":"kız çocukları"},
{"singular":"kız çocuk", "plural":"kız çocuklar"},
{"singular":"kız evlat", "plural":"kız evlatlar"},
{"singular":"çocuk", "plural":"çocuklar"},
{"singular":"evlat", "plural":"evlatlar"},
{"singular":"anne", "plural":"anneler"},
{"singular":"ana", "plural":"analar"},
{"singular":"valide", "plural":"valideler"},
{"singular":"anneciğim"},
{"singular":"anam"},
{"singular":"anacığım"},
{"singular":"eş", "plural":"eşler"},
{"singular":"zevce", "plural":"zevceler"},
{"singular":"büyükanne", "plural":"büyükanneler"},
{"singular":"anneanne", "plural":"anneanneler"},
{"singular":"babaanne", "plural":"babaanneler"},
{"singular":"nene", "plural":"neneler"},
{"singular":"nine", "plural":"nineler"},
{"singular":"kız kardeş", "plural":"kız kardeşler"},
{"singular":"kardeş", "plural":"kardeşler"},
{"singular":"abla", "plural":"ablalar"},
{"singular":"büyük kız kardeş", "plural":"büyük kız kardeşler"},
{"singular":"küçük kardeş", "plural":"küçük kardeşler"},
{"singular":"küçük kız kardeş", "plural":"küçük kız kardeşler"}
],
"masculine": [
{"singular":"erkek", "plural":"erkekler"},
{"singular":"insan", "plural":"insanlar"},
{"singular":"beşer", "plural":"beşerler"},
{"singular":"âdemoğlu", "plural":"âdemoğulları"},
{"singular":"insanoğlu", "plural":"insanoğulları"},
{"singular":"adam", "plural":"adamlar"},
{"singular":"çocuk", "plural":"çocuklar"},
{"singular":"herif", "plural":"herifler"},
{"singular":"tip", "plural":"tipler"},
{"singular":"kanka", "plural":"kankalar"},
{"singular":"moruk", "plural":"moruklar"},
{"singular":"hacı", "plural":"hacılar"},
{"singular":"erkek kardeş", "plural":"erkek kardeşler"},
{"singular":"kardeş", "plural":"kardeşler"},
{"singular":"birader", "plural":"biraderler"},
{"singular":"ağabey", "plural":"ağabeyler"},
{"singular":"abi", "plural":"abiler"},
{"singular":"büyük erkek kardeş", "plural":"büyük erkek kardeşler"},
{"singular":"küçük kardeş", "plural":"küçük kardeşler"},
{"singular":"küçük erkek kardeş", "plural":"küçük erkek kardeşler"},
{"singular":"erkek çocuk", "plural":"erkek çocuklar"},
{"singular":"oğlan", "plural":"oğlanlar"},
{"singular":"oğul", "plural":"oğullar"},
{"singular":"delikanlı", "plural":"delikanlılar"},
{"singular":"oğlan çocuğu", "plural":"oğlan çocukları"},
{"singular":"baba", "plural":"babalar"},
{"singular":"peder", "plural":"pederler"},
{"singular":"papaz", "plural":"papazlar"},
{"singular":"babacığım"},
{"singular":"babacık"},
{"singular":"koca", "plural":"kocalar"},
{"singular":"eş", "plural":"eşler"},
{"singular":"bey", "plural":"beyler"},
{"singular":"zevç", "plural":"zevçler"},
{"singular":"dede", "plural":"dedeler"},
{"singular":"büyükbaba", "plural":"büyükbabalar"}
],
"unspecified": [
{"singular":"birey", "plural":"bireyler"},
{"singular":"şahıs", "plural":"şahıslar"},
{"singular":"fert", "plural":"fertler"},
{"singular":"kimse", "plural":"kimseler"},
{"singular":"kişi", "plural":"kişiler"},
{"singular":"insan", "plural":"insanlar"},
{"singular":"velet", "plural":"veletler"},
{"singular":"oğul", "plural":"oğullar"},
{"singular":"kız", "plural":"kızlar"},
{"singular":"ebeveyn", "plural":"ebeveynler"},
{"plural":"anne-baba"},
{"singular":"çocuk", "plural":"çocuklar"},
{"singular":"evlat", "plural":"evlatlar"},
{"singular":"eş", "plural":"eşler"},
{"singular":"gazi", "plural":"gaziler"},
{"singular":"tecrübeli", "plural":"tecrübeliler"},
{"singular":"emektar", "plural":"emektarlar"},
{"singular":"kıdemli", "plural":"kıdemliler"},
{"singular":"deneyimli", "plural":"deneyimliler"},
{"singular":"büyük kardeş", "plural":"büyük kardeşler"}
]
}
