{
"feminine": [
{"singular":"عورت", "plural":"خواتین"},
{"singular":"خاتون", "plural":"عورتیں"},
{"singular":"زن", "plural":"عورتوں"},
{"singular":"صنف نازک", "plural":"زنان"},
{"singular":"خاتون", "plural":"خواتین"},
{"singular":"بیگم", "plural":"بیگمات"},
{"singular":"عورت", "plural":"عورتیں"},
{"singular":"محترمہ", "plural":"عورتوں"},
{"singular":"خانم", "plural":"محترمائیں"},
{"singular":"لڑکی", "plural":"لڑکیاں"},
{"singular":"دوشیزہ", "plural":"دوشیزائیں"},
{"singular":"ماں", "plural":"مائیں"},
{"singular":"اماں", "plural":"مادران"},
{"singular":"والدہ"},
{"singular":"مادر"},
{"singular":"والدہ", "plural":"ممیاں"},
{"singular":"امی"},
{"singular":"ممی"},
{"singular":"بیٹی", "plural":"بیٹیاں"},
{"singular":"دختر", "plural":"دختران"},
{"singular":"بٹیا"},
{"singular":"بیوی", "plural":"بیویاں"},
{"singular":"اہلیہ", "plural":"زوجات"},
{"singular":"جورو"},
{"singular":"زوجہ"},
{"singular":"دادی", "plural":"دادیاں"},
{"singular":"نانی", "plural":"نانیاں"},
{"singular":"بہن", "plural":"بہنیں"},
{"singular":"ہمشیرہ", "plural":"ہمشیرائیں"}
],
"masculine": [
{"singular":"آدمی", "plural":"آدمیوں"},
{"singular":"انسان", "plural":"انسانوں"},
{"singular":"بشر"},
{"singular":"بھائی", "plural":"بھائیوں"},
{"singular":"دوست", "plural":"دوستوں"},
{"singular":"شخص", "plural":"اشخاص"},
{"singular":"فرد", "plural":"افراد"},
{"singular":"لڑکا", "plural":"لڑکوں"},
{"singular":"بچہ", "plural":"بچوں"},
{"singular":"باپ", "plural":"باپوں"},
{"singular":"والد"},
{"singular":"ابو"},
{"singular":"ابو", "plural":"باپوں"},
{"singular":"باپ"},
{"singular":"بیٹا", "plural":"بیٹوں"},
{"singular":"فرزند", "plural":"فرزندوں"},
{"singular":"شوہر", "plural":"شوہروں"},
{"singular":"خاوند", "plural":"پتیوں"},
{"singular":"پتی", "plural":"خصموں"},
{"singular":"خصم"},
{"singular":"میاں"},
{"singular":"دادا", "plural":"داداؤں"},
{"singular":"نانا", "plural":"ناناؤں"}
],
"unspecified": [
{"singular":"فرد", "plural":"افراد"},
{"singular":"شخص", "plural":"اشخاص"},
{"singular":"بچہ", "plural":"بچوں"},
{"singular":"بچی", "plural":"بچیوں"},
{"singular":"والدین", "plural":"والدین"},
{"singular":"خاوند یا بیوی", "plural":"رفقائے حیات"},
{"singular":"رفیق حیات", "plural":"شرکائے حیات"},
{"singular":"شریک حیات"},
{"singular":"بہن بھائی"},
{"singular":"تجربہ کار", "plural":"تجربہ کاروں"},
{"singular":"کارآزمودہ", "plural":"آزمودہ کاروں"},
{"singular":"پنشن یافتہ فوجی", "plural":"پنشن یافتہ فوجیوں"}
]
}
