{
"feminine": [
{"singular":"ayol", "plural":"ayollar"},
{"singular":"ayolni", "plural":"ayollarni"},
{"singular":"ayolning", "plural":"ayollarning"},
{"singular":"ayolniki", "plural":"ayollarniki"},
{"singular":"ayolga", "plural":"ayollarga"},
{"singular":"ayolda", "plural":"ayollarda"},
{"singular":"ayoldan", "plural":"ayollardan"},
{"singular":"ayol kishi", "plural":"ayol kishilar"},
{"singular":"ayol kishini", "plural":"ayol kishilarni"},
{"singular":"ayol kishining", "plural":"ayol kishilarning"},
{"singular":"ayol kishiniki", "plural":"ayol kishilarniki"},
{"singular":"ayol kishiga", "plural":"ayol kishilarga"},
{"singular":"ayol kishida", "plural":"ayol kishilarda"},
{"singular":"ayol kishidan", "plural":"ayol kishilardan"},
{"singular":"xonim", "plural":"xonimlar"},
{"singular":"xonimni", "plural":"xonimlarni"},
{"singular":"xonimning", "plural":"xonimlarning"},
{"singular":"xonimniki", "plural":"xonimlarniki"},
{"singular":"xonimga", "plural":"xonimlarga"},
{"singular":"xonimda", "plural":"xonimlarda"},
{"singular":"xonimdan", "plural":"xonimlardan"},
{"singular":"qiz", "plural":"qizlar"},
{"singular":"qizni", "plural":"qizlarni"},
{"singular":"qizning", "plural":"qizlarning"},
{"singular":"qizniki", "plural":"qizlarniki"},
{"singular":"qizga", "plural":"qizlarga"},
{"singular":"qizda", "plural":"qizlarda"},
{"singular":"qizdan", "plural":"qizlardan"},
{"singular":"qiz bola", "plural":"qiz bolalar"},
{"singular":"qiz bolani", "plural":"qiz bolalarni"},
{"singular":"qiz bolaning", "plural":"qiz bolalarning"},
{"singular":"qiz bolaniki", "plural":"qiz bolalarniki"},
{"singular":"qiz bolaga", "plural":"qiz bolalarga"},
{"singular":"qiz bolada", "plural":"qiz bolalarda"},
{"singular":"qiz boladan", "plural":"qiz bolalardan"},
{"singular":"ona", "plural":"onalar"},
{"singular":"onani", "plural":"onalarni"},
{"singular":"onaning", "plural":"onalarning"},
{"singular":"onaniki", "plural":"onalarniki"},
{"singular":"onaga", "plural":"onalarga"},
{"singular":"onada", "plural":"onalarda"},
{"singular":"onadan", "plural":"onalardan"},
{"singular":"oyi", "plural":"oyilar"},
{"singular":"oyini", "plural":"oyilarni"},
{"singular":"oyining", "plural":"oyilarning"},
{"singular":"oyiniki", "plural":"oyilarniki"},
{"singular":"oyiga", "plural":"oyilarga"},
{"singular":"oyida", "plural":"oyilarda"},
{"singular":"oyidan", "plural":"oyilardan"},
{"singular":"xotin", "plural":"xotinlar"},
{"singular":"xotinni", "plural":"xotinlarni"},
{"singular":"xotinning", "plural":"xotinlarning"},
{"singular":"xotinniki", "plural":"xotinlarniki"},
{"singular":"xotinga", "plural":"xotinlarga"},
{"singular":"xotinda", "plural":"xotinlarda"},
{"singular":"xotindan", "plural":"xotinlardan"},
{"singular":"buvi", "plural":"buvilar"},
{"singular":"buvini", "plural":"buvilarni"},
{"singular":"buvining", "plural":"buvilarning"},
{"singular":"buviniki", "plural":"buvilarniki"},
{"singular":"buviga", "plural":"buvilarga"},
{"singular":"buvida", "plural":"buvilarda"},
{"singular":"buvidan", "plural":"buvilardan"},
{"singular":"buvijon", "plural":"buvijonlar"},
{"singular":"buvijonni", "plural":"buvijonlarni"},
{"singular":"buvijonning", "plural":"buvijonlarning"},
{"singular":"buvijonniki", "plural":"buvijonlarniki"},
{"singular":"buvijonga", "plural":"buvijonlarga"},
{"singular":"buvijonda", "plural":"buvijonlarda"},
{"singular":"buvijondan", "plural":"buvijonlardan"},
{"singular":"opa", "plural":"opalar"},
{"singular":"opani", "plural":"opalarni"},
{"singular":"opaning", "plural":"opalarning"},
{"singular":"opaniki", "plural":"opalarniki"},
{"singular":"opaga", "plural":"opalarga"},
{"singular":"opada", "plural":"opalarda"},
{"singular":"opadan", "plural":"opalardan"},
{"singular":"singil", "plural":"singillar"},
{"singular":"singilni", "plural":"singillarni"},
{"singular":"singilning", "plural":"singillarning"},
{"singular":"singilniki", "plural":"singillarniki"},
{"singular":"singilga", "plural":"singillarga"},
{"singular":"singilda", "plural":"singillarda"},
{"singular":"singildan", "plural":"singillardan"},
{"singular":"opa-singil", "plural":"opa-singillar"},
{"singular":"opa-singilni", "plural":"opa-singillarni"},
{"singular":"opa-singilning", "plural":"opa-singillarning"},
{"singular":"opa-singilniki", "plural":"opa-singillarniki"},
{"singular":"opa-singilga", "plural":"opa-singillarga"},
{"singular":"opa-singilda", "plural":"opa-singillarda"},
{"singular":"opa-singildan", "plural":"opa-singillardan"}
],
"masculine": [
{"singular":"erkak", "plural":"erkaklar"},
{"singular":"erkakni", "plural":"erkaklarni"},
{"singular":"erkakning", "plural":"erkaklarning"},
{"singular":"erkakniki", "plural":"erkaklarniki"},
{"singular":"erkakka", "plural":"erkaklarga"},
{"singular":"erkakda", "plural":"erkaklarda"},
{"singular":"erkakdan", "plural":"erkaklardan"},
{"singular":"erkak kishi", "plural":"erkak kishilar"},
{"singular":"erkak kishini", "plural":"erkak kishilarni"},
{"singular":"erkak kishining", "plural":"erkak kishilarning"},
{"singular":"erkak kishiniki", "plural":"erkak kishilarniki"},
{"singular":"erkak kishiga", "plural":"erkak kishilarga"},
{"singular":"erkak kishida", "plural":"erkak kishilarda"},
{"singular":"erkak kishidan", "plural":"erkak kishilardan"},
{"singular":"aka", "plural":"akalar"},
{"singular":"akani", "plural":"akalarni"},
{"singular":"akaning", "plural":"akalarning"},
{"singular":"akaniki", "plural":"akalarniki"},
{"singular":"akaga", "plural":"akalarga"},
{"singular":"akada", "plural":"akalarda"},
{"singular":"akadan", "plural":"akalardan"},
{"singular":"yigit", "plural":"yigitlar"},
{"singular":"yigitni", "plural":"yigitlarni"},
{"singular":"yigitning", "plural":"yigitlarning"},
{"singular":"yigitniki", "plural":"yigitlarniki"},
{"singular":"yigitga", "plural":"yigitlarga"},
{"singular":"yigitda", "plural":"yigitlarda"},
{"singular":"yigitdan", "plural":"yigitlardan"},
{"singular":"oʻgʻil", "plural":"oʻgʻillar"},
{"singular":"oʻgʻilni", "plural":"oʻgʻillarni"},
{"singular":"oʻgʻilning", "plural":"oʻgʻillarning"},
{"singular":"oʻgʻilniki", "plural":"oʻgʻillarniki"},
{"singular":"oʻgʻilga", "plural":"oʻgʻillarga"},
{"singular":"oʻgʻilda", "plural":"oʻgʻillarda"},
{"singular":"oʻgʻildan", "plural":"oʻgʻillardan"},
{"singular":"oʻgʻil bola", "plural":"oʻgʻil bolalar"},
{"singular":"oʻgʻil bolani", "plural":"oʻgʻil bolalarni"},
{"singular":"oʻgʻil bolaning", "plural":"oʻgʻil bolalarning"},
{"singular":"oʻgʻil bolaniki", "plural":"oʻgʻil bolalarniki"},
{"singular":"oʻgʻil bolaga", "plural":"oʻgʻil bolalarga"},
{"singular":"oʻgʻil bolada", "plural":"oʻgʻil bolalarda"},
{"singular":"oʻgʻil boladan", "plural":"oʻgʻil bolalardan"},
{"singular":"ota", "plural":"otalar"},
{"singular":"otani", "plural":"otalarni"},
{"singular":"otaning", "plural":"otalarning"},
{"singular":"otaniki", "plural":"otalarniki"},
{"singular":"otaga", "plural":"otalarga"},
{"singular":"otada", "plural":"otalarda"},
{"singular":"otadan", "plural":"otalardan"},
{"singular":"dada", "plural":"dadalar"},
{"singular":"dadani", "plural":"dadalarni"},
{"singular":"dadaning", "plural":"dadalarning"},
{"singular":"dadaniki", "plural":"dadalarniki"},
{"singular":"dadaga", "plural":"dadalarga"},
{"singular":"dadada", "plural":"dadalarda"},
{"singular":"dadadan", "plural":"dadalardan"},
{"singular":"er", "plural":"erlar"},
{"singular":"erni", "plural":"erlarni"},
{"singular":"erning", "plural":"erlarning"},
{"singular":"erniki", "plural":"erlarniki"},
{"singular":"erga", "plural":"erlarga"},
{"singular":"erda", "plural":"erlarda"},
{"singular":"erdan", "plural":"erlardan"},
{"singular":"bobo", "plural":"bobolar"},
{"singular":"boboni", "plural":"bobolarni"},
{"singular":"boboning", "plural":"bobolarning"},
{"singular":"boboniki", "plural":"bobolarniki"},
{"singular":"boboga", "plural":"bobolarga"},
{"singular":"boboda", "plural":"bobolarda"},
{"singular":"bobodan", "plural":"bobolardan"},
{"singular":"bobojon", "plural":"bobojonlar"},
{"singular":"bobojonni", "plural":"bobojonlarni"},
{"singular":"bobojonning", "plural":"bobojonlarning"},
{"singular":"bobojonniki", "plural":"bobojonlarniki"},
{"singular":"bobojonga", "plural":"bobojonlarga"},
{"singular":"bobojonda", "plural":"bobojonlarda"},
{"singular":"bobojondan", "plural":"bobojonlardan"},
{"singular":"uka", "plural":"ukalar"},
{"singular":"ukani", "plural":"ukalarni"},
{"singular":"ukaning", "plural":"ukalarning"},
{"singular":"ukaniki", "plural":"ukalarniki"},
{"singular":"ukaga", "plural":"ukalarga"},
{"singular":"ukada", "plural":"ukalarda"},
{"singular":"ukadan", "plural":"ukalardan"},
{"singular":"aka-uka", "plural":"aka-ukalar"},
{"singular":"aka-ukani", "plural":"aka-ukalarni"},
{"singular":"aka-ukaning", "plural":"aka-ukalarning"},
{"singular":"aka-ukaniki", "plural":"aka-ukalarniki"},
{"singular":"aka-ukaga", "plural":"aka-ukalarga"},
{"singular":"aka-ukada", "plural":"aka-ukalarda"},
{"singular":"aka-ukadan", "plural":"aka-ukalardan"}
],
"unspecified": [
{"singular":"yakka shaxs", "plural":"yakka shaxslar"},
{"singular":"yakka shaxsni", "plural":"yakka shaxslarni"},
{"singular":"yakka shaxsning", "plural":"yakka shaxslarning"},
{"singular":"yakka shaxsniki", "plural":"yakka shaxslarniki"},
{"singular":"yakka shaxsga", "plural":"yakka shaxslarga"},
{"singular":"yakka shaxsda", "plural":"yakka shaxslarda"},
{"singular":"yakka shaxsdan", "plural":"yakka shaxslardan"},
{"singular":"kishi", "plural":"kishilar"},
{"singular":"kishini", "plural":"kishilarni"},
{"singular":"kishining", "plural":"kishilarning"},
{"singular":"kishiniki", "plural":"kishilarniki"},
{"singular":"kishiga", "plural":"kishilarga"},
{"singular":"kishida", "plural":"kishilarda"},
{"singular":"kishidan", "plural":"kishilardan"},
{"singular":"bola", "plural":"bolalar"},
{"singular":"bolani", "plural":"bolalarni"},
{"singular":"bolaning", "plural":"bolalarning"},
{"singular":"bolaniki", "plural":"bolalarniki"},
{"singular":"bolaga", "plural":"bolalarga"},
{"singular":"bolada", "plural":"bolalarda"},
{"singular":"boladan", "plural":"bolalardan"},
{"singular":"ota-ona", "plural":"ota-onalar"},
{"singular":"ota-onani", "plural":"ota-onalarni"},
{"singular":"ota-onaning", "plural":"ota-onalarning"},
{"singular":"ota-onaniki", "plural":"ota-onalarniki"},
{"singular":"ota-onaga", "plural":"ota-onalarga"},
{"singular":"ota-onada", "plural":"ota-onalarda"},
{"singular":"ota-onadan", "plural":"ota-onalardan"},
{"singular":"farzand", "plural":"farzandlar"},
{"singular":"farzandni", "plural":"farzandlarni"},
{"singular":"farzandning", "plural":"farzandlarning"},
{"singular":"farzandniki", "plural":"farzandlarniki"},
{"singular":"farzandga", "plural":"farzandlarga"},
{"singular":"farzandda", "plural":"farzandlarda"},
{"singular":"farzanddan", "plural":"farzandlardan"},
{"singular":"turmush oʻrtoq", "plural":"turmush oʻrtoqlar"},
{"singular":"turmush oʻrtoqni", "plural":"turmush oʻrtoqlarni"},
{"singular":"turmush oʻrtoqning", "plural":"turmush oʻrtoqlarning"},
{"singular":"turmush oʻrtoqniki", "plural":"turmush oʻrtoqlarniki"},
{"singular":"turmush oʻrtoqqa", "plural":"turmush oʻrtoqlarga"},
{"singular":"turmush oʻrtoqda", "plural":"turmush oʻrtoqlarda"},
{"singular":"turmush oʻrtoqdan", "plural":"turmush oʻrtoqlardan"},
{"singular":"rafiqa", "plural":"rafiqalar"},
{"singular":"rafiqani", "plural":"rafiqalarni"},
{"singular":"rafiqaning", "plural":"rafiqalarning"},
{"singular":"rafiqaniki", "plural":"rafiqalarniki"},
{"singular":"rafiqaga", "plural":"rafiqalarga"},
{"singular":"rafiqada", "plural":"rafiqalarda"},
{"singular":"rafiqadan", "plural":"rafiqalardan"},
{"singular":"qardosh", "plural":"qardoshlar"},
{"singular":"qardoshni", "plural":"qardoshlarni"},
{"singular":"qardoshning", "plural":"qardoshlarning"},
{"singular":"qardoshniki", "plural":"qardoshlarniki"},
{"singular":"qardoshga", "plural":"qardoshlarga"},
{"singular":"qardoshda", "plural":"qardoshlarda"},
{"singular":"qardoshdan", "plural":"qardoshlardan"},
{"singular":"faxriy", "plural":"faxriylar"},
{"singular":"faxriyni", "plural":"faxriylarni"},
{"singular":"faxriyning", "plural":"faxriylarning"},
{"singular":"faxriyniki", "plural":"faxriylarniki"},
{"singular":"faxriyga", "plural":"faxriylarga"},
{"singular":"faxriyda", "plural":"faxriylarda"},
{"singular":"faxriydan", "plural":"faxriylardan"},
{"singular":"veteran", "plural":"veteranlar"},
{"singular":"veteranni", "plural":"veteranlarni"},
{"singular":"veteranning", "plural":"veteranlarning"},
{"singular":"veteranniki", "plural":"veteranlarniki"},
{"singular":"veteranga", "plural":"veteranlarga"},
{"singular":"veteranda", "plural":"veteranlarda"},
{"singular":"veterandan", "plural":"veteranlardan"}
]
}
