{
"feminine": [
{"singular":"đàn bà", "plural":"đàn bà"},
{"singular":"phụ nữ", "plural":"phụ nữ"},
{"singular":"con mụ", "plural":"con mụ"},
{"singular":"thị", "plural":"thị"},
{"singular":"quý cô", "plural":"quý cô"},
{"singular":"quý bà", "plural":"quý bà"},
{"singular":"cô gái", "plural":"các cô gái"},
{"singular":"con gái", "plural":"con gái"},
{"singular":"cô bé", "plural":"các cô bé"},
{"singular":"thiếu nữ", "plural":"các thiếu nữ"},
{"singular":"mẹ", "plural":"mẹ"},
{"singular":"má", "plural":"má"},
{"singular":"mạ", "plural":"mạ"},
{"singular":"bầm", "plural":"bầm"},
{"singular":"bu", "plural":"bu"},
{"singular":"u", "plural":"u"},
{"singular":"mế", "plural":"mế"},
{"singular":"phụ mẫu", "plural":"phụ mẫu"},
{"singular":"vợ", "plural":"vợ"},
{"singular":"bà xã", "plural":"bà xã"},
{"singular":"phu nhân", "plural":"phu nhân"},
{"singular":"bà nội", "plural":"bà nội"},
{"singular":"bà ngoại", "plural":"bà ngoại"},
{"singular":"ngoại", "plural":"ngoại"},
{"singular":"chị gái", "plural":"chị gái"},
{"singular":"chị", "plural":"chị"},
{"singular":"em gái", "plural":"em gái"}
],
"masculine": [
{"singular":"đàn ông", "plural":"đàn ông"},
{"singular":"người anh em", "plural":"người anh em"},
{"singular":"anh chàng", "plural":"anh chàng"},
{"singular":"thằng cha", "plural":"thằng cha"},
{"singular":"gã", "plural":"gã"},
{"singular":"thằng", "plural":"thằng"},
{"singular":"cậu bé", "plural":"cậu bé"},
{"singular":"cậu nhóc", "plural":"cậu nhóc"},
{"singular":"thằng bé", "plural":"thằng bé"},
{"singular":"thằng nhóc", "plural":"thằng nhóc"},
{"singular":"con trai", "plural":"con trai"},
{"singular":"ba", "plural":"ba"},
{"singular":"bố", "plural":"bố"},
{"singular":"cha", "plural":"cha"},
{"singular":"tía", "plural":"tía"},
{"singular":"thầy", "plural":"thầy"},
{"singular":"phụ thân", "plural":"phụ thân"},
{"singular":"chồng", "plural":"chồng"},
{"singular":"ông xã", "plural":"ông xã"},
{"singular":"phu quân", "plural":"phu quân"},
{"singular":"anh xã", "plural":"anh xã"},
{"singular":"ông nội", "plural":"ông nội"},
{"singular":"ông ngoại", "plural":"ông ngoại"},
{"singular":"nội", "plural":"nội"},
{"singular":"ngoại", "plural":"ngoại"},
{"singular":"anh trai", "plural":"anh trai"},
{"singular":"anh", "plural":"anh"},
{"singular":"em trai", "plural":"em trai"}
],
"unspecified": [
{"singular":"cá nhân", "plural":"cá nhân"},
{"singular":"cá thể", "plural":"cá thể"},
{"singular":"người", "plural":"người"},
{"singular":"trẻ con", "plural":"trẻ con"},
{"singular":"trẻ nhỏ", "plural":"trẻ nhỏ"},
{"singular":"em nhỏ", "plural":"em nhỏ"},
{"singular":"em bé", "plural":"em bé"},
{"singular":"con nít", "plural":"đứa trẻ"},
{"singular":"đứa trẻ", "plural":"con nít"},
{"singular":"phụ huynh", "plural":"phụ huynh"},
{"singular":"cha", "plural":"cha mẹ"},
{"singular":"bố", "plural":"bố mẹ"},
{"singular":"ba", "plural":"ba mẹ"},
{"singular":"tía", "plural":"tía má"},
{"singular":"mẹ", "plural":"bố mẹ"},
{"singular":"má", "plural":"ba má"},
{"singular":"đứa trẻ", "plural":"đứa trẻ"},
{"singular":"đứa bé", "plural":"đứa bé"},
{"singular":"con", "plural":"con cái"},
{"singular":"chồng", "plural":"chồng"},
{"singular":"vợ", "plural":"vợ"},
{"singular":"bạn đời", "plural":"bạn đời"},
{"singular":"ông", "plural":"ông bà"},
{"singular":"bà", "plural":"ông bà"},
{"singular":"em", "plural":"anh chị em"},
{"singular":"cựu chiến binh", "plural":"cựu chiến binh"},
{"singular":"cựu binh", "plural":"cựu binh"}
]
}
