{
"feminine": [
{"singular":"女性", "plural":"女性"},
{"singular":"女人", "plural":"女人"},
{"singular":"女子", "plural":"女子"},
{"singular":"女士", "plural":"女士"},
{"singular":"女仔", "plural":"女仔"},
{"singular":"女孩子", "plural":"女孩子"},
{"singular":"母親", "plural":"母親"},
{"singular":"媽媽", "plural":"媽媽"},
{"singular":"媽咪", "plural":"媽咪"},
{"singular":"老媽子", "plural":"老媽子"},
{"singular":"阿媽", "plural":"阿媽"},
{"singular":"囡", "plural":"囡"},
{"singular":"阿女", "plural":"阿女"},
{"singular":"囡囡", "plural":"囡囡"},
{"singular":"女兒", "plural":"女兒"},
{"singular":"老婆", "plural":"老婆"},
{"singular":"妻子", "plural":"妻子"},
{"singular":"太太", "plural":"太太"},
{"singular":"婆婆", "plural":"婆婆"},
{"singular":"嫲嫲", "plural":"嫲嫲"},
{"singular":"外婆", "plural":"外婆"},
{"singular":"祖母", "plural":"外祖母"},
{"singular":"阿嫲", "plural":"阿嫲"},
{"singular":"阿婆", "plural":"阿婆"},
{"singular":"細妹", "plural":"細妹"},
{"singular":"妹妹", "plural":"妹妹"},
{"singular":"阿妹", "plural":"阿妹"},
{"singular":"妹", "plural":"妹"},
{"singular":"家姐", "plural":"家姐"},
{"singular":"姐姐", "plural":"姐姐"},
{"plural":"姊妹"}
],
"masculine": [
{"singular":"男子", "plural":"男子"},
{"singular":"男人", "plural":"男人"},
{"singular":"男性", "plural":"男性"},
{"singular":"兄弟", "plural":"兄弟"},
{"singular":"大佬", "plural":"大佬"},
{"singular":"友仔", "plural":"友仔"},
{"singular":"條友", "plural":"條友"},
{"singular":"男仔", "plural":"男仔"},
{"singular":"男孩子", "plural":"男孩子"},
{"singular":"父親", "plural":"父親"},
{"singular":"爸爸", "plural":"爸爸"},
{"singular":"老豆", "plural":"老豆"},
{"singular":"阿爸", "plural":"阿爸"},
{"singular":"爹哋", "plural":"爹哋"},
{"singular":"仔", "plural":"仔"},
{"singular":"兒子", "plural":"兒子"},
{"singular":"囝囝", "plural":"囝囝"},
{"singular":"老公", "plural":"老公"},
{"singular":"丈夫", "plural":"丈夫"},
{"singular":"先生", "plural":"先生"},
{"singular":"祖父", "plural":"祖父"},
{"singular":"外祖父", "plural":"外祖父"},
{"singular":"外公", "plural":"外公"},
{"singular":"爺爺", "plural":"爺爺"},
{"singular":"公公", "plural":"公公"},
{"singular":"阿公", "plural":"阿公"},
{"singular":"阿爺", "plural":"阿爺"},
{"singular":"細佬", "plural":"細佬"},
{"singular":"弟弟", "plural":"弟弟"},
{"singular":"哥哥", "plural":"哥哥"},
],
"unspecified": [
{"singular":"個體", "plural":"個體"},
{"singular":"個人", "plural":"個人"},
{"singular":"人", "plural":"人"},
{"singular":"人士", "plural":"人士"},
{"singular":"小朋友", "plural":"小朋友"},
{"singular":"細蚊仔", "plural":"細蚊仔"},
{"singular":"塞豆窿", "plural":"塞豆窿"},
{"singular":"細路", "plural":"細路"},
{"singular":"細路仔", "plural":"細路仔"},
{"singular":"細路哥", "plural":"細路哥"},
{"singular":"兒童", "plural":"兒童"},
{"singular":"小童", "plural":"小童"},
{"singular":"仔女", "plural":"仔女"},
{"singular":"父母", "plural":"父母"},
{"singular":"爸爸媽媽", "plural":"爸爸媽媽"},
{"singular":"阿爸阿媽", "plural":"阿爸阿媽"},
{"singular":"家長", "plural":"家長"},
{"singular":"配偶", "plural":"配偶"},
{"singular":"伴侶", "plural":"伴侶"},
{"singular":"外公外婆", "plural":"外公外婆"},
{"singular":"祖父祖母", "plural":"祖父祖母"},
{"singular":"外祖父外祖母", "plural":"外祖父外祖母"},
{"singular":"爺爺嫲嫲", "plural":"爺爺嫲嫲"},
{"singular":"阿爺阿嫲", "plural":"阿爺阿嫲"},
{"singular":"阿公阿婆", "plural":"阿公阿婆"},
{"singular":"兄弟姊妹", "plural":"兄弟姊妹"},
{"singular":"手足", "plural":"手足"},
{"singular":"老兵", "plural":"老兵"},
{"singular":"退伍軍人", "plural":"退伍軍人"},
{"singular":"老手", "plural":"老手"},
{"singular":"退役軍人", "plural":"退役軍人"}
]
}
