{
"feminine": [
{"singular":"owesifazane", "plural":"abesifazane"},
{"singular":"umfazi", "plural":"abafazi"},
{"singular":"inina", "plural":"amanina"},
{"singular":"inkosikazi", "plural":"amakhosikazi"},
{"singular":"iledi", "plural":"amaledi"},
{"singular":"imesisi", "plural":"omesisi"},
{"singular":"intombazane", "plural":"amantombazane"},
{"singular":"intombi", "plural":"izintombi"},
{"singular":"itshitshi", "plural":"amatshitshi"},
{"singular":"inkehli", "plural":"izinkehli"},
{"singular":"umame", "plural":"omame"},
{"singular":"unina", "plural":"onina"},
{"singular":"unyoko", "plural":"onyoko"},
{"singular":"uma", "plural":"oma"},
{"singular":"indodakazi", "plural":"amadodakazi"},
{"singular":"inkosazane", "plural":"amakhosazane"},
{"singular":"umakoti", "plural":"omakoti"},
{"plural":"abalobokazi"},
{"singular":"umka-"},
{"singular":"ugogo", "plural":"ogogo"},
{"singular":"ukhulu", "plural":"okhulu"},
{"singular":"isalukazi", "plural":"izalukazi"},
{"singular":"umakhulu", "plural":"omakhulu"},
{"singular":"udadewethu", "plural":"odadewethu"},
{"plural":"amantombazane akwethu"},
{"singular":"udadewenu", "plural":"odadewenu"},
{"plural":"amantombazane akwenu"},
{"singular":"udade wakwenye indlu", "plural":"odade bakwenye indlu"},
{"singular":"udade ofika ngokuganana kwabazali", "plural":"odade abafika ngokuganana kwabazali"},
{"singular":"udade", "plural":"odade"}
],
"masculine": [
{"singular":"indoda", "plural":"amadoda"},
{"singular":"umufo", "plural":"abafowethu"},
{"singular":"umfowethu", "plural":"abafowethu"},
{"singular":"umnewethu", "plural":"abanewethu"},
{"plural":"abakhuluwe"},
{"singular":"umfana wakwethu", "plural":"abafana bakwethu"},
{"singular":"umzalwane", "plural":"abazalwane"},
{"singular":"umufo", "plural":"abafo"},
{"singular":"umfana", "plural":"abafana"},
{"singular":"ibhungu", "plural":"amabhungu"},
{"singular":"udibi"},
{"singular":"isisebenzi", "plural":"izisebenzi"},
{"singular":"umzali wesilisa", "plural":"abazali besilisa"},
{"singular":"ubaba", "plural":"obaba"},
{"singular":"uyise", "plural":"oyise"},
{"singular":"uyihlo", "plural":"oyihlo"},
{"singular":"ubabana", "plural":"obabana"},
{"singular":"indodana", "plural":"amadodana"},
{"plural":"abafana"},
{"plural":"abafo baka-"},
{"singular":"umyeni", "plural":"abayeni"},
{"singular":"ubabamkhulu", "plural":"obabamkhulu"},
{"singular":"uyihlomkhulu", "plural":"oyihlomkhulu"},
{"singular":"uyisemkhulu", "plural":"oyisemkhulu"},
{"singular":"umzalwane"}
],
"unspecified": [
{"singular":"-nye", "plural":"-nye"},
{"singular":"-dwa", "plural":"-dwa"},
{"singular":"umuntu", "plural":"abantu"},
{"singular":"umfanyana", "plural":"abafanyana"},
{"singular":"intombazanyana", "plural":"amantombazanyana"},
{"singular":"umzali", "plural":"abazali"},
{"singular":"ingane", "plural":"izingane"},
{"singular":"umntwana", "plural":"abantwana"},
{"singular":"oshadene na-", "plural":"abashadene na-"},
{"plural":"abaganene na-"},
{"singular":"umkhulu", "plural":"omkhulu"},
{"plural":"okhulukhulwane"},
{"singular":"ukhokho", "plural":"okhokho"},
{"singular":"ukogo", "plural":"okoko"},
{"singular":"ozalana na-", "plural":"abazalana na-"},
{"singular":"umakadebona", "plural":"omakadebona"},
{"plural":"abaphekekile"},
{"plural":"abamkantshubomvu"},
{"singular":"omdala emsebenzini", "plural":"abadala emsebenzini"},
{"singular":"olwe empini", "plural":"abalwe empini"}
]
}
